path	size_bytes	sha256
client-lua/android/resources/lua/city/WndOwnCity.lua	104272	3e22e76049795822990769d75e5a90aec04edeff0511fae36820095b1f8752b8
client-lua/android/resources_vn/lua/LocalData.lua	1466653	e3f7b032df18b67e75bd7ee11155eb344461d5b56a39364079ebb005bb360f15
client-lua/android/resources_vn/lua/LocalData2.lua	5256606	1cbaea1f3c2fd3ad20d625b9a43c35a13b7c7b036a209aa0c0ed3256afdcbca4
client-lua/android/resources_vn/lua/LocalData3.lua	3277218	5affae79e73fa5d14b4c9600b220c51d2142593a6fff5d7aea150f39e006cdaf
client-lua/android/resources_vn/lua/LocalData4.lua	119701	8c83a9dfded8bb8e203fb58b3ecd0a4c8028231ca73a732a8b9b2ff8bb1fa0fd
client-lua/android/resources_vn/lua/LocalStrings.lua	561217	da00f3309d0b8b4cea53ab5b6731a0d99e9797e1648658ca8922b0d1e4a9207f
client-lua/ios/resources/dat/AutoRunBattle.lua	33195	43d77b61deb2a90a118df9b8a811fbad09808a2baaa44a8151bd4837774d767d
client-lua/ios/resources/dat/PreLoadFiles.lua	9275	cc51279911dcae101605bcf7d2ee1f9591157790da1679960dee8abdacc4d522
client-lua/ios/resources/dat/ProjConfig.lua	13272	bbc030496d62c5313bad513549a5bbf9fe462ee96213b8bc18a66d2fefb22677
client-lua/ios/resources/dat/Regexp.lua	3250	69b79d9837deed9c0f877f7926507180210f06b326556fbda6d712ad56903b3f
client-lua/ios/resources/dat/SettingManager.lua	9328	0611b7fcd127ba038cd5a980c74d9c83736eabb64ae3f6309cb5d1ec3f69580e
client-lua/ios/resources/dat/WGCacheFileList.lua	19	63350e5c44dc11a4ea7d76e2e6c967b5df036a9667059df18d614f2805aa2cc9
client-lua/ios/resources/dat/WGTextureFormatMapping.lua	18401	b5fd0766dee8e60f2cde5c56a9b8665a4c95b65b7e7b35992ecba06b97b6fc80
client-lua/ios/resources/dat/account/CellActorInfo.lua	2746	b1b754bb3c3485036f51abecff4e3b15d6414bd4499cd15ebf0fe662d16d5bdf
client-lua/ios/resources/dat/account/CellActorInfoData.lua	1730	ff8e03d78b7044e174d6fcec414a3a5577b8ffb91aa41b615f57e07318012c45
client-lua/ios/resources/dat/account/SceneCreateActor.lua	21811	023cffa87276c6e524247d7045d9328a92a4349ff4c159c1f8caa9071c840fd6
client-lua/ios/resources/dat/account/SceneCreateActorData.lua	2075	2d92dd8477948a438b8535886f1aaed3bb1792b57efa87671bf48d5d47d3d84a
client-lua/ios/resources/dat/account/SceneLogin.lua	45971	db05b7efc28e4caaff8b003e4e255311c064ae04a096e7bb97cd7654dc984df9
client-lua/ios/resources/dat/account/SceneLoginData.lua	1986	4f20c5e269455e4942e347648598eac5a9ae596e69127576a54196a7e09cfc7b
client-lua/ios/resources/dat/account/SceneSelectActor.lua	9198	0ffe2496c391df0de1e9f1d4f9f13a8ee4f62e5607ac83268275df77b4a3f550
client-lua/ios/resources/dat/account/SceneSelectActorData.lua	2569	a431eaaded39f072ad9eb58c654ab299f1902654756e650131d11a8e3efa65a4
client-lua/ios/resources/dat/account/WndChangeAccount.lua	9397	52b9c7c6c682e6520b7aad0d292b489ccb0dc1cdc265f4f3ba89f1e996c80557
client-lua/ios/resources/dat/account/WndChangeAccountData.lua	1855	13393afaa43f93a72dfaa08c109be83ee57b499460835fe741a4ac6f23e65fef
client-lua/ios/resources/dat/account/WndExistAccount.lua	9196	e67bf4b93c7ed309a8830f6e9e9ce34fa4bbd17b7ffb33fe2926338726bfbd6a
client-lua/ios/resources/dat/account/WndExistAccountData.lua	1462	620dad985c235036f8cfd7f9acc65de56a45e8117c03c1415c5500d941cff445
client-lua/ios/resources/dat/account/WndExistAccountLoginTip.lua	4647	91ffd6f49e63357f8702710e406fb0016fbd42cb3a2179267a500f2eb68ca994
client-lua/ios/resources/dat/account/WndExistAccountLoginTipData.lua	1416	0c3d9d4f0957c2525891619c64fc3bfeab21bf1ec8a56a85f42ed5fe5812c6ff
client-lua/ios/resources/dat/account/WndFindbackPsw.lua	5187	fb66788316a6e4cab9d359d5642c76a75f655c35feaef92261cb40d3f7ae4e93
client-lua/ios/resources/dat/account/WndFindbackPswData.lua	1986	16164e3719c83efa7498166078057e093397e007bd5eacd60975a9df850406e2
client-lua/ios/resources/dat/account/WndRegister.lua	24868	ad458aefc97daaef76bde291902ccc2a411c41dab7a4e52c3e7fdcb21660d670
client-lua/ios/resources/dat/account/WndRegisterData.lua	2182	fe20698d243dbe4227342c4fabac2ee76fde969a2b6282d6b4c578f8b71faf33
client-lua/ios/resources/dat/animationPlayer/AnimationParser.lua	7013	9b03a1f75640051fea36ccee1380c6a008991b00e3211f6f4eb4b307a19059c0
client-lua/ios/resources/dat/animationPlayer/AnimationPlayer.lua	3831	7c821660d8e7a7e5f5b8ce69617f14c4215c1a7a48ff4f7f54a82f8a5c2d4807
client-lua/ios/resources/dat/animationPlayer/Define.lua	1427	dace15c3ee580cde6b0cb5cd219519ec1ec080094675ebbc4c6ee49ea7ea87c9
client-lua/ios/resources/dat/animationPlayer/ElementFactory.lua	1051	d61f3587defc812f9cbbbfdd149238662e70f3c6f4a9e53231bb9814be0d1fbf
client-lua/ios/resources/dat/animationPlayer/Util.lua	1764	96949013f92a34b23692418c53f319b2b11aedeac5477950ebae3b583ceb7237
client-lua/ios/resources/dat/animationPlayer/propertySettter/CCNodePropertySetter.lua	2138	bb1faaca062099a6d36ddca986ecd414ba6372f84f7f9372c19edf0e0ce2e2c8
client-lua/ios/resources/dat/animationPlayer/propertySettter/CCParticlePropertySetter.lua	298	9bd031c24931a990833100a3803b2ee008eeae5bd33369c9de52f1635fb69981
client-lua/ios/resources/dat/animationPlayer/propertySettter/CCSpritePropertySetter.lua	2149	a3a1e23ac7cfac4f589ca260c0490fb44f532b88975b8a2a4e01c3bfe6fb9566
client-lua/ios/resources/dat/animationPlayer/propertySettter/PropertySetterFactory.lua	631	97220860df51bb2bc7e1418067ee6a8abf4ce81987de6c7c5f63a7cf5f59c9c6
client-lua/ios/resources/dat/animationPlayer/propertySettter/Scale9SpritePropertySetter.lua	1213	5bd4abbb63249b94bdf213a9e888fdcde05576facca9975a8d21da52c6c87cf7
client-lua/ios/resources/dat/animationPlayer/propertySettter/WydAnimPropertySetter.lua	1257	8071b492977dac121676930c75a5f2935a1b297fdbce78082382f9ddd01bbe8e
client-lua/ios/resources/dat/bag/CellCheckOther01.lua	30792	e7ee0da6e968c5b232e37bf7ed9d5f865530d3aa17a094498b214ff392a157a1
client-lua/ios/resources/dat/bag/CellCheckOther01Data.lua	2024	d5261df1b28f2e14a84c0f4429b7eeff424a94cc64f80131f50da80fd7753e52
client-lua/ios/resources/dat/bag/CellCheckOther1.lua	27371	a41bfdee57cf1a8cd73e101b7b4559ae7ed8d0078b433f063d18ec64fcff62bb
client-lua/ios/resources/dat/bag/CellCheckOther10.lua	9443	985559f57c03d2ff9dca36ee16cfe3250b7507f45792246e9bfee30a9b138480
client-lua/ios/resources/dat/bag/CellCheckOther10Data.lua	2210	c0757f1159713869cb3550be452c9f92785f9d35bd2a2ff76a175f068f2927b0
client-lua/ios/resources/dat/bag/CellCheckOther1Data.lua	1831	4db7bec1bbd3fc06c8434a76ce07932cafca0cc6838a0add90b45b49176a4c9e
client-lua/ios/resources/dat/bag/CellCheckOther2.lua	4892	7ba12148bd598adb97d57442d0a771b190f8925e88211a091b188a9033a8a032
client-lua/ios/resources/dat/bag/CellCheckOther2Data.lua	1889	a0b3eceb30d1882ff183f5be28df047f63f11b345f4d34e297764e431c0f001a
client-lua/ios/resources/dat/bag/CellCheckOther3.lua	21191	0d4bf3c594c552011787413f80011cf4bd9c2a849762da428d7f622465de86e3
client-lua/ios/resources/dat/bag/CellCheckOther3Data.lua	1837	2816b83291a2ea517247dda74d17122239f7b9a2f4ed8286c31ffc744cf79036
client-lua/ios/resources/dat/bag/CellCheckOther4.lua	12388	f50867fac5c5162050d71a5479aa942129987c62f15e6f3335305de8f28c092e
client-lua/ios/resources/dat/bag/CellCheckOther4Data.lua	1873	be5b4277c7e509750e3dee1f83ddccd299474adb77b66ee56c9aa7aff26dff3b
client-lua/ios/resources/dat/bag/CellCheckOther5.lua	17055	685bc06085b76aee38cbee7beb5045a23a28e3cd4b89f9dc2b33ffaaca2a5268
client-lua/ios/resources/dat/bag/CellCheckOther5Data.lua	1889	63888ea20ddc65f3c8b0e696ae50dac56a8d7b5d1da8cc5cda52f96df4b1fe56
client-lua/ios/resources/dat/bag/CellCheckOther6.lua	15656	b85b71001b12c90dd042cf4958b980d809cf4e8255b93c9bed95b141067c6e4d
client-lua/ios/resources/dat/bag/CellCheckOther6Data.lua	1889	bc2feeb87c423dfbc067238302caeb0255512d73101134077170d2c80ac5289a
client-lua/ios/resources/dat/bag/CellCheckOther7.lua	10887	a751f73daa1b359935d2ddab5c9acda5639b47f6798c0e0a536048189fadc1f2
client-lua/ios/resources/dat/bag/CellCheckOther7Data.lua	1873	9f3053a6a734614e7906ed586e8aa49f22f1e4aa9348582d1a092219a8a71ef1
client-lua/ios/resources/dat/bag/CellCheckOther8.lua	2078	bf5070bcdfb60d6664f5b7d22b08df097c50e7ad5c35bb01abc4237137395290
client-lua/ios/resources/dat/bag/CellCheckOther8Data.lua	1936	e3c6abd0b2decb47bc75a98072688546ec2d8ddc149741ded922f8f5fc985ce6
client-lua/ios/resources/dat/bag/CellCheckOther9.lua	5197	bd02d5592bedcfbffdd773d246f5667799f6ddad6849ba2db77bc0355031e6dd
client-lua/ios/resources/dat/bag/CellCheckOther9Data.lua	2031	6d8bfbed79a2f69c15612572c6663de4d9166e47021393114e61b459b05163c6
client-lua/ios/resources/dat/bag/CellCheckOtherBg.lua	3679	e1fe70f8fdc64cdd6843562549eb1e4e15c3d4b7b8673e445ffdbc02d0abd5e1
client-lua/ios/resources/dat/bag/CellCheckOtherBgData.lua	2211	7f201eb9077d44dc09927b0f6e761a3de6c765b2a41b75479886f1534ffccb35
client-lua/ios/resources/dat/bag/CellCheckOtherRune.lua	3190	17b244535523ab58b550a94be02b99cc406b1395938429d01f38b482f479b3ff
client-lua/ios/resources/dat/bag/CellCheckOtherRuneData.lua	1853	78cf5377a07614dd27456dc806dabfbc9ac80ac2bbd2ec95c735ef0f7dcdcac9
client-lua/ios/resources/dat/bag/CellDesignationOne.lua	5051	ffbf9f085a2d94b93ad78109590c36f36ee81420782aa0952d198cee2fbd6429
client-lua/ios/resources/dat/bag/CellDesignationOneData.lua	2885	e7ca3ca97c994ba3296bc4ca8c9cb1397c6a956b549fdffb68516b2f4f612f11
client-lua/ios/resources/dat/bag/CellDesignationThree.lua	9848	e62cf94d4944bbc2d013f3c92c87e034d96ea95d57781cb58d23ba629dc7eef9
client-lua/ios/resources/dat/bag/CellDesignationThreeData.lua	2510	1dafa5c91e87b661e2a062eca8f184b657288067731379ba2cd8e6dfd4b50b60
client-lua/ios/resources/dat/bag/CellDesignationTwo.lua	16403	21cf129c3ee63fd0347705e2377d1740ce9ca598efa0a711f2c913462f8a8f8e
client-lua/ios/resources/dat/bag/CellDesignationTwoData.lua	3272	ae9aa6b0eb3779fe2cc59965e013d80b418293f5c732fb5f25838e77c8758fb0
client-lua/ios/resources/dat/bag/CellDress.lua	25507	d5c1b467b5a122e259ee5025cbf46eb71bde6331f198f015d6d4f644ec57324e
client-lua/ios/resources/dat/bag/CellDressData.lua	3300	0f3d93cb7340ef78dd491147b1fab8ec41db86ce563e59d29bbad512d024750d
client-lua/ios/resources/dat/bag/CellGrid.lua	2804	e9e0908f32d2842cdc79c2c5d796f7614b809e32dd3563fc1ff00d22045215a3
client-lua/ios/resources/dat/bag/CellGridData.lua	2051	9293e90c9fe6f03f5c8c35ece17a57a449d356ec247d7a194dd605a9945584d3
client-lua/ios/resources/dat/bag/CellRecover.lua	2519	50b9cbcb00f5cff8d9bebab157687b35c476f7050fbcf2e11421544c5c1f7218
client-lua/ios/resources/dat/bag/CellRecoverData.lua	1787	3a8dde436a52e3b316219f82d22cbc6af9c981aa4bd8c0b6309a0b765108fe8e
client-lua/ios/resources/dat/bag/WndAchie.lua	5669	ef1bd9e2fb57c13faf4ebb7affbf5b1e4311b71ce2112d3d28a2df73119e8535
client-lua/ios/resources/dat/bag/WndAchieData.lua	1420	73149c34aeb3d3e884e21edb555818b17e149f240db85cdb0dda3371a28d7213
client-lua/ios/resources/dat/bag/WndBag.lua	30975	1a2d70447de023ff03a5da5e61db5f8256c0d5de7b422daf1333ddfee82e8eb3
client-lua/ios/resources/dat/bag/WndBagData.lua	4097	31be18a8ceaf780ffe31eccdf073d53048dbf7c1a6778debc0f9a364a8eca8fe
client-lua/ios/resources/dat/bag/WndBagMain.lua	15884	7e1594f0c4144c81bd892d132efd4de9196ea0a48a961a34ff335473a119a164
client-lua/ios/resources/dat/bag/WndBagMainData.lua	4158	8d75fa46ab49bff172dd410d92a5f3eff478806649011360c1fb50b7a21f0d35
client-lua/ios/resources/dat/bag/WndBagRole.lua	2576	1e35c4ea32f0bd133913b6d3969f8ce3555a2b5939c1f6e87783514e9c93fde1
client-lua/ios/resources/dat/bag/WndBagRoleData.lua	4192	b1d956f15ff84d5920cb75d0347a199648ec821bcbc7838c118dbdc26e34f6bc
client-lua/ios/resources/dat/bag/WndCheckOther.lua	71401	1ab28536846cfc2269879e5494f21d63dab94fbf481b33e799f340e274418721
client-lua/ios/resources/dat/bag/WndCheckOtherData.lua	19968	3a177ca58b33a3b94943aa1311be10e79357bdba60709cd2d7592b2254477575
client-lua/ios/resources/dat/bag/WndDesignationMain.lua	56698	e1af57d446fff0fa31b4ef04366a9a45b008b34cdb5852ff38e28005b2a8716c
client-lua/ios/resources/dat/bag/WndDesignationMainData.lua	4065	11a2637a662e979101a1b02cd64f47e8159662a0110ae9cf9240acda2814ddd5
client-lua/ios/resources/dat/bag/WndDressAttr.lua	18168	c82cb1c4e2a4c504690f01429c7f7719803e8784782011d82ac73466eec69c5e
client-lua/ios/resources/dat/bag/WndDressAttrData.lua	1365	c87640fa95fab01368d1324e363d334e8eca615f9e442022de9de16b6e48f874
client-lua/ios/resources/dat/bag/WndDressList.lua	18598	128b3b703a6e5c321cc702f15dda7cda7629e7fbf8f5f13597f511f8adb8a5b2
client-lua/ios/resources/dat/bag/WndDressListData.lua	2187	cf57a6764cb7f337a0c8a38017b93dfecce2a6f4a86d738f1339bb06ffa95d66
client-lua/ios/resources/dat/bag/WndDressSuit.lua	13426	d632b912671122ad053dcee11cdab6b182eb9e2d2923931e7f4e3b3d596f26ac
client-lua/ios/resources/dat/bag/WndDressSuitData.lua	4153	b2f99a9d6191de9c76522a402a31da52e8b55c1b23c6819806961853187c3881
client-lua/ios/resources/dat/bag/WndEquip.lua	16362	b022da850b653810d43b3964bfb735b0793475927de230385fcdf1d5cba37525
client-lua/ios/resources/dat/bag/WndEquipData.lua	13190	c6c4a4f9ca8f5338b1829b874c6748d967a044fdaad66c8cbd3562eae8b268cc
client-lua/ios/resources/dat/bag/WndEquipNew.lua	22281	992bb23eb54bb05276a381159b96304b77867c01209c502f3f579004e7cb131e
client-lua/ios/resources/dat/bag/WndEquipNewData.lua	13130	6a6929d2175c20b20c89de0d63b11f70786bf70943c1cd0bd50cf696cce1f252
client-lua/ios/resources/dat/bag/WndEquipRole.lua	954	672cd5b6d55095180f62f15b0db7c463583c7b1c1461f0687981345ebdf73dd7
client-lua/ios/resources/dat/bag/WndEquipRoleData.lua	1424	dbd9a185cc094c587df679ed88263afed57391fc5c315b576f0e6814e886b5e4
client-lua/ios/resources/dat/bag/WndExchangeExp.lua	6685	10a5a8b93300822205a3c9d36a94436412dcb09f983443ba5b0c31ec4ee1f231
client-lua/ios/resources/dat/bag/WndExchangeExpData.lua	3844	e651fa33d49c8c7c555478f79f6fb43a465499b93531e8a36e5b6aa878ddfcc8
client-lua/ios/resources/dat/bag/WndOpenChest.lua	17465	a675bcf7bbc6739fa7a4c54d94ae8e8b1fee60053c567e579c7d476fd80da680
client-lua/ios/resources/dat/bag/WndOpenChestData.lua	2903	4c55d8a7beb2c23641a8a743e5a98ef441362930c07c6f95b3c2006689d6a356
client-lua/ios/resources/dat/bag/WndPlayer.lua	29985	ea8be0516aa3f45de3765b248e242fefefcadc0cb2a3a99fc136ba95baac9b21
client-lua/ios/resources/dat/bag/WndPlayerData.lua	7081	a5d1b19c31530f6fc794937f6d8fcf32bc5e361d0131b4dc194e1ed3793db097
client-lua/ios/resources/dat/bag/WndPlayerInfo.lua	47304	aaaefc03fbbe30bc21ed6215bb533af73c5614480441ebbbe929a5ba42d42bc9
client-lua/ios/resources/dat/bag/WndPlayerInfoData.lua	9737	6feb01866707d158f4a23f289adad57a20b332c9a9ed4a7ba30e56af14d36ca9
client-lua/ios/resources/dat/bag/WndPropertyInfo.lua	27980	26d87705b707c0c3288c24c6a54d74449ecfbc2a149e54b89e9c5c68927c446a
client-lua/ios/resources/dat/bag/WndPropertyInfoData.lua	1496	020019d52dff3b9b64d3270581de3d5a0668a5c179899b270c9d58f9b3452347
client-lua/ios/resources/dat/bag/WndSell.lua	18240	9886a8941d2879095e6862ec4f0997b36c8cc806726336e2219d8bfc547bb295
client-lua/ios/resources/dat/bag/WndSellData.lua	4945	9e0429f01c7b0ff6b599d411e0a162c0ee293cc53b3691542ee1ccf3746d2d24
client-lua/ios/resources/dat/bag/WndSellList.lua	10041	00efc3f38209080a8d752bf68a6c682e34d1783958b02e199017692e357afab6
client-lua/ios/resources/dat/bag/WndSellListData.lua	3700	9cddccc44aebf34361ac3d1c71b73072e79c5258ef3d70e8618c20e25af5cd84
client-lua/ios/resources/dat/bag/WndSellNum.lua	4535	0a266f2ac71733c0fc34bcbfb5515f542b35baae8787baf3a21c2c63ce1ad1a9
client-lua/ios/resources/dat/bag/WndSellNumData.lua	2783	002457aa5e5bf116eb569bca941a36e4d3fe92dbbae46f2d75d5de619c58133b
client-lua/ios/resources/dat/bag/WndSynthesisLeft.lua	23261	cef4d2f15260ac6beadbc3812e1fe911fac510ccfd13feb7c8f5b006158d9221
client-lua/ios/resources/dat/bag/WndSynthesisLeftData.lua	2755	a4de8e5a7ae8bb7621adfdb41b9b01d5238f09ac87733d2dbb5f0e28a13f1261
client-lua/ios/resources/dat/bag/WndSynthesisRight.lua	12709	7e77e5ec6aff2da6eb8fc66d2bd7f7d5b0133c95ab45fbe200af6a38fe8dd1e9
client-lua/ios/resources/dat/bag/WndSynthesisRightData.lua	11253	55698f545f5fcb2afeb23761a9a9a34eb2d771fbf11703abb9cf16e5f0967c61
client-lua/ios/resources/dat/bag/WndTips.lua	191312	665f42900f08fddde0986325308f3804478f7ae8bcb7e46d77e64b41607fcf5f
client-lua/ios/resources/dat/bag/WndTipsData.lua	2693	966773cc9b69c7b132f8b248e6aff58eeccbea5fa14b6fb1521423e4195e4872
client-lua/ios/resources/dat/bag/Wnddyeing.lua	25445	051912a76aa7fb1f1dd1fb36567a29f46b44e0d3977e862f326fd67d80b16091
client-lua/ios/resources/dat/bag/WnddyeingData.lua	1733	666119277f2da768fc3891948d8b58effbccddf417eaeef62b0316f0f6b33c83
client-lua/ios/resources/dat/bag/Wndwardrobe.lua	17587	4b1de072f9811432e32e85467271808b7734d7152aeffe582ab1598949814e59
client-lua/ios/resources/dat/bag/WndwardrobeData.lua	2770	9ff3d5b19eecad88e9572ece03b3722bd4ea98b652da68d0df6c487011fec3d4
client-lua/ios/resources/dat/battle/BattleActionManager.lua	1429	9bde65d9b4122ca1f00f9839b1a08f5ddc5342945b65af4fd1745f2a84a3fafd
client-lua/ios/resources/dat/battle/BattleAiCtrl.lua	56597	dd3860895e43e70630684ec4065195c9fcc7079a95d3368a4d4c3154acb51136
client-lua/ios/resources/dat/battle/BattleAiCtrlHelper.lua	13565	3d330311cf962a5bac0d7cec1495fc7693d919e68d2c696bcec92b20be91ce61
client-lua/ios/resources/dat/battle/BattleAiCtrlInterface.lua	14832	9eb8c813cb4c598449341300db7d4935c5c733ff085a09756235baa5c0b9d21f
client-lua/ios/resources/dat/battle/BattleAnimation.lua	20536	1cfac4e530791b95b096eccf403de56af1b92acf16a9c538ba1406e48d966e2d
client-lua/ios/resources/dat/battle/BattleAudienceManager.lua	6614	f9f71bc6ca638674f2198de227f1ce7159ea5f103d93496ab72ed508e9d5dc10
client-lua/ios/resources/dat/battle/BattleBuffMethod.lua	8878	7c83e21663904ccaf406f9129dfc42436098cf7082a659faa498eb108ea36d6e
client-lua/ios/resources/dat/battle/BattleChooseMethod.lua	4052	ac53de8dd5340566a39d858b2ed9913d95e2f9485875d6c0bd247980b65cb45f
client-lua/ios/resources/dat/battle/BattleCommon.lua	32711	24f01f92b15660e0e4f87594c099b53303717f4f199cd1b8e84c1f85b9de7eab
client-lua/ios/resources/dat/battle/BattleConstants.lua	5837	b580829a5d55d1ba7888d87962ff6b93382777e4fa7b7242852bdd867734573c
client-lua/ios/resources/dat/battle/BattleCtbManager.lua	28584	7f2a81ae0cc6af30dfd9be1b2da43f46dac19f4f33e3936ddda0110cbcb52c71
client-lua/ios/resources/dat/battle/BattleEffect.lua	12429	2659b7f69a083ab304a14e9ea98635700fc768b88e13f6d21afa18a7f0245fb9
client-lua/ios/resources/dat/battle/BattleEffectManager.lua	3853	6924da7cdb3ad2edd61de503620bf3c815f3c82329458cec893ffd37f50be8dd
client-lua/ios/resources/dat/battle/BattleHeroName.lua	12247	83a85042393033fc800edb91704016d770a0be1a399da0c846ee5dc280be1223
client-lua/ios/resources/dat/battle/BattleHeroUse.lua	17720	4d210db4ad6c865da1512ab9b059bbc435644a7d496c07824275e8b9f2dadf03
client-lua/ios/resources/dat/battle/BattleLoop.lua	24872	20ac56d75510d40bf5074a37b11eddba961dfd6143e0c671531b674eb8fd672b
client-lua/ios/resources/dat/battle/BattleMapManager.lua	23619	8810f526969d496ead6ee2fb4fbfa4994786b231b2adddd45a29269f6e49b3a3
client-lua/ios/resources/dat/battle/BattleMoverPosition.lua	2163	91c1f1b2abf11fc9b42a66a57500ca9ee6dd49badb547d23085b8211de449677
client-lua/ios/resources/dat/battle/BattlePetSkillManager.lua	18832	0a78929a4e84e6b4d131a4f24d0a5a1e8b32f1296a6ed0079d2e82cff906a087
client-lua/ios/resources/dat/battle/BattlePlayerBigSkillAnim.lua	20971	b4d8ba13d4b082d9f46baf432b3e6d81bd5931332cb92e650c530bb1d27a6765
client-lua/ios/resources/dat/battle/BattlePointsLine.lua	32003	41175d094d3c9307e948158f4822b347d0e8209489f26d4e4ef33e353a36a378
client-lua/ios/resources/dat/battle/BattleScaleZoomAction.lua	1766	b0031262c5d1b3cbf4d0f11b386be3b8bb79dd8a1b4a7cf924e6333f737e885b
client-lua/ios/resources/dat/battle/BattleScreen.lua	11300	fe9641f7034abf94300b57056482dc2d6970725482356b037201c23bb42325b9
client-lua/ios/resources/dat/battle/BattleScreenControl.lua	20798	b538d1ce4dc3e92018a392ff922eb40c8d127c0fa518d0a1f0254f6b35aac18b
client-lua/ios/resources/dat/battle/BattleScreenMoveInertiaAction.lua	2392	f227f03370967a26938676a8dbf2c39b3cc92a16e96eb4a4cb3f14dc74a8e075
client-lua/ios/resources/dat/battle/BattleShowHeroUse.lua	18228	f5ce1753594e651b14495902312f4f132af081c569714d4a56da11b851f0ef29
client-lua/ios/resources/dat/battle/BattleTouch.lua	7256	e04301cb09eb87a6c7af704a54b81f65d4cc3218be12133eb6722aab25d0a82f
client-lua/ios/resources/dat/battle/BuffAnimManager.lua	6144	a4cf6ef9e014df17a0cdc59a127b7df410b6ea381706e1ade046073b431dfb31
client-lua/ios/resources/dat/battle/CellBattleCtb.lua	16511	44b9f25db83d2661154d6bbb2e0901e410fbfacba9175be6845d31d9ebd53729
client-lua/ios/resources/dat/battle/CellBattleCtbData.lua	4379	b046ad5c99ceadf69af0ca7d0463e40944f5b4c6f838710af43f0ae2c24d6c25
client-lua/ios/resources/dat/battle/CellBattleDialog.lua	11954	d92dabe7df95f45566f704a73a694c690a365e1e279f8089977c0efb06167de2
client-lua/ios/resources/dat/battle/CellBattleDialogData.lua	8336	4d264824d42ad97cbf31f9053653207609326243816f279133fe05d30f774cdb
client-lua/ios/resources/dat/battle/MsgManager.lua	7663	49301d0f458666cb82e48d57601ca0c85a295bea2b1c4243fff36dca550f5b6a
client-lua/ios/resources/dat/battle/SceneBattle.lua	61299	6dd29edb76235400e06147a5fa9f3ee4e636fc835394e353d67bf4ab7c747035
client-lua/ios/resources/dat/battle/SceneBattleData.lua	2809	ac2215f202af8d00dd0cdf4f5da40f11a3101e13f82313a4cd4b6b0c44d60057
client-lua/ios/resources/dat/battle/SceneBattleEffect.lua	9181	5ee51307da049598b2910f00bf240c0551fb1761c1eb3f001eb24b83fc2090ba
client-lua/ios/resources/dat/battle/SceneBattleLoading.lua	109435	b4a665241b617d6e08e5606d644d4f64c1f8559ed272dc33bf3c46c1aa7e45a6
client-lua/ios/resources/dat/battle/SceneBattleLoadingData.lua	11019	c03d5a73b6f88bd679701184bb1b08616be5cb508515702f3191045cc84ec3bf
client-lua/ios/resources/dat/battle/WBattleConfig.lua	5167	0d093ab1d686c8240c62e6a281883a1c956a23d26d9715f611f625fac597d363
client-lua/ios/resources/dat/battle/WBattleGlobal.lua	245506	f040f274297daa4377d65b4f1c9fc2035b9befc3e78c1e15bc49644d3436cc23
client-lua/ios/resources/dat/battle/WBattleMachine.lua	11640	a60edf3dd7081a4ddd9cbcfb6ab2921503152f69bbe4903558dc892234311d58
client-lua/ios/resources/dat/battle/WBossBullet.lua	25104	6fda9877d8bb3dd8ce95c86c941bcc233e98354fc3288c8c96572ccf698c1dce
client-lua/ios/resources/dat/battle/WBullet.lua	78513	11319f1687b9c4dc39f57d2625f8a38d7a792a371fb4f4b91b6d3de5de7928e2
client-lua/ios/resources/dat/battle/WBulletEffect.lua	70482	a9f2769c0c8f88404ddc976de7120a97c223f2622069864879517ec8248e1424
client-lua/ios/resources/dat/battle/WBulletTeach.lua	64231	ba489e171e1456d6ec40f92cff707430584d8e0e47ed5e68acd11e5852aef8d4
client-lua/ios/resources/dat/battle/WCharacter.lua	157321	b11f34d1ab8ac7af7bc2066b9eb786075ba705cd127fc3ce4255de5cc75d0ca0
client-lua/ios/resources/dat/battle/WHero.lua	89193	0ab26e44a4d1588016eaf370de495b39245d7a9cdfaf06124384f9685d8221fb
client-lua/ios/resources/dat/battle/WPet.lua	8673	44ab6a6a5f34a4809888327e26ec19c79cfb263d67925772925e6fa195ac71f3
client-lua/ios/resources/dat/battle/WPetBullet.lua	17078	2d5ec66f57d3fe97dfdc56213273197fb3b53edcad6d575ebf5be1663f2447d2
client-lua/ios/resources/dat/battle/WTreasure.lua	12422	dc30478235558519c17572499623490dbd81230b3704b781d16b0ed33dbd03dd
client-lua/ios/resources/dat/battle/WndBattleHud.lua	180323	b9b838a2a747d2b7e5f5bbb08209be08202a615d5223387bfb99520729a7f09e
client-lua/ios/resources/dat/battle/WndBattleHudData.lua	11382	2f976080ccbd8705cdce1d09423c6683a9f24686105698e3afc1cae7ffffec30
client-lua/ios/resources/dat/battle/WndBattleSetting.lua	26247	2cae7bee0ce7e1130b7c89f0f91f9b612088197c49e2e749eee1612118969e0a
client-lua/ios/resources/dat/battle/WndBattleSettingData.lua	1565	5d78a750a5328b8983d2e56f122bc04a3a957353c65217c1ad86155559bb5bd4
client-lua/ios/resources/dat/battle/battleAi/BattleAiCheck.lua	4797	3c867a471a5712749ebae56b523a7ebd9bd33466501423f760b4c533962d90b4
client-lua/ios/resources/dat/battle/battleAi/BattleMsgAiDisplacement.lua	7663	51ea4181391c6d82fc5e85ae33dfc5877a646f8373b473c60e89c0275156c8b4
client-lua/ios/resources/dat/battle/battleMachine/WBattleMachine.lua	11701	ff10fb0aa325655e78e27e3a1e6ff26eda171c1d32c755517bb6ea267301c2a7
client-lua/ios/resources/dat/battle/battleMachine/WBattleMachineBuffTotem.lua	18518	9399acf80ba5e3f57ec4552cc202a4c07bb9da5a2f01e7861f2a098673a1f5e4
client-lua/ios/resources/dat/battle/battleMachine/WBattleMachineCage.lua	20937	f359070bb220f0c6301a3519f6e2bb910cbbf87f9439d3549b9293bcbc672103
client-lua/ios/resources/dat/battle/battleMachine/WBattleMachineFire.lua	21186	5e460032e49fefe717c418080eb87a55ee4aec985a6269670530e155ae43a33f
client-lua/ios/resources/dat/battle/battleMachine/WBattleMachineGift.lua	22103	cbc50aa18d71202b36b76798627054e37dedb8e10a002c8a8ac725cbf6768796
client-lua/ios/resources/dat/battle/battleMachine/WBattleMachineLaserGun.lua	21668	64131ba11331c80141313c92b117f5a09757cceb718036e768ac5f7470a6463d
client-lua/ios/resources/dat/battle/battleMachine/WBattleMachineLight.lua	20047	852ed08ffe055c963d7899ffcf86ea2e0f559f921150eb92622c53c0270bcb6d
client-lua/ios/resources/dat/battle/battleMachine/WBattleMachineRoundStartCollisionHurt.lua	18253	8983f51b01f664cdb66efdfe9ccaad2dbf2b479b7a5ab0d0e80d988b3c68726c
client-lua/ios/resources/dat/battle/battleMachine/WBattleMachineTornado.lua	25229	455cbd7f9f623587ec3853e05e61f00dc6624d94ad1c43240cd652f52556cc10
client-lua/ios/resources/dat/battle/battleMachine/WBattleMachineTreatTotem.lua	23731	a7b82298902cb70d3b20a8b0dd01ce2914b4dc62e1d7eb08071021caf34890e4
client-lua/ios/resources/dat/battle/battleMachine/WBossTreasure.lua	17250	2cc3d8cef455048e14c30107e3cdbbcd4e4475de3ba4092382edc979e061f426
client-lua/ios/resources/dat/battle/boss/WMonster.lua	85378	df6b8b359a5d7e3994ca6f34486749460ddf1893b6bc3b012c181f16f88bdae3
client-lua/ios/resources/dat/battle/boss/WMonsterAI.lua	63020	1636a4209a781b8aa61488adedc338caa19388fd99aa80c401cc8f69d703899e
client-lua/ios/resources/dat/battle/boss/WMonsterAIInterface.lua	22511	c1c1577de8b0ade65578ada1650e88e9c1e38fe3de7aafa58cb500b08d3fb19a
client-lua/ios/resources/dat/battle/boss/WMonsterConfig.lua	94856	4844ad89dd480800eeb9bd83681f45b506027123e5f2f6774ec053f3ef29d70f
client-lua/ios/resources/dat/battle/boss/WNewMonsterAI.lua	59327	8256855e385a434bb9067151576e0980c9aa0e762c8c625224b9d16063949b8f
client-lua/ios/resources/dat/battle/bossMsg/BattleMsgBossMapSkill.lua	210180	cbdac4e8ea899d540537283cf888b8d0f6e41279d54b1d4e4cd06ce1ddaaea0e
client-lua/ios/resources/dat/battle/copyData/BaseCopyData.lua	2115	68b02320655d0b6cf23b2139c7c9d687691c7fc1038a25a93b1363aad810dd35
client-lua/ios/resources/dat/battle/copyData/CopperCopyData.lua	7267	090053652eb43ed14d1a64bbb9d626a36505a15638ea8ac1823934a856ed5e8c
client-lua/ios/resources/dat/battle/copyData/CopperCopyDataII.lua	8312	694b3ce8286a2bf7782b17574bc682b2e0f540c0eb4fa643913b83f680210358
client-lua/ios/resources/dat/battle/copyData/ExpCopyData.lua	21851	4cacd8f8a06a8cd565b2cbdf3d2ec3eaefbf11e33ae374fd433cc27e5e02dc5f
client-lua/ios/resources/dat/battle/copyData/PetCopyData.lua	5425	b9cd7d92fc23ad397f82fce4e5ea324178e6afe8c26073c6dbc007bdc3f13f45
client-lua/ios/resources/dat/battle/copyData/WndCopperInfoView.lua	7107	f23ab034eb321088401fc709d18a4545df66a41cb919bf5f4ebdd96e55c22238
client-lua/ios/resources/dat/battle/copyData/WndCopperInfoViewData.lua	1353	a07f0d69b68ce927f68ab46bdf5a048693c1932b43066ea0f416319cc522bec3
client-lua/ios/resources/dat/battle/copyData/WndCopyExpInfoView.lua	2765	391ce06af0215a0c8c1f7ef062df45d977b0080fefda16f13ff0ee773de5dbba
client-lua/ios/resources/dat/battle/copyData/WndCopyExpInfoViewData.lua	1362	b98b38edb60bd12c81977b93d38cdb8e61448dc826fbcd1ce2d578f83a4fbd65
client-lua/ios/resources/dat/battle/copyData/WndCopyGuildInfoView.lua	1648	8686532f401f2fd662ee3121e7b899493090f88ed59960409649fba50e21ff46
client-lua/ios/resources/dat/battle/copyData/WndCopyGuildInfoViewData.lua	2992	f53427478af1e91a2959aa5684becdd44e04fc267fa19551611ac26d689d1dae
client-lua/ios/resources/dat/battle/copyData/WndCopyPetInfoView.lua	5755	cafa17fdeba8cb5a5d6cceaab6d1cd77504a54f5c05dba1bf687111fbd196d18
client-lua/ios/resources/dat/battle/copyData/WndCopyPetInfoViewData.lua	3677	a271b5f7de46cc0c823a6fb688c02f3ba9416a2faf8870847315c853c26b4af9
client-lua/ios/resources/dat/battle/copyData/WndCopySingleInfoView.lua	10178	ff960953b429172ce70bbded437265b1e2d24f0e056ec82ae5f41c6d72a22595
client-lua/ios/resources/dat/battle/copyData/WndCopySingleInfoView2.lua	3954	47123d9c8d25a081bace39bb4e30d73a92af1025522d381ddca0ccd4d8e7b2fc
client-lua/ios/resources/dat/battle/copyData/WndCopySingleInfoViewData.lua	3687	7fbcbd4efcb322edfa5593396ca67936ef2c79664ba6090144255aee1ee08b7d
client-lua/ios/resources/dat/battle/copyData/WndCopySingleInfoViewData2.lua	3703	ad5fc25ffb9fa6cd7c8276f1e92bc419b965a82048601023b75d2a2286f79834
client-lua/ios/resources/dat/battle/copyData/WndCopyTeamCDView.lua	2668	0860d0f5cc63842ee0113296c49a62e2548f1285aa2bbd3f849f02037208ee1a
client-lua/ios/resources/dat/battle/copyData/WndCopyTeamCDViewData.lua	4509	d27d6a245dcf2ec1e7522839272011c93456c09183789b4fcd6f4622441c086f
client-lua/ios/resources/dat/battle/copyData/WndCopyTowerInfoView.lua	3279	7e2841747f7d505c710892f2d9ceff56a61cac748df5c6843417ac2763c9d63d
client-lua/ios/resources/dat/battle/copyData/WndCopyTowerInfoViewData.lua	3623	80ad2eca3940fb51159cac253a986dcb9f1010c0f530fe74aba000ab859a41e0
client-lua/ios/resources/dat/battle/copyData/WndCopyWorldBossInfoView.lua	1788	6af61dc717065e8af46c857462ffd30380836b5d82ae5ba922d6e4181ca80137
client-lua/ios/resources/dat/battle/copyData/WndCopyWorldBossInfoViewData.lua	2312	fee0c634f86c419ca3e50bccf0a55d1db25d804a334183327b99007aa89adc6d
client-lua/ios/resources/dat/battle/copyData/WndHeroCDView.lua	3963	e6cd57b9b7a0833f75486e00684e7a6827a68624aadfc8928d1889c663540b00
client-lua/ios/resources/dat/battle/copyData/WndHeroCDViewData.lua	2017	0104a47b45aba1ff72d03afc200f92450da69e23743a4dfb4cc09f82152ea234
client-lua/ios/resources/dat/battle/copyData/train/WndCopyFlyInfoView.lua	8746	d152a1769e04e6c264d3cde5d6eb331ed618367c0dff37f6e444b7dd2b7fd95c
client-lua/ios/resources/dat/battle/copyData/train/WndCopyFlyInfoViewData.lua	5004	5b2d268924be143e7a30498a64d77946f3bfe6aa71038b529d717162fae82155
client-lua/ios/resources/dat/battle/mapEvent/MapEnenvtBubble.lua	16490	5971c9358347914a17fc85c648e984bebe5f3fc59ff9b7fe5268aec5278b0758
client-lua/ios/resources/dat/battle/mapEvent/MapEnenvtLava.lua	19255	d84c8a720c427ab739d2195c44212c3ebee532e85141975938cd656e942ad2d4
client-lua/ios/resources/dat/battle/mapEvent/MapEnenvtMeteorite.lua	16700	0ff6f62f902db1930923068fa552d96e619d12927e1c7bf5bc7fe24a271fb472
client-lua/ios/resources/dat/battle/mapEvent/MapEnenvtTornado.lua	16250	c8ec2504ecff94f4274f35ad2b123229828c152524b19c2e4b4e8acd7592a6cf
client-lua/ios/resources/dat/battle/mapEvent/MapEnenvtTreatTotem.lua	8232	6349d28bd2b5991b5b556889facc3b0b4b78098fe5b9200e314af19bd817280e
client-lua/ios/resources/dat/battle/msg/BattleMsgAddBuff.lua	2464	3d93c0439199d114f97a87bac987c8f3c375143a1f50321e8584b083d45b2a0e
client-lua/ios/resources/dat/battle/msg/BattleMsgAiControlChange.lua	1282	c74b6625aa5bf4a26b5b432be6ae98751a3d7dcd6846820701e18a8e9fef751e
client-lua/ios/resources/dat/battle/msg/BattleMsgAiStart.lua	1421	2b28064a302943bd676c5eea2dd597dfa7b18fec9ee6006ab7dc4366ae8e5f33
client-lua/ios/resources/dat/battle/msg/BattleMsgAutoRunRound.lua	1193	bf422ca2ddcc190883444126a486924ed8b3174a64c302733409d495859009ab
client-lua/ios/resources/dat/battle/msg/BattleMsgBulletParticleEffect.lua	6965	0eb63cc71024b848562ba4e9f8eae3289141086e49cf9bae41f93c892a054f6d
client-lua/ios/resources/dat/battle/msg/BattleMsgCanStartCurRound.lua	22483	1430ab1ec0e5f0fe87074c879348aff3972253897a6a6a8fcdff6ded8e873d42
client-lua/ios/resources/dat/battle/msg/BattleMsgComeBackBattleInfoOk.lua	1479	c380ab6f5411ab39bc498d1c1ffb9bbe320cc9cade37f8d5d276d403ad7ed4cb
client-lua/ios/resources/dat/battle/msg/BattleMsgCopperEffect.lua	7583	416a99c933bcd6775020e4ddfce6d4aea0a808e7e283c4b1ea30c0f2f13bb119
client-lua/ios/resources/dat/battle/msg/BattleMsgDailyPetBattleRound.lua	4305	134debb0f235152dfd670fa90c49b91f27219069cd36a4896033900205771bbb
client-lua/ios/resources/dat/battle/msg/BattleMsgEndCurRound.lua	16788	8daa280d5795aeeccaecd65b6ce16c5c9b590e7c1da3b37c44eda429067e5af9
client-lua/ios/resources/dat/battle/msg/BattleMsgGameOver.lua	39662	a3f82ad3016ec34dd37b90ccd781ea9d7611dbd8c32d6a3974ed9e30d080204f
client-lua/ios/resources/dat/battle/msg/BattleMsgGetProp.lua	8538	478f809a307b4f46e4dbb619fd1a302e9cb8c395d1d4f61a2cacaf0328f3b12e
client-lua/ios/resources/dat/battle/msg/BattleMsgGhostMove.lua	5553	11e43bce1968ffda455cc85c719b23e19cc061e3cbd24c2cfbb5d277630b5fc0
client-lua/ios/resources/dat/battle/msg/BattleMsgGuideAnimation.lua	2988	e13bbf6a03769e454eed5770c2238d8b2e865b6b34a48962ec46b9722e6b90ec
client-lua/ios/resources/dat/battle/msg/BattleMsgMeteoriteAttack.lua	17467	5541d797bb9afd7eacc8ea29921e999db599f8d464726afbef4d569137c39682
client-lua/ios/resources/dat/battle/msg/BattleMsgOtherPass.lua	2539	d8458e0cfc7386bb62c925a80f05d20fc8ca7d6334d356e69f9036718632072f
client-lua/ios/resources/dat/battle/msg/BattleMsgPass.lua	3312	a0b63ca8cea17b071c9cfeddd6e6524d937618daee830e68b88bdf5ba70e4e88
client-lua/ios/resources/dat/battle/msg/BattleMsgPetShoot.lua	26698	ecd738d78a2a5293625ed9f3975616febc0c998536a97dfd1a33882ec5b57e70
client-lua/ios/resources/dat/battle/msg/BattleMsgPlayerAIControl.lua	2868	e25814f8646f2af1547e1ec44eda010be15de4b527e26200f0db2f40acf94864
client-lua/ios/resources/dat/battle/msg/BattleMsgPlayerExit.lua	2743	9c1a58c5ea2450839eb979be8795ee818a87fa0af71f86bd50c4d4492a3e1605
client-lua/ios/resources/dat/battle/msg/BattleMsgPlayerFly.lua	21984	56370cc104b49f6565b0eb79b7f7847ef543a7ac418b3fa584dd2f132b4553b0
client-lua/ios/resources/dat/battle/msg/BattleMsgPlayerMove.lua	8194	68533fe9b5d7e6cc3d4178c89546e25751a917c90ddd02e9873c0b22e909c574
client-lua/ios/resources/dat/battle/msg/BattleMsgPlayerMoveCtrl.lua	7143	ee3ba4086008ba2e9955d372a39bbfcad0d967af162a99c5e55df874e5e2a0d6
client-lua/ios/resources/dat/battle/msg/BattleMsgPlayerReadyFly.lua	16334	b8b272af26306c2c3e28d3ad660e66074b3c448114d8843c296d40c5888dc31d
client-lua/ios/resources/dat/battle/msg/BattleMsgPlayerReadyShoot.lua	16661	4ffe5105809e903c7e1e2c43fa184f9c2b70bedc30a9851f167d02f442dcc564
client-lua/ios/resources/dat/battle/msg/BattleMsgPlayerReborn.lua	1631	163df518647e2240a5227faabd5ed9046a658a9e3e1a8c011be01f167be463e8
client-lua/ios/resources/dat/battle/msg/BattleMsgPlayerShoot.lua	64502	578f852169b995bd494679c576c2178790eddfbf6431897cae7e75d0df76454e
client-lua/ios/resources/dat/battle/msg/BattleMsgReadyStartRound.lua	1455	17fcba32197916f38e0d714c3480e7b536e0e94a4615b6f9e692e271e395c244
client-lua/ios/resources/dat/battle/msg/BattleMsgReplayGame.lua	48813	c844833bfdd09959a4ae0d8f097f6a799bda9f1d12f420dd33dd8ee052c10b12
client-lua/ios/resources/dat/battle/msg/BattleMsgScreenMove.lua	2718	f57fe2cbefd4705f3a998a36a1f6c2e72c0ec4e369fd71660821e013f751b8a2
client-lua/ios/resources/dat/battle/msg/BattleMsgScreenMoveCtrl.lua	3624	f7d2c01485b5bb97d867458d68983baae8484780a54520f6bc83887e99abd5c6
client-lua/ios/resources/dat/battle/msg/BattleMsgScreenZoom.lua	1432	cb929c8e65cf3d52747c7b5ce6c7faf9368d41a4ab3984697a2f1ac1f18e8410
client-lua/ios/resources/dat/battle/msg/BattleMsgScreenZoomCtrl.lua	2903	887b8fd35e61037dddc274398ec520aee1b41baf498964ddc9bd137d833e8928
client-lua/ios/resources/dat/battle/msg/BattleMsgShowCtbTime.lua	11427	297e50b03773102bea27e560c0f235aa2c8d135772f59d87a5a93780d6e6f793
client-lua/ios/resources/dat/battle/msg/BattleMsgSomeOneDead.lua	12060	a3b456cd1dec560e8cd978dae64ceb4f8d63032a5013bb24cf2fee0cac809491
client-lua/ios/resources/dat/battle/msg/BattleMsgSyncMonsterAi.lua	1216	736644bc2395c3bc5fff415560aa2adf0e78259c5f5804dbc515cf8cc4312b89
client-lua/ios/resources/dat/battle/msg/BattleMsgSyncSkill.lua	1484	ce5a437bdb8abec8c4c5dcd8b008226178f2c45bde85c2571790bdfad487c02b
client-lua/ios/resources/dat/battle/msg/BattleMsgSynchronousBattleInfo.lua	2005	ed3773c1cb46b07a73e5739d3cde56455cadfd4ce5a767aca2c878fb8f65e97b
client-lua/ios/resources/dat/battle/msg/BattleMsgTeamBattle7Round.lua	8828	0db40ca95b74b2b3f0caba4a48126f84c3396670b532e19e28b1930928e58b6e
client-lua/ios/resources/dat/battle/msg/BattleMsgTemplate.lua	916	e78d7e58ad2ff897a87f4306b698217a576bfd6dace27278a63cf9b140948e06
client-lua/ios/resources/dat/battle/msg/BattleMsgUpdatePlayerHP.lua	2738	41587ff71d84049e014d113c9e5a46315009775d6462c60fda3db0d4f385974d
client-lua/ios/resources/dat/battle/msg/BattleMsgUseSkill.lua	2104	6117e0b5b7855bbbcf9958195db401dbfe0610c946ffd8e05b6c6ec79ea5e00b
client-lua/ios/resources/dat/battle/msg/BattleMsgZoomOut.lua	1626	d3ba71481b8dc95f52f55775a06ee005da85430786bd8b110051366069fd9ad8
client-lua/ios/resources/dat/battle/msg/BattleMsgZoomToHero.lua	2576	61e1430576d16c9c09bb6b923bdc3dcbd9a4de83634a97ae16cebda717d15cf0
client-lua/ios/resources/dat/battle/other/BattleOtherPointsLine.lua	35788	9007eef3828dedc557bdf8a0fc364dd19f8e3178d9bf7e922de2f83a0b467112
client-lua/ios/resources/dat/battle/other/WBulletOther.lua	15776	03d4f712a1af22bbf9e10d351570c7989401a51f8cb47fc05539c6fe1c2d81c4
client-lua/ios/resources/dat/battle/protocol/ProtocolProcessorBattleInterface.lua	29572	79dceb715354b3a835462c3859e0790c9f6cefeb0459557364e105455d7f17f2
client-lua/ios/resources/dat/battle/protocol/ProtocolProcessorSceneBattle.lua	120918	9af302769a3b8ffe9266082b6c34c08557e1e7e754ca5722f254bd37b72f45d5
client-lua/ios/resources/dat/battle/protocol/ProtocolProcessorSceneBossBattle.lua	108657	42ea0aed3599abffe31701ca9777faaa6299a0fd37d85bce70be40108393d796
client-lua/ios/resources/dat/battle/skill/BattleMethod.lua	16287	82a8c41120d8434bd63809b591861a31dbb5798a219c1ee96385749170b1d485
client-lua/ios/resources/dat/battle/skill/BattleMsgSkillEffect.lua	76984	749f55561688fa4db10ecb4b9d7b16753403e44b9efa16a33cb77895587d3e76
client-lua/ios/resources/dat/battle/skill/BattleMsgSkillLoop.lua	26506	fd300179312174c1f0641b2744c3c34232a189492c9395f5ad7fc9f05156d088
client-lua/ios/resources/dat/battle/skill/BattleMsgSkillShow.lua	59902	83cccf04930b484818d5ddf0c84c9a3e9f4d300530a57e7c454b27486137d2a8
client-lua/ios/resources/dat/battle/skill/BattleSkillShowConfig.lua	60487	f03134187971089dba6a4cc5e3721704ae063ee3f083ceb31a71125cb48e1d4d
client-lua/ios/resources/dat/battle/skill/assistedMsg/BattleMsgAssistedAirStone.lua	5728	6243c6aefc856e5379607383179688008aa82d22d7cd32e117890d9ff8dcf534
client-lua/ios/resources/dat/battle/skill/assistedMsg/BattleMsgAssistedBase.lua	1773	91efc95e1cf442f236ccc15d93da3c44f5ee270d803c20be7afc29bfea99cf21
client-lua/ios/resources/dat/battle/skill/assistedMsg/BattleMsgAssistedBoss10_1.lua	4551	011cd7882330ab4f20e6edaecfd51fd51a78d7eeaa9ce2ba94845fc5945cb6e9
client-lua/ios/resources/dat/battle/skill/assistedMsg/BattleMsgAssistedBoss10_2.lua	5715	86ea1d2e01fbf780fb7606b7da67e8efc29ae890db36d4089f5c13a9121f1ba0
client-lua/ios/resources/dat/battle/skill/assistedMsg/BattleMsgAssistedBoss10_3.lua	3749	d9db9a5e8b8509be5c12e5f61e21ea4b40df9a4350209c2a0684a1ccc44bbe48
client-lua/ios/resources/dat/battle/skill/assistedMsg/BattleMsgAssistedBoss10_4.lua	3371	02eaaa120a696e29879c79f70dc0effe71705cbbedf9b8cdafd1bc63b9893ae1
client-lua/ios/resources/dat/battle/skill/assistedMsg/BattleMsgAssistedBoss4_1.lua	3330	33bd4dfdfa1f48efabe1e0a144a59dbb6be6e8f8ddcd93ba0867f97b4395125e
client-lua/ios/resources/dat/battle/skill/assistedMsg/BattleMsgAssistedBoss4_2.lua	4925	df69bf76c4ed7c97aadc7984c9a15e52e8bab858248fea78f7e69ecd60fee90f
client-lua/ios/resources/dat/battle/skill/assistedMsg/BattleMsgAssistedBoss4_3.lua	5061	65e1c61efbf6fd63e08f4863e7f29ae662935bcb0ed35d07ea7c063ed9e9f846
client-lua/ios/resources/dat/battle/skill/assistedMsg/BattleMsgAssistedBoss5_1.lua	4192	22b66b31d44f90e84566a15440462769a40b8e1b4b04474f2c8c7829249c77a6
client-lua/ios/resources/dat/battle/skill/assistedMsg/BattleMsgAssistedBoss5_2.lua	3310	394b58139c28ef7515f4b00c28b096089326e051d3bd83de5c09b65981b789dd
client-lua/ios/resources/dat/battle/skill/assistedMsg/BattleMsgAssistedBoss5_3.lua	3268	37570863ce78da9504fc08e5a1c4dfbfd662bdbfb0d9e473efae5c95717091ca
client-lua/ios/resources/dat/battle/skill/assistedMsg/BattleMsgAssistedBoss6_1.lua	2769	9975bf8d2208297631ba161e9df8cd307c2ff9d632c04bdc97b2e08bc7154a84
client-lua/ios/resources/dat/battle/skill/assistedMsg/BattleMsgAssistedBoss6_2.lua	3229	e653ad66b42af7de9ff511b0c85c7741241958b12cdcc98dd9a4fb6daa384b89
client-lua/ios/resources/dat/battle/skill/assistedMsg/BattleMsgAssistedBoss6_3.lua	2487	13ca95e315d742bbaf223334d9ea79f4102bbb16a0119e8e70f257aeb971ba0b
client-lua/ios/resources/dat/battle/skill/assistedMsg/BattleMsgAssistedBoss7_1.lua	11965	74dfbd4ccfaf7bec65cbe699d14317388819bd693ba6b8a3569f891255b14627
client-lua/ios/resources/dat/battle/skill/assistedMsg/BattleMsgAssistedBoss7_2.lua	3443	c8e3b4f6aecf13972fdb6dd7d8e4b9130ed0312578ec7fd3083c027c61303108
client-lua/ios/resources/dat/battle/skill/assistedMsg/BattleMsgAssistedBoss8_1.lua	3145	5bf860e3cfbd81c314fba4cea98f8b302f9d06419457f3df3f83c99eeb3bb73f
client-lua/ios/resources/dat/battle/skill/assistedMsg/BattleMsgAssistedBoss8_2.lua	3714	a85ad5737205e47615b6a901854cae599e45b208afd77d7e8219a90ebaf1685a
client-lua/ios/resources/dat/battle/skill/assistedMsg/BattleMsgAssistedBoss9_1.lua	3096	e52c68e27f5185bdac60e0c53175eaaf3d2bd125b78b3bd27a1beb13b5403098
client-lua/ios/resources/dat/battle/skill/assistedMsg/BattleMsgAssistedBoss9_2.lua	12143	98befd9893d4f34ee5c94faed341837b5c78c9c23d5c0bf160674dd7c83b85cf
client-lua/ios/resources/dat/battle/skill/assistedMsg/BattleMsgAssistedDailyCopyOrder.lua	4434	7417a131f4dcbe6e68cc6dd7b57796d0a17f76cbc422706b3c0c9c4ce0851e79
client-lua/ios/resources/dat/battle/skill/assistedMsg/BattleMsgAssistedDailyMonsterMove.lua	2686	695dc2807e9e4eabe2986f9eff5f828f089a2a758457cc11af5e22d72c58173e
client-lua/ios/resources/dat/battle/skill/assistedMsg/BattleMsgAssistedFlywheelAttack.lua	6267	ed38b5d35bf944f9c2123e53bcbacc7149156ce13be7d443847b2d64df226c3d
client-lua/ios/resources/dat/battle/skill/assistedMsg/BattleMsgAssistedFlywheelBuild.lua	5515	9fe868f85a77b276fde2d4d867352eeeedb30513ca503d0d3408b45e1f1bfbe8
client-lua/ios/resources/dat/battle/skill/assistedMsg/BattleMsgAssistedHitSkill.lua	1445	078609c2b08eb72d827d1f3181c8ef259057293e009a0da802397727c6ae4cba
client-lua/ios/resources/dat/battle/skill/assistedMsg/BattleMsgAssistedLib.lua	5199	abccd4fcee61352bc22168e3a63be9b53ccc7ee2104f371a516680c97d6790a3
client-lua/ios/resources/dat/battle/skill/assistedMsg/BattleMsgAssistedMeleeHurt.lua	4719	c72736bc4f3d0d0250009a56b21234ce728ecb5220a52991a3a988a5eead3552
client-lua/ios/resources/dat/battle/skill/assistedMsg/BattleMsgAssistedMonsterFly.lua	8579	cf4fcb0e66fe8fc335ebf499bcc166705efaf7a432c21a450ac0e2bdd9ce5231
client-lua/ios/resources/dat/battle/skill/assistedMsg/BattleMsgAssistedMove.lua	6788	c0585dbaeffd6d93c7344fd1862cf3e2dcb9229d464fcdafcd6a41371dfcfbda
client-lua/ios/resources/dat/battle/skill/assistedMsg/BattleMsgAssistedNearAttackOrder.lua	5482	c70c86eeabb059c71969d8eeeaea6357588c47ba961e6b6e549254d9fd7ed327
client-lua/ios/resources/dat/battle/skill/assistedMsg/BattleMsgAssistedParaMoveTo.lua	5398	6e88dc1b1abd1e4a525d5940836018a651ffbb785461cf353a5d84247198ce42
client-lua/ios/resources/dat/battle/skill/assistedMsg/BattleMsgAssistedSelfBoom.lua	3486	eb81c099dde1c4f74993d08150442da3d6c311c4342d59a7ed792c87f2c3e4ed
client-lua/ios/resources/dat/battle/skill/assistedMsg/BattleMsgAssistedTeamBossCOrder.lua	4721	8512745082de90bd6dd8845416a1c3f16eaa8281a79a670c66faf6b5acc48f97
client-lua/ios/resources/dat/battle/skill/assistedMsg/BattleMsgAssistedWeddedBossCOrder.lua	4305	1c8140c1c959ac3d93054d127709be630cbd75636c88ea52cdf0cbf4f1fd0c56
client-lua/ios/resources/dat/battle/teach/ProtocolProcessorSceneTeachBattleLoading.lua	7922	2a479b208c5d9f09df77952f0b2a22575c82322b8339f557a7510c4be4d8d7e2
client-lua/ios/resources/dat/battle/teach/SceneTeachBattle.lua	7998	eca908810be28e7e6fdbc3f71af5cf3099dfb0503756fb9fb786610d76bfbeb9
client-lua/ios/resources/dat/battle/teach/SceneTeachBattleData.lua	1840	cfd1b6b31955f229961680d389dbe031ba768a3ed4f1d9b5cb7d15c049f37a50
client-lua/ios/resources/dat/battle/teach/SceneTeachBattleLoading.lua	10556	47dfb7354e2ebf5ac5bbc720df920182c0ee1fc614562e29d0469bab8ceac1b3
client-lua/ios/resources/dat/battle/teach/SceneTeachBattleLoadingData.lua	8092	fb3bbdf145d1ce8aaa9dfa92c5af2f2eadda20a3425ce20b355a9021bc5967ff
client-lua/ios/resources/dat/battle/teach/TeachBattle.lua	9496	cce75dce5f378b54decd3ab0371c7a7042e7355cda81bba7e88f7cc5e8e577a0
client-lua/ios/resources/dat/battle/teach/TeachBattleCommon.lua	11261	71345de0d7e5e480c6e55b1cfbbf9f848049422e38175d2aeb7cf82ef11e5ae7
client-lua/ios/resources/dat/battle/teach/TeachBattleLoop.lua	4336	ac49065c17f2fead10d47b60df5f19e97ee3c3aadff34f48074f2099d9b8fb9c
client-lua/ios/resources/dat/battle/teach/TeachBoss.lua	24377	da817fba7462207ebf52c19fc8202ee2d369bb92fc7015f109bde5e601f0fff3
client-lua/ios/resources/dat/battle/teach/TeachBullet.lua	11853	ec5600594094e0b671116f59458beb36b699536fea4533ab3cbc0c6d09a7c68c
client-lua/ios/resources/dat/battle/teach/TeachChatDialog.lua	6823	a1749286a2bc9dac1585a6e626d2a1192f1fe36370950587f4dcf33ce988b481
client-lua/ios/resources/dat/battle/teach/TeachHero.lua	22177	1e956871562d9fd4a3361a07f47c34b91e5552418a8b5fd9a1bee7a6b76c0021
client-lua/ios/resources/dat/battle/teach/TeachMonster.lua	32966	1b51301f6d81dac95448bcffa797970dbc1c909ea9eabbee321151cbb86059db
client-lua/ios/resources/dat/battle/teach/TeachMonsterAI.lua	28316	1cafd5d5b1955e3e0f516006172acd1d07b21476d0f85a098b39d479be9e1a9b
client-lua/ios/resources/dat/battle/teach/TeachShoot.lua	8664	26afe39f7a3425bc85b47a70b138bb0047d2142dbce1224bb1468f25c61f79d3
client-lua/ios/resources/dat/battle/teach/WndTeachBattleHud.lua	13881	c7a8e5ccfc92851cfcb59794580c44957bf400ac0d6543a824f273ae1fee48a5
client-lua/ios/resources/dat/battle/teach/WndTeachBattleHudData.lua	1665	5fe8a65c2c1616c84ccdcc1b9465f3b23b65a92bb486f30c83d83f754f282f6e
client-lua/ios/resources/dat/battle/teachBattleMsg/BattleMsgTeachStep4.lua	42600	ed6f82fa354e5465db3a9322fa1f6c78027b7ad34c1118945c564f5e80705973
client-lua/ios/resources/dat/bless/CellBlessItem.lua	9282	7072c1fa4c7d237121c9fda205202104b0383e6b543dc7cdc15d7f17e3f55a04
client-lua/ios/resources/dat/bless/CellBlessItemData.lua	4182	ff91b3016291cfe91e76c355e46bfd7c6dfb78eb4613e00fb58b5ad8698154d8
client-lua/ios/resources/dat/bless/CellBlessShop.lua	4233	b2885247643758de6f55785c11bd107bbe6262205219f9b24c690a9a7bf1eea9
client-lua/ios/resources/dat/bless/CellBlessShopData.lua	2462	483f968d610525f8f19d7cd0bb8b06ec4fc4c3a4df60229ebd2937d4c0a8ff02
client-lua/ios/resources/dat/bless/CellBlessedMen.lua	4336	a551f150aef428b4aa0c13b3addb868d76b6032edbfefe4d0d9145ea3d41b450
client-lua/ios/resources/dat/bless/CellBlessedMenData.lua	2532	7bf4317692233fa9e0e4b31b37f7eaef6c5aff233b03c36ce86b15c14842bcc5
client-lua/ios/resources/dat/bless/CellEquipStore.lua	7154	e23f610093be309fa722aea913a591146b8ec2b2e7a2ed625949fc4f2c9b1966
client-lua/ios/resources/dat/bless/CellEquipStoreData.lua	2058	717ee3c279f49862e0fedee1e16dea76052d20cae4e96c8ef14e0d06ea31f1ad
client-lua/ios/resources/dat/bless/WndBless.lua	60963	1eb6144ce955134e3857102e888a2a5ea4cd47e4c8409e8aef329dc637c0cb1c
client-lua/ios/resources/dat/bless/WndBlessBag.lua	38104	a71be80f2b94389e96f414800b93fa19452c07c77b956f2feaf3b257f2dee209
client-lua/ios/resources/dat/bless/WndBlessBagData.lua	8879	b028d2aaeaffaac9d3b9c80d0b44e1f583a4e0bc7cf71a48f59603800ddc7761
client-lua/ios/resources/dat/bless/WndBlessData.lua	9943	e41572b1677549d564358d331a79918641f4fbdd476b3e658b1e966828053259
client-lua/ios/resources/dat/bless/WndDevour.lua	27279	52c452eb7d1388833d5c34117a8a69afdbe7cbce7af74bdd27394df8a4885951
client-lua/ios/resources/dat/bless/WndDevourData.lua	5461	a506c718d8135ce58430a4fdf34bdb3be9cf9da1a7f34989575b81552e5c1bbf
client-lua/ios/resources/dat/bless/WndEquipReward.lua	1484	9b8683fcbdb41728b0c0fcc9b0a624176cc5355a42ab468598d0f48b5ff24ad2
client-lua/ios/resources/dat/bless/WndEquipRewardData.lua	5212	1ab432efaea383c6f62594601d3b741311565aebc826fc82fbe5babdf78a5024
client-lua/ios/resources/dat/bless/WndEquipmentLottery.lua	55397	8eccd3a5b369b0d960f245286e9334531d1099ae189f814eaf13c0e69e022b17
client-lua/ios/resources/dat/bless/WndEquipmentLotteryData.lua	12740	54965e0d0b6879c01e8042ad8bdb1749a3bda1eb5352a15cacb5f109f69a82e7
client-lua/ios/resources/dat/bless/WndGoodsFull.lua	10364	6b26f117b6756cfa667f95bc44f7adfa8633f3206ce8be259031daaa508caf74
client-lua/ios/resources/dat/bless/WndGoodsFullData.lua	1804	78b32bdfd052fc2767c91a927bfc666c7abb6e6d83ee31def3a18c10cf06492b
client-lua/ios/resources/dat/bossMap/CellCopyHallList.lua	6051	3019f8454e1b3df4e335e2f05e7b28cbb199026cbeac046f5d1ea5a4c58a5602
client-lua/ios/resources/dat/bossMap/CellCopyHallListData.lua	2727	18d198dca7ef89f78918b624aaac9a2188d9c681c239d994d465943fbe16ea85
client-lua/ios/resources/dat/bossMap/CellMultipleItem.lua	5221	73ac732ea936a2e9aaca1b1ec507c86a2849089285da10bb51ff99131b3ab421
client-lua/ios/resources/dat/bossMap/CellMultipleItemData.lua	2748	6f3889c234f0ba3abbfa7deb24702d19b23822348c092d866dc319c32738fd25
client-lua/ios/resources/dat/bossMap/CellSingleItem.lua	5954	4513068c1acffe9fb544f59dd228e325bba6abd8ee33b72f01252707aabdf033
client-lua/ios/resources/dat/bossMap/CellSingleItemData.lua	2679	91c79dc7d04af08549d086572c980f9a11ab16e8596261ea9498b5cc89fb141a
client-lua/ios/resources/dat/bossMap/SceneBossRoom.lua	58448	e3193ee1b4b7a5bebde562d29d923f64a591a367adf2c47f853db26bc5d1df50
client-lua/ios/resources/dat/bossMap/SceneBossRoomData.lua	29603	1b218f20384adbd3d6661ca71259b8426e6c68f8d285b0dd994553ee70febc7f
client-lua/ios/resources/dat/bossMap/SceneThrowingEggs.lua	24538	41969e7afa44483bcb7fc011e88f6478a2d70e00b23949e3db26d91675ed1a1e
client-lua/ios/resources/dat/bossMap/SceneThrowingEggsData.lua	6218	e48342eac646853de8ff8f4859adecf25245fa25e57586ac0fbc28a49a610601
client-lua/ios/resources/dat/bossMap/WndBossHall.lua	9955	8946aaa6a36f7c22e422aabea2878fb673ab00956cb8e204a43885d417382951
client-lua/ios/resources/dat/bossMap/WndBossHallData.lua	5019	638899788b5917a499e77b3a6dbe274189ab8e8a188536003c9d5a0da4e89a4d
client-lua/ios/resources/dat/bossMap/WndBuyActivity.lua	45579	b837ff81985ddfcd170872a88a6959409113a7656b1696616a6d883f3405a23f
client-lua/ios/resources/dat/bossMap/WndBuyActivityData.lua	13347	447fdc3dc624cd68d3887ba98e94f6f84a7b045df10eadffdfdb4dab48717e29
client-lua/ios/resources/dat/bossMap/WndBuyFiveAttention.lua	8858	2819a0d4bb0bc43654d9444971b7ff820d1a6fa33f4c054ab328ddbe24bccce1
client-lua/ios/resources/dat/bossMap/WndBuyFiveAttentionData.lua	3679	30e4ab30a531c45d057efaef00fe3274d4125eda4f393be36854255d1b996a09
client-lua/ios/resources/dat/bossMap/WndChallengeLevel.lua	10935	abf5c19118d3e701ce03cf4301d40b221d9f07c3b957716ec8e429031c382af9
client-lua/ios/resources/dat/bossMap/WndChallengeLevelData.lua	4789	679710734d9400b840bd7ea9c44b4a51dfe63e11fdc369bf9e2e5e82e1021ea4
client-lua/ios/resources/dat/bossMap/WndFindRoom.lua	6789	c0f0422af5e5956b66dd3ff6161d41e1706b6598994e0cd4c335beef0e941a37
client-lua/ios/resources/dat/bossMap/WndFindRoomData.lua	1604	40a6a34b08db6c6db6ada09283f8c70d3df19c8e888e082b7f204bccf71e4414
client-lua/ios/resources/dat/bossMap/WndInvited.lua	13544	236e79591b6ce7e50240f8fc03f9c060d98ac1440f8ac24cfbd7f5ce8309fabc
client-lua/ios/resources/dat/bossMap/WndInvitedData.lua	1975	3ce443820391c456987b795e0411b1742a0dac68cb6fd8ae657d072e2cf4d768
client-lua/ios/resources/dat/bossMap/WndSingleMapDesc.lua	11288	7df0a1ad4055cfd5357ce94d4becb004593979550dc759683d8f992c5cb22bb6
client-lua/ios/resources/dat/bossMap/WndSingleMapDescData.lua	2572	666acd414b89af995debdbdb6ee307f60d0e50d2d3368b4d8b0f538e29fa5cde
client-lua/ios/resources/dat/bossMap/WndSweep.lua	19011	0bc2c698a2685b2071ce6a31cd1160a89e5dc4ae0a94f8dc82f3a004fbe88409
client-lua/ios/resources/dat/bossMap/WndSweepData.lua	3014	0bf581c410df156c80c13ddd33026a1120f53899f7021670343af3af55546b40
client-lua/ios/resources/dat/bottomMenu/CellAbout.lua	2187	761c2ec478b1b647b33d5e4902186f1620f9b96b392a822818c2bc90dbee48cd
client-lua/ios/resources/dat/bottomMenu/CellAboutData.lua	2601	c935d2fa8a7a7df77129b49ce31dfe9b2ce34fd9349794dccd3c5120533a9e5d
client-lua/ios/resources/dat/bottomMenu/CellDailyTask.lua	26641	5a09623a910ff3e994e85bfecc427b059af3035d81f0f4192d2ae5516d0064a9
client-lua/ios/resources/dat/bottomMenu/CellDailyTaskData.lua	2178	6089aa2db8e4faa506a555516f8f40159c0dc97b65545043abf06bddfdd3129d
client-lua/ios/resources/dat/bottomMenu/CellMailList.lua	7002	dd25e1f89b0576533b6fd75dd36ec6e99a22f326fa1ee223ba2a4f0e221a65f1
client-lua/ios/resources/dat/bottomMenu/CellMailListData.lua	2823	0221ff6955dd83e9c56a54d7d456c557b302bd4d310acee425ee3e9a2822297a
client-lua/ios/resources/dat/bottomMenu/CellMsgItem.lua	33079	43fbf524927d8c05ba02c49d0ddbc1dd95bf820bdccad3ef6f1386ce5eca6d06
client-lua/ios/resources/dat/bottomMenu/CellMsgItemData.lua	2246	da479a6a1250329cde05d70a74d2b044f10a3c692deecad280fac762824b956a
client-lua/ios/resources/dat/bottomMenu/CellNearbyFriend.lua	9442	b8fbaaee1cc4a577753a9545fee9ca568e71a3caa86658ed62da9b49c92a5dfe
client-lua/ios/resources/dat/bottomMenu/CellNearbyFriendData.lua	5085	17a03e4cd46e6c1e52cd1af40b31993030921f5fa29dc0c281c12d0a545bb66a
client-lua/ios/resources/dat/bottomMenu/CellPageList.lua	2129	f4ab78a4b7c4f81e569bafe74e4b223c2899cfa1f77f14ad6e09ef3f9e3b3b36
client-lua/ios/resources/dat/bottomMenu/CellPageListData.lua	2331	3b68d4977a65709a8f29f50c869fcb419f913d6daed790400aefea562682866a
client-lua/ios/resources/dat/bottomMenu/CellPrivateChatHead.lua	6855	383defca35792e5d75f262587ae0dfba8c62658c52247dcc8c6c72f1470e7699
client-lua/ios/resources/dat/bottomMenu/CellPrivateChatHeadData.lua	3689	2da10857caa1234d99462030640bcf9fe98131084e4e9635156c3b63608075aa
client-lua/ios/resources/dat/bottomMenu/CellRechargeAndroid.lua	1770	51e871e608ca27b17c482eaa4f40a4aa6194378342775b95369e02c962146026
client-lua/ios/resources/dat/bottomMenu/CellRechargeAndroidData.lua	2723	13dc6c6c609bcdbb77889bdd87155933aa2403e715964e2a90045e77c7324bad
client-lua/ios/resources/dat/bottomMenu/CellRechargeList.lua	4533	bd600f7b43d414aa00f89080dc1d1017aa2ae9f9a9dc59c5ab657c317239cabb
client-lua/ios/resources/dat/bottomMenu/CellRechargeListData.lua	2780	bff3321d26ccf10c894e920b52fd9cbbe51b988a69faea322c72efe66dd40114
client-lua/ios/resources/dat/bottomMenu/CellRechargePar.lua	1608	e1bd0b451df424455090a918c99f3a0bffb048d294a9be0a72aa783cfe2f9d87
client-lua/ios/resources/dat/bottomMenu/CellRechargeParData.lua	2173	e92a99757d42c6f4d9157f273da535612770f32eff0d9ebfbdaa00680d76d77b
client-lua/ios/resources/dat/bottomMenu/CellSetting.lua	2198	2cde1341f8428529cd35938b74f33534fc9d1879cc2867c5598cd67d7cddb7d6
client-lua/ios/resources/dat/bottomMenu/CellSettingData.lua	2159	4e72493fead419de242a6ec9fbcb90eee3be6fa63d6e93a6beed497c0022b8f6
client-lua/ios/resources/dat/bottomMenu/CellTaskGoals.lua	2341	a5609e40e6d3430ffb2dfdb354fd4b340294b556c792b021d8390ff4405e408b
client-lua/ios/resources/dat/bottomMenu/CellTaskGoalsData.lua	1713	55fe1db9447d3558ed84826789cf8ee0fbe84042b566cd8b8d0fdbed65ac09b2
client-lua/ios/resources/dat/bottomMenu/CellTaskListItem.lua	23892	4c5f2cf40057b85122a96991ff0cd3c37f8d61c6d0ec058025a737c2d9b010fb
client-lua/ios/resources/dat/bottomMenu/CellTaskListItemData.lua	3428	8a072a8c614054281d6e314cd80d8c1a080d0545e51f8b1fcd5a89e926fa656a
client-lua/ios/resources/dat/bottomMenu/CellTaskNameAndDesc.lua	3527	de5d2318131081e90019c4e6b30ec1b02b44192be320f66eb1be1b52c7af2b0c
client-lua/ios/resources/dat/bottomMenu/CellTaskNameAndDescData.lua	1782	591ca8b80ae90dca92d1cab7fa90821199b892009b0d153ffc0f0535068b01c9
client-lua/ios/resources/dat/bottomMenu/CellTaskRewards.lua	9739	858f1bb3c69a283e6f2079945188588c721c1eaaa6f2d2a3030a9fcd51815ee0
client-lua/ios/resources/dat/bottomMenu/CellTaskRewardsData.lua	2287	861d5f98cdf7662bdd117e1d60d70da5dfd456825f0811014d22b3cd59e42238
client-lua/ios/resources/dat/bottomMenu/PushWeibo.lua	2103	c2029cdde604f2d4d9d3501b4700d6d11ba4924de9f94b6cd97835e225afd680
client-lua/ios/resources/dat/bottomMenu/RoleGPS.lua	3326	0ed8d2c77964069e2cd2bfcc69219c32c03dc3f38685047f6913ae8c8f700211
client-lua/ios/resources/dat/bottomMenu/RolePhoto.lua	9999	683f910e4dfe1d2a67f3faef91e85774bdad88315abffe2234af6651a62a7256
client-lua/ios/resources/dat/bottomMenu/WndChat.lua	121368	6d593b87b02fd32533ce66b47bf2736e10b086a3eaa71bd831f2de0c8e8ed626
client-lua/ios/resources/dat/bottomMenu/WndChatData.lua	66990	dd09a749d55adb144b3539a9c36b986bd77b9f427ba9be537b3966f69983a395
client-lua/ios/resources/dat/bottomMenu/WndChatManager.lua	1249	33e00a3dbfd9cc4b160eafdaafb2dbce5d27bf32cc41400d3802412a2258970c
client-lua/ios/resources/dat/bottomMenu/WndDownloadReward.lua	5216	7091a89233855684adcef2d91572f69131082277fe851669706968ca6ca1ecda
client-lua/ios/resources/dat/bottomMenu/WndDownloadRewardData.lua	2523	2784e15b15a5980cf5c074239372aa1e19032b64684b9d1ff222a3480c9da9aa
client-lua/ios/resources/dat/bottomMenu/WndHelp.lua	4328	2ca309458c4a6bbc14df3fde56df1642e1f0440b3bf89e46ec173a43779f370a
client-lua/ios/resources/dat/bottomMenu/WndHelpData.lua	2030	48ee0cf2b0c74568072d0bf0bd10d4b63820beb69b509624657733450bac9426
client-lua/ios/resources/dat/bottomMenu/WndMail.lua	68956	7bcb9564c0eb11bf47dfc224d9d3743a3187307b7de7ed41ea63b5f5b1dccc0c
client-lua/ios/resources/dat/bottomMenu/WndMailData.lua	4557	b052a6376c0b35ea3af6cbe46b6fb39631a63465d8263e375d231aca2ae94618
client-lua/ios/resources/dat/bottomMenu/WndMailInfo.lua	12454	f67aeb27ca5952d566ceb8a6f22d1cfda3fa43393e02f83864b967787a2d5216
client-lua/ios/resources/dat/bottomMenu/WndMailInfoData.lua	5332	dda2a6ddd942e04b624132696e6f15bee7b38b72dabab8d9e381fdb87cc800bd
client-lua/ios/resources/dat/bottomMenu/WndRecharge.lua	25727	4e6bba6611ac6b6eb82271e5687e551a0d19d496e9c63c85695155137fbd8456
client-lua/ios/resources/dat/bottomMenu/WndRechargeAndroid.lua	25739	b626e3a12c8fe66218026fa48b64d314a5d386318d1be5b5675606e8d1facbcc
client-lua/ios/resources/dat/bottomMenu/WndRechargeAndroidData.lua	16330	03e855a3dad833161d5b180f98a201ad1d66542d792218c716b9ad8a4148f70a
client-lua/ios/resources/dat/bottomMenu/WndRechargeData.lua	16239	59837c1c6140d57bc46214834062218f291194d425a542b60094c159a4c051a6
client-lua/ios/resources/dat/bottomMenu/WndRechargeDefault.lua	10742	e9b44976ec114932067d1e064ec3c80aae538b3c43ce1cba9e4c8b5a4762318f
client-lua/ios/resources/dat/bottomMenu/WndRechargeDefaultData.lua	5194	51f184e5f21391c52ad405b81eb01d735ea6a09721a5ac6d876672b224e30166
client-lua/ios/resources/dat/bottomMenu/WndSpreeRewards.lua	4547	d9ff11f96feb76f78dcd2836073af36aec9b6cff302a9dfc6ea22d08f95e4f80
client-lua/ios/resources/dat/bottomMenu/WndSpreeRewardsData.lua	1978	5af764a9e172e3fbeff9595357196434ee1a17ca1cf6e401d382a242cf0de167
client-lua/ios/resources/dat/bottomMenu/WndTask.lua	63220	71db5b253b2f82ccbe7d590e8e814922995e1db0909e75e41662e71d815adabd
client-lua/ios/resources/dat/bottomMenu/WndTaskData.lua	17542	b3705ccb667279dd76b1e00ebc6d3e2237d72f244034ab6abdb0e4422fd25f51
client-lua/ios/resources/dat/bottomMenu/WndTaskRecharge.lua	3016	8bf5f3dce51727be32ff3992afbc91b87192defba8f720282258980dff930b3c
client-lua/ios/resources/dat/bottomMenu/WndTaskRechargeData.lua	1350	cc9df4c7530ea1c1a67f888acd096b28017e7b937dd37b6b048b675ff38c1452
client-lua/ios/resources/dat/bottomMenu/WndUpTaskRewards.lua	9059	d4ec380bfd076343ef801f62d47f1881999922291e1fa6e9a9457aea1bc90ce4
client-lua/ios/resources/dat/bottomMenu/WndUpTaskRewardsData.lua	1782	8f449b71c6ce13ecde4c5f7e6afba2d4b3d23cbf6a25839269a17b44f91908a2
client-lua/ios/resources/dat/card/CellCardBoxItem.lua	4827	9bf85681ff8a70881595300c54c2b7321c45253689ca6b5a08fd8acf9a74138a
client-lua/ios/resources/dat/card/CellCardBoxItemData.lua	2230	6a4aee93c57231a48b2b52b3563e44864543d6f2472a97fd85c177fcaa439e3a
client-lua/ios/resources/dat/card/CellCardItem.lua	8865	0fd3184bd711a63564a237a05fe0b41113f79a47ba1f2b2bdba203c5ed438458
client-lua/ios/resources/dat/card/CellCardItemData.lua	3032	ab4cb14ccee7e98981f4a3cf2a4fa0fa346d8c964a7323fe86aa75967427b85a
client-lua/ios/resources/dat/card/CellCardListItem.lua	2067	8410b8a3492858caf3db4da7006a67cd049c9cd0da53d9351aefc8ebc09e0a71
client-lua/ios/resources/dat/card/CellCardListItemData.lua	2290	b8a07413bed1f295c342ade80c7d329a561186ef36e35ec48558aefa9eca8304
client-lua/ios/resources/dat/card/CellCardListUnactive.lua	2249	55a5288dcea456d4d0bcd9f9d1df63735bf71ce1cf913caf6212a02486bc4d26
client-lua/ios/resources/dat/card/CellCardListUnactiveData.lua	2344	8c74f93e6266bcf46d14118730b212fa882e06cbeb450a24090b9fd473f802f3
client-lua/ios/resources/dat/card/CellCardMark.lua	1553	67fc0bc0d44f867941f91e2a0a83c0363687bf3e1327aa1c055c13d9a899f909
client-lua/ios/resources/dat/card/CellCardMarkData.lua	2366	dcafd7600d34de1cf32e934d4f540bad07a98c9a8759ee5a628a227d27e98119
client-lua/ios/resources/dat/card/CellCardShopItem.lua	9058	ecd1967885d75d40f97f31f256bacdda594076cc9cfd0316e3f6370a58bb80d4
client-lua/ios/resources/dat/card/CellCardShopItemData.lua	2379	4f24723e4d5d757869883eabbbd126214a464b10a7021c9909bc562d485877dc
client-lua/ios/resources/dat/card/WndCard.lua	38313	aeb2282f863c63727be9b61a25ddd37c6f9855a80859bc2a7aca3ecbe20b300e
client-lua/ios/resources/dat/card/WndCardData.lua	19856	7f7f6b237735c5d22370c9d2e8eaac975a114431f1d9d6ce5c7d259e5d50ea31
client-lua/ios/resources/dat/card/WndCardRewardShow.lua	8554	84927c4d63a63575b07ad4d40d9389998d9c1945361b3b1d1d4d7a0ab7c25c15
client-lua/ios/resources/dat/card/WndCardRewardShowData.lua	2679	fdb13b8c5545ace2bc58467ab2ba6f7f0a6426e1a096e9bc08944aff7249e305
client-lua/ios/resources/dat/card/WndOpenCardBox.lua	18727	e02b4bc684ab6b585204c41a1c11f0a2063fe8ce88e9c3f827e4e11aaa94c3aa
client-lua/ios/resources/dat/card/WndOpenCardBoxData.lua	3664	e7eb74ea3e1ea027593ced5260247717ca0e6c98b912bad740b021cba30c1e7a
client-lua/ios/resources/dat/charmSpace/CellCharmRank.lua	4207	d8895250fbd5abd67a7b4f09834f944b00a07f7b80a76b502e1bd19fec9599a5
client-lua/ios/resources/dat/charmSpace/CellCharmRankData.lua	3260	d834a153b52b7f1e68691365052f34a0dd458318ce8f8728e74eb5af3686699f
client-lua/ios/resources/dat/charmSpace/CellCharmRecommend.lua	3945	476add3d25666bf7ee16fc019ce7d8a8129f96b49e4a1d7d8c7e0820713c4571
client-lua/ios/resources/dat/charmSpace/CellCharmRecommendData.lua	2361	618976e2766f394f15d5865b3f6699ba585ce939c9f6d5035805d94522eb9553
client-lua/ios/resources/dat/charmSpace/CellCharmReward.lua	4070	599846c45b411a0c996230936572fd6184c10449ae7e81dfea89c63bd0e1c0f7
client-lua/ios/resources/dat/charmSpace/CellCharmRewardData.lua	2475	ce52262fc9664bf9c46abc67833a0b39985e5eb99c5e74a35859d0c76603d1e9
client-lua/ios/resources/dat/charmSpace/CellDressGoodSeat.lua	7601	46da87a2ced71d4cbc1969dfb90b92d26eee13639909814a8e3c4d72bad90710
client-lua/ios/resources/dat/charmSpace/CellDressGoodSeatData.lua	3103	81225fbde0de7044ba7f1759aa03f7e8422169b48a1bc7480850b66cc8932ad3
client-lua/ios/resources/dat/charmSpace/WndCharmSpace.lua	59685	0d6cec7f34027ad9234df5b22e4f07d19170c479b4d0286ad2f415db20e1e5d3
client-lua/ios/resources/dat/charmSpace/WndCharmSpaceData.lua	19151	19f79ce49b799f62a2ed34555e625e76523d8aed88d32ec14f9fbf5736d47dc2
client-lua/ios/resources/dat/city/CellTrainingReward.lua	52840	41af3d5599ae2391bfe72961cb046e015af888d940b54b72dcaf855c6318ba98
client-lua/ios/resources/dat/city/CellTrainingRewardData.lua	7797	4fcbb0bef4a23d4a8c43bf9a1b7bd224cff89e9f7c731a02bac5442adb600574
client-lua/ios/resources/dat/city/CellTrainingRewardList.lua	5015	1c6475c86f0423cbd3fff064525b06e698b2499edf0b16c94bca0d0986617352
client-lua/ios/resources/dat/city/CellTrainingRewardListData.lua	2100	d5bb820dd92b001f390bfb8badb4b896c2817992dd1c8eef471fe2622ce27c87
client-lua/ios/resources/dat/city/Figure.lua	70010	1e28317f070aff4bcaed72e1d3578c39c4076c3ccf01ca2eca2562e1984ae2f1
client-lua/ios/resources/dat/city/FigureSceneManager.lua	47407	dc029f31d6a06152e0fff8c8e69a2060b25f1336a4161006133f12baeb689853
client-lua/ios/resources/dat/city/SceneCity.lua	180153	3c66befe7128456bc11e41f040e916c99f3e5fae3d912834b494c7e3bc091b7a
client-lua/ios/resources/dat/city/SceneCityData.lua	11464	b26fa34ab5aec1b83b1b990506a9c758b08804799fab9d9c89094b6519fdcdb9
client-lua/ios/resources/dat/city/WndBottomBar.lua	56568	13a4bb154d195ab7605d39d9856fbf31871156bdfaa7665bddec87b51f673529
client-lua/ios/resources/dat/city/WndBottomBarData.lua	3452	174a90a9fbe174a60d4da49abd41dac0444e1887f824c6b6da295aba40bebc48
client-lua/ios/resources/dat/city/WndCityBottomBar.lua	68273	dca4edaf0043324daf351e5d9b3349e06489a69fe81b4bc399e776063616f56f
client-lua/ios/resources/dat/city/WndCityBottomBarData.lua	3538	c8ba3d8adb0aba65dd93e599a7dde59e7444d934c8c11a10e0449c66230c30b9
client-lua/ios/resources/dat/city/WndOwnCity.lua	104272	3e22e76049795822990769d75e5a90aec04edeff0511fae36820095b1f8752b8
client-lua/ios/resources/dat/city/WndOwnCityData.lua	10635	88617d50b5f00c5cbaf3da14d878f2b412bef86e3d49dd8861a4c1bce2be9b48
client-lua/ios/resources/dat/city/WndSummonEntrance.lua	6633	23f9aa943530bc6f51109e136e2edfe7a2e7556481582e5132e0e2d6929e8b97
client-lua/ios/resources/dat/city/WndSummonEntranceData.lua	1735	42ee86d041b475d4b1ab81e2bcd7a34f20d8e7a8009ce44d88a7741988a45a67
client-lua/ios/resources/dat/city/WndTrainingCamp.lua	3207	d1d397e555b465b4a8cdb8a2f0056d9cd2ad554a00a0bf6912ebcbedd80a6feb
client-lua/ios/resources/dat/city/WndTrainingCampData.lua	3453	884d426d483a7d8f5fd7b64fb38133358e730e4f28796d6fd7f1cc6941a58397
client-lua/ios/resources/dat/community/CellCommunityAppoint.lua	13855	e52e85af3eea26e9783977760bf210f4c8d729959ac65c9a13d60c43cf063061
client-lua/ios/resources/dat/community/CellCommunityAppointData.lua	2223	cc5250df55e68087804a05b6dbbfc64a7a2d63be3df2157d13fe8f44bb19a40c
client-lua/ios/resources/dat/community/CellCommunityCheckDonate.lua	8046	d1fd33984edfd43eb36ec12119bdac1758b271bb9079963a012c8c3d95197681
client-lua/ios/resources/dat/community/CellCommunityCheckDonateData.lua	2082	f63c0697240af22b3ac464c4942fd302d82106a5be41cbfbd8400c6b5885bf6a
client-lua/ios/resources/dat/community/CellCommunityCopyRank.lua	3414	f8f9e328f96331c4e4ed00dcc9be39eca82f28d7919482033bb4904ec84921a6
client-lua/ios/resources/dat/community/CellCommunityCopyRankData.lua	2209	4730cb4dc752f8ac90437a4782864cc232f94438eea1cc303334c94e0b5f2d96
client-lua/ios/resources/dat/community/CellCommunityDonate.lua	3692	76a152cd4547f59e2169e31df6ada69aad51128aab7d70c2e4f3feaff3e9a01c
client-lua/ios/resources/dat/community/CellCommunityDonateData.lua	2352	fd722cb66c27050adcee3c67b6eb611c39077eceacc110c6189bdf9cdbd4ecfc
client-lua/ios/resources/dat/community/CellCommunityInfo.lua	5646	c17668d71ff316fd12bcb8b3a67918e3757462a2b82522a15d44695b23513beb
client-lua/ios/resources/dat/community/CellCommunityInfoData.lua	2123	5730d7f1f48dd94002dcb04bce84a704affe85a3ffa91d5ebb11b8c6d70132e3
client-lua/ios/resources/dat/community/CellCommunityInfoList.lua	3710	a535dc9cf22f01172b47b371603f75884e031cd27d1f851091759eedbe31a48f
client-lua/ios/resources/dat/community/CellCommunityInfoListData.lua	2344	64975ac94810b0c79cddc6bb21154e37b3139ef42876346871086931ec20ff53
client-lua/ios/resources/dat/community/CellCommunityList.lua	9226	37c0aa2cea28691766a100d639413ae278387e71f5c348708050cc5fd7f8df57
client-lua/ios/resources/dat/community/CellCommunityListData.lua	2713	7145196d7ce499419145a723eb6e1ac12f5afd4167ab810305658ab79a81bf1b
client-lua/ios/resources/dat/community/CellCommunityMemberList.lua	11980	d90e81060c7a648cbd0aa8ec247239710eae64037d375df7fdd53e7cb0e2b93f
client-lua/ios/resources/dat/community/CellCommunityMemberListData.lua	5700	e50fb9489384330ef6a09fa148d73ac924b09c96a079b0bc2cef05517ff0f51c
client-lua/ios/resources/dat/community/CellCommunityMonthCard.lua	2412	82d38cde79f70123d6bc8e9ee6530c46c2e6338233127be56fb05a5a16a5e916
client-lua/ios/resources/dat/community/CellCommunityMonthCardData.lua	1897	119731b4b91532c5459dce11808997a4f949a28247fc441e2f6e048c792f669b
client-lua/ios/resources/dat/community/CellCommunityRank.lua	5710	77b67ce8923afd96acfaa6299f66fbc903adf1e9ccfe9a6c9e6a9b0897bb4710
client-lua/ios/resources/dat/community/CellCommunityRankData.lua	1895	0ba68349c50545bb14f00373c29246558fbc027db02fd04ee13cc8c9bafcb33f
client-lua/ios/resources/dat/community/CellCommunityRemove.lua	11896	cc8052aad13da86854146f886e12fdc9bd63bbeb31b094ec32cf29f5ee4038f5
client-lua/ios/resources/dat/community/CellCommunityRemoveData.lua	4725	572223436ce0fb595eba909ea3af421086ff9dfd0978253bf8d1fd289bfcd631
client-lua/ios/resources/dat/community/CellCommunityShop.lua	9635	5af54a1bcb9cec256b65b5dfa7229e8e66b19f76a7c36a603c28e9b8e3558c84
client-lua/ios/resources/dat/community/CellCommunityShopData.lua	2179	8248652fa4c8ee2fa5744e5e210cfd512e7ce1ab38eec6cd9e357c3f02f0acfb
client-lua/ios/resources/dat/community/CellCommunityTask.lua	2050	1d66996435fd7b7f85dc9cf2e580cc954efa05c4e9d941d7d577ea08682f1c69
client-lua/ios/resources/dat/community/CellCommunityTaskData.lua	1805	5a861b656a8ed469aa5defbd51fbc0cd37966792a15196322ac6fa69616700ee
client-lua/ios/resources/dat/community/CellCommunityTaskRelease.lua	6136	48bb3d10596b8ee07368c86ff693dfb3e4a52e4e524c1402b7a0e091b5c8e23e
client-lua/ios/resources/dat/community/CellCommunityTaskReleaseData.lua	2053	f4b4b75b637e6f308a4bda3600a4a90b50e94ee979561e9696cabffc06606dc2
client-lua/ios/resources/dat/community/CellCommunityTaskReward.lua	2599	c7ed15315fcf5f91f939534437e6ddb68a7027dae2e098fadbc96d1e703ac02d
client-lua/ios/resources/dat/community/CellCommunityTaskRewardData.lua	1871	564b93ef7effff6849df162206b94571975cffc783c55194e5f0447eca280643
client-lua/ios/resources/dat/community/CellRecruitList.lua	5060	1171a05c75687c812503a54420268481cec6ef5aa8b430b4aa8fd3b89d18c996
client-lua/ios/resources/dat/community/CellRecruitListData.lua	3256	86e8675d0c059b3158a3da575013c0938d628e19a655c87e65259dda8dbdfabd
client-lua/ios/resources/dat/community/SceneCommunity.lua	41059	6072f0327fe3aa2787f5d7096bcf09463005c149125882a5be4c4bfa15212209
client-lua/ios/resources/dat/community/SceneCommunityData.lua	8083	ebb92670016ed5a1d312ff19b9bbe550f4501f5bd642e3eb7097c4f7a26c7031
client-lua/ios/resources/dat/community/SceneCommunityMain.lua	37566	13f72f28aa09d8bb683e895e59dad559054eb244643b705625b2328d367211f8
client-lua/ios/resources/dat/community/SceneCommunityMainData.lua	6699	6dc1ee629dfa36e7d043971a6ece426d2701bb42e6f68ff8c0e7d37f3c2d90d8
client-lua/ios/resources/dat/community/SceneCommunityShop.lua	10730	e72163101046e338cdba351abc1b442e9b2781fc1de2710160277325864f12b8
client-lua/ios/resources/dat/community/SceneCommunityShopData.lua	2911	de0e83e4a6407c03f085ebd0baee2027195082552f901a2f5394e5aa25c4a6e8
client-lua/ios/resources/dat/community/SceneCommunitySkill.lua	16044	e6291ab0ebd976b28216339f0078286e21c9a752ee9eac91e29ff035d0b1e6f6
client-lua/ios/resources/dat/community/SceneCommunitySkillData.lua	2722	1db6e412be7419c15bcc5cd56b42b6c3934fe9198eba032e290478f27d859fe5
client-lua/ios/resources/dat/community/SceneCommunityTotem.lua	12861	3912751c7dfa3765f826121d1a738fc3f03bcb5a702c34eb4df1cb7272e1d901
client-lua/ios/resources/dat/community/SceneCommunityTotemData.lua	1413	acda07fc5c1ff6bdfaf25a63d877698401c1e26ce8993a55c05def58619c9aca
client-lua/ios/resources/dat/community/SceneMemberList.lua	63115	7658bdcd4085b817e32ebead2e5436807eba2f0ec5bd214d79528e1041e6cbec
client-lua/ios/resources/dat/community/SceneMemberListData.lua	26793	dea28fd43f0dc13b3ccad3e03072867ad8873cd2a58bf2dfc413c978c5f50fef
client-lua/ios/resources/dat/community/WndCommunityAppoint.lua	11369	3591e786e3c53ecef63c14ee66c05c9509a0c1f18fb8e44a5e065b01665b6da1
client-lua/ios/resources/dat/community/WndCommunityAppointData.lua	1709	3fe321d927a3979544345abd81b676aa181c48d1dd1dbbed2a04c266e6a955d8
client-lua/ios/resources/dat/community/WndCommunityCheckDonate.lua	6222	b29e2ae5854ed914d77a93deb6bef171dd03a8d925687060a55abbceb893da0a
client-lua/ios/resources/dat/community/WndCommunityCheckDonateData.lua	3186	0c29781310bc323d3a5cdf23631358d3d5144c78364a0862d2f0749c86a03e64
client-lua/ios/resources/dat/community/WndCommunityCopyRank.lua	7079	4497494e310e0fee63496958f1c806135a7d94f7e264c21e2ed8d2ad9163b666
client-lua/ios/resources/dat/community/WndCommunityCopyRankData.lua	2691	4eaa9140f2c10b0d9d9272f1d841f9c485b9ae22d551051388cbcc168edf1234
client-lua/ios/resources/dat/community/WndCommunityDonate.lua	4539	5dcb7a097b8a1984ab0a22753be4d24c0bf3f4d62c8930fffdf2c49ae147b8f7
client-lua/ios/resources/dat/community/WndCommunityDonateData.lua	1389	80deac38d9fbf36548cd20e972ab32c7c93bc79aa7c0d3ace511c847a328f80d
client-lua/ios/resources/dat/community/WndCommunityHall.lua	8473	b434c627596878da2ebcb4995eef02fd5c5e27c5c6254e0f4b08b8a555cd814b
client-lua/ios/resources/dat/community/WndCommunityHallData.lua	4052	37a96a701639729a243182f3ec776495ef15629e2d6413357848512c6920c370
client-lua/ios/resources/dat/community/WndCommunityInfo.lua	9370	137b8c8c480e8a02935131ed80838d10dcd77d76291696db68760036bf52694d
client-lua/ios/resources/dat/community/WndCommunityInfoData.lua	5597	24a76579901e1ca0389f829936ec5cbd9572bd61d3dd947e8bad1820f154eb7a
client-lua/ios/resources/dat/community/WndCommunityLog.lua	14062	92cd05b28270fdf8862d95d16814096c22088511f5983a1f2db1f0b764c32ab1
client-lua/ios/resources/dat/community/WndCommunityLogData.lua	4434	55e49d5012d23015c6a3c0c5637b34016dc90024284f09ee480f45d89ef010fc
client-lua/ios/resources/dat/community/WndCommunityMonthCard.lua	4213	fe7dcc5ae0ecf6d76d1a548263a9446abf2f73f679c3b9810d80d2226f048d6d
client-lua/ios/resources/dat/community/WndCommunityMonthCardData.lua	2020	2bfce35d48df514e7ed820eb553f4efe41f052bd8a08be168a3aa2297b194242
client-lua/ios/resources/dat/community/WndCommunityPopContent.lua	13642	5e4913ab3d1c02a28190433bfb8b0c6070a1f6c212ca4a9bc3c664e1f2268bfc
client-lua/ios/resources/dat/community/WndCommunityPopContentData.lua	2670	1c9ccbf68d5194739704903cbe44407ee1289223312c8acb755aa076d5f2e108
client-lua/ios/resources/dat/community/WndCommunityRank.lua	11313	338f1fd060758e6cb660281fc94ae491aa2e4197e2e8efff514ba4b09601a229
client-lua/ios/resources/dat/community/WndCommunityRankData.lua	3482	0e36667587340a66a910a1df651d5e5fe36bfd0cddf14478fd4443f94c2f05b5
client-lua/ios/resources/dat/community/WndCommunityRemove.lua	9355	c964491d12af220e1a294d7626edd77edc24a60b7ca51c09ebd051edf35bb239
client-lua/ios/resources/dat/community/WndCommunityRemoveData.lua	1537	f9435b82820a6b411610c881af79ce8b9c91a8657471f35f81e140d486a3f78e
client-lua/ios/resources/dat/community/WndCommunityTask.lua	9991	055435dce2b30cc918a66317b0a4de5208f05d76c71f48bcd8fe44f13dacf36b
client-lua/ios/resources/dat/community/WndCommunityTaskData.lua	5296	29ef9182bc7187a5b757b20fb8e900822748ea7bbc7e9f8cb321b199acf6f857
client-lua/ios/resources/dat/community/WndCommunityTaskRelease.lua	20287	072e074f4de93be5d55a36406c22b33fe80fee949b7925738763e8d7917e84dc
client-lua/ios/resources/dat/community/WndCommunityTaskReleaseData.lua	2206	477b670cd0f3f2141b204b228d2fe95375b6282b4ccc72907976bdbbb3300d8a
client-lua/ios/resources/dat/community/WndCommunityUpgrade.lua	8265	a1f0ae15b18e1bf77e86a12c5b2e020771eadb06d55cbcc13fc804b2bfdba78c
client-lua/ios/resources/dat/community/WndCommunityUpgradeData.lua	1679	f8ac432f42323a3f8f424000e9e6a117775508f7890026b1e51daf3c327bd080
client-lua/ios/resources/dat/community/WndCreateCommunity.lua	5867	cb79bb35bb5666d2723e4baa8bae077a52ddb675f2a90084aa7807bc44899ba0
client-lua/ios/resources/dat/community/WndCreateCommunityData.lua	2061	95377a229731ab0f4857792599f6f7ca56a46c4011d1d3f8c511855e2faae91c
client-lua/ios/resources/dat/community/WndDismissCommunity.lua	14152	c9e6196b11c987117223da12c917612b125ad2832ef4c1fd916831b9f4c376ab
client-lua/ios/resources/dat/community/WndDismissCommunityData.lua	4551	f02556ba50a6871777722b298bd25d8c5fe64ec63fcc8b4d022c7dedd82fbfc7
client-lua/ios/resources/dat/community/WndImpeach.lua	5129	0d9bf7354e035482504f81ff781cbf8e57a4241bd434f34b64b29f53c1578cfe
client-lua/ios/resources/dat/community/WndImpeachData.lua	1651	6c37044a717bf9c42ae0a9310f39edfa5367ade469a0f5463780ca14208f2e50
client-lua/ios/resources/dat/community/WndRecruit.lua	13732	d1509f31553d357f49bedaa3e08a94887389b0863c500fdfd11fdc13fe5868ab
client-lua/ios/resources/dat/community/WndRecruitData.lua	2662	66e3a11f621691d4888e99bbc7cc05edb90fcc1772738bed9ea4fa53aeeee0e7
client-lua/ios/resources/dat/community/WndSetEnemyCommunity.lua	10576	fb3bfb1ebc7f184e374541613ad5486967967f0ce328550125dcc783550a384d
client-lua/ios/resources/dat/community/WndSetEnemyCommunityData.lua	1389	c86ed028b21b5a7ed2225bdbdcd664f3c18419e8f66b5a4e363d76c1d5a93eb7
client-lua/ios/resources/dat/community/bossWar/CellCommunityBossInspire.lua	1666	beaab1bb3f4c9509e68a51f3faf707e733484ed0d2ff82db86288dfd027f9ec3
client-lua/ios/resources/dat/community/bossWar/CellCommunityBossInspireData.lua	1954	41c31739be9f9a3d2461cba26ec3d60eb40a5bd7ad87f205da053329652f415c
client-lua/ios/resources/dat/community/bossWar/CellCommunityBossWarRank.lua	3723	0466c816e0775a9ca798b325f25b699e56f7910737e692b6e37ad024cda7a61f
client-lua/ios/resources/dat/community/bossWar/CellCommunityBossWarRankData.lua	1954	427085c081e3d5cc7f0b8b4c3fdded3b75c0ffbd4e60b47f653409c9240a0455
client-lua/ios/resources/dat/community/bossWar/SceneCommunityBossInfo.lua	13985	7d2a4657fd0e40816dc274cc6da8bb7ae20fd7c6c90682cb3631a7d20a9568ff
client-lua/ios/resources/dat/community/bossWar/SceneCommunityBossInfoData.lua	2948	10822541acc4ea2b6991ada9cdf629cfcc310a620a1055d63dfc8f8e5254f6c5
client-lua/ios/resources/dat/community/bossWar/SceneCommunityCopy.lua	24866	8d44ac77c725f231bd9e7fd21fb675e2cd331f6f184c80a5fd0987371ad50117
client-lua/ios/resources/dat/community/bossWar/SceneCommunityCopyData.lua	4819	f970d002fa733cbfce90d32020ce2a008e71a3da660f1efcbad8e984aa6b3ff1
client-lua/ios/resources/dat/community/bossWar/WndCommunityBossInspire.lua	9226	f887ce8e587e583b2610f95ae8589390f05afeb956de6758ec1786fa5e8b3ff3
client-lua/ios/resources/dat/community/bossWar/WndCommunityBossInspireData.lua	1969	31becaccf0f80c0e0052d9ecccff30685e614784f8b830258c0af866f12262c2
client-lua/ios/resources/dat/community/bossWar/WndCommunityBossWarRank.lua	4803	5fba8cdf4ee59e47be8f5a88c57ea31a3e4426cbf96cefeaee10f6437dcda576
client-lua/ios/resources/dat/community/bossWar/WndCommunityBossWarRankData.lua	3218	59f1181d4c23a335669b968ca37b026692298c819e3a3bf5958630ed026cdf62
client-lua/ios/resources/dat/copy/CopyManager.lua	5184	c6f6f7a276e1ac702d0d0930bd62279000aa93f1873af5bad5bd727028051a9d
client-lua/ios/resources/dat/copy/SceneCopy.lua	11856	0bbccbdcb06d07f633ada68c351acaca0987763da34510b9053a6b87f058a6f9
client-lua/ios/resources/dat/copy/SceneCopyData.lua	7324	83db431db48612547e0163fa78cc409ee557b05f2d430910e6be1da09c3bfc59
client-lua/ios/resources/dat/copy/SceneCopyTurnCard.lua	3126	eb28895e642a1863b804f55cec632da956222b82c3f5552f937669c070dd606d
client-lua/ios/resources/dat/copy/SceneCopyTurnCardData.lua	1467	b600a6afbce51e3c40bb8303c1e23e78a3bebfaf79578fabfa40dd8321d0de43
client-lua/ios/resources/dat/copy/WndBossRoomSetting.lua	5885	fa56403abab60b633d85024f1a73ba69f75101d98c29a5b8af54e0cd5d563b0b
client-lua/ios/resources/dat/copy/WndBossRoomSettingData.lua	2213	bb178643ec53e1ee5ced4dde02b889a12e84f48c699028ffc53cc0935020757f
client-lua/ios/resources/dat/copy/WndCopyEntry.lua	6491	2e1b7bddb62e9df21ddf26b8f41df14300403c7f7f2ba84b38d55f3ad7894b2c
client-lua/ios/resources/dat/copy/WndCopyEntryData.lua	1315	10b63bf95fa39b8c0b56e33b8c0643fe5b9744135eb44b7779f4be62aa464b7d
client-lua/ios/resources/dat/copy/WndSweepResult.lua	10253	e5aa1d7267e42a153351af409e2307afcdfee2f35092b71953a93e51308ccfc7
client-lua/ios/resources/dat/copy/WndSweepResultData.lua	7476	6e7eb42ccdccbd2aaea0e3c8309bf303508717bd230b2b8261a40b41d104e45f
client-lua/ios/resources/dat/copy/arena/CellArenaInfo.lua	4416	1a1e6e0c7d69423e3ea44a8811da32d5914a9eb5ed7972256386c4676e3a7ebb
client-lua/ios/resources/dat/copy/arena/CellArenaInfoData.lua	2002	2f2208d880ad72bb2a61699a73786f2df31be4da2ab7c87c4a9f8f30f843e057
client-lua/ios/resources/dat/copy/arena/CellArenaWinFightResult.lua	7943	bde8e73772b4e2b86320431f4e009de64a218db9ed21ccc02d6887b6c05d95dd
client-lua/ios/resources/dat/copy/arena/CellArenaWinFightResultData.lua	2448	de28ff704ac7fc966dfe37e12b7f04594610e9d9a9d5acaecc6b4689aed184a4
client-lua/ios/resources/dat/copy/arena/CellArenaWinRankIcon.lua	9695	342a84a3b435975dec66f875acecd8da7776162472ef73864cac165da9bf70dd
client-lua/ios/resources/dat/copy/arena/CellArenaWinRankIconData.lua	4046	88e108d3b558d5c3f1e6dee03a7ef46dc10c17db6c5b3bcd72f7d0884d1ea998
client-lua/ios/resources/dat/copy/arena/WndArenaLose.lua	12273	ff5e8688ba767c26d360fd53737c525d8822388cb0fc7150c4a1a751a0a187f9
client-lua/ios/resources/dat/copy/arena/WndArenaLoseData.lua	8887	bd27d00c2e949a62aa09dd91d1b3d90850d3884417279c7c4ab8a8e69556092b
client-lua/ios/resources/dat/copy/arena/WndArenaWin.lua	13188	21a9b40807762533b33c7acf60accdd8b1449f0ceab0d0367da400054e471a2d
client-lua/ios/resources/dat/copy/arena/WndArenaWinData.lua	8671	2db26459d0bca3b87778ac5e8ebbb50ed272838f461ba99f4570252ee8b44b79
client-lua/ios/resources/dat/copy/arena/WndArenaWinNew.lua	54014	1943199ff7f74151c53233769ccbd13fdb2c680b56d2504bb8002a25adb9ade7
client-lua/ios/resources/dat/copy/arena/WndArenaWinNewData.lua	10393	b843b067436f658ce5f638992aeb1d532613d319e93d184887dacb1364c61b23
client-lua/ios/resources/dat/copy/athMelee/SceneAthMelee.lua	17496	32cabb55914c4ef7853b512dda404025ae09cce1c46b0d352e85961f74aea6e4
client-lua/ios/resources/dat/copy/athMelee/SceneAthMeleeData.lua	6080	0a60707ed548d809512d0edf38929b10bad170419432b9418630c5b3281ed13b
client-lua/ios/resources/dat/copy/communityBoss/WndCommunityBossEnd.lua	3697	1071bd8304ef07e59c4584c1b778bf1e1c21042a75ae057fb1cb3cceca029ae8
client-lua/ios/resources/dat/copy/communityBoss/WndCommunityBossEndData.lua	1484	701835fcbfeb4afa46d04245d2199484d83daf2b205cc82f4a129f140be5dd18
client-lua/ios/resources/dat/copy/communityBoss/WndCommunityBossWin.lua	11029	37e2bfe10a4e8c0768a7e8aa3508aff33d74489c63512aa33d9464f10812858c
client-lua/ios/resources/dat/copy/communityBoss/WndCommunityBossWinData.lua	2093	749c9029e6cdb370a562c7bce90e8b0c07e0c6a2586d7a81a7390f5696615538
client-lua/ios/resources/dat/copy/daily/CellDailyCopy.lua	5411	88aabc629c95735f2a403a8fe087e49cf68cf700ed43d1fcdcccb14813da5c43
client-lua/ios/resources/dat/copy/daily/CellDailyCopyData.lua	2317	099883c8e3d0cb34b1b1b7f3711a2b1adb5696385139c49b4e4984a59ea6592d
client-lua/ios/resources/dat/copy/daily/WndDailyCopy.lua	20314	7b8a9f44df353d2838297d0e34e677931c0a103e299e36365bf050407af9c64a
client-lua/ios/resources/dat/copy/daily/WndDailyCopyData.lua	6870	12692027dba66350647191ad133c3d88465b7b495eef6a8eec3a70327cb3de77
client-lua/ios/resources/dat/copy/daily/WndDailyCopySettlement.lua	19700	807b8a925c2afee339029cf287b9f93d43369ad2dbe63ca57d66612be022ac59
client-lua/ios/resources/dat/copy/daily/WndDailyCopySettlementData.lua	5159	497f52d555bdafbd8cc28ca0203582f4a9a3a862310186064c6984aeef08e95f
client-lua/ios/resources/dat/copy/marry/CellMarryCopySeat.lua	10766	e7dedba20e12b1537759681a79077bbc558131484aa82cb94db1625676999ad7
client-lua/ios/resources/dat/copy/marry/CellMarryCopySeatData.lua	1947	d4bd0365cb57f436bad094a371a7d45e97dcaac75500be47d50da9216c5fcee4
client-lua/ios/resources/dat/copy/marry/SceneMarryCopy.lua	23042	fb5ea9c99c7ae53d7e0379f985d9b89598fc769d83a82159743d58efe5e81c99
client-lua/ios/resources/dat/copy/marry/SceneMarryCopyData.lua	11825	5680d24f7964c05573c9e2ec2961bac0a013d57f2bf32c461d1703c9f88bec15
client-lua/ios/resources/dat/copy/multiple/CellDropList.lua	2644	eae964da34347cd558842803289ed1ba0365c1596b68f5121100611b41632860
client-lua/ios/resources/dat/copy/multiple/CellDropListData.lua	2106	8c4764fd30cc8254e90d5f5b51596cb00f33996e76a99e41b2221118c282a99a
client-lua/ios/resources/dat/copy/multiple/CellMultiCopyList.lua	5865	22be8d45bd6cca3b6cba1df7738e2062caeba4076eeb9391368aafe3b4ada66f
client-lua/ios/resources/dat/copy/multiple/CellMultiCopyListData.lua	2853	1e2f68ff1bc9f7d3e736631e57fbfac2c1d2d9c7d3f27bb66eb598ef51976139
client-lua/ios/resources/dat/copy/multiple/CellMultiCopySettlement.lua	9866	89aaa2b35735b10a2defd9132493f2ddff04b7dd6c681c096c1061091da4196a
client-lua/ios/resources/dat/copy/multiple/CellMultiCopySettlementData.lua	2691	8ca5c17e45e707d5df4778ae72612b91c9c760deddceeba714465c1af99c7eb5
client-lua/ios/resources/dat/copy/multiple/CellMultiVideo.lua	5029	a380c628dadb8150b9df5a7fd4c361467eebe262661a159482ef0c5bc3b64e4e
client-lua/ios/resources/dat/copy/multiple/CellMultiVideoData.lua	1919	75ef615d48a600206da456da12cde987cad713f32656a4bccbf5697488e2de8f
client-lua/ios/resources/dat/copy/multiple/CellSettlementCard.lua	10210	c929ade9a6824aeb1f4dee6388243ec04ce02425b5563c7d99e6364c3e0d5423
client-lua/ios/resources/dat/copy/multiple/CellSettlementCardData.lua	3210	84f0c7fcfa29120f5e1bbdc8fdcd2a225a255ae1a01e05c4967e307cccf10ec3
client-lua/ios/resources/dat/copy/multiple/WndMultiCopy.lua	23892	64691ab2c1db76ac53953534e74151c64d7166ad6da80c8239728cb2f2440f2d
client-lua/ios/resources/dat/copy/multiple/WndMultiCopyData.lua	10775	dfe678a4f19bf9549b7ef45afa4c73ed3efa721c188c88ebe9513dc70982e06d
client-lua/ios/resources/dat/copy/multiple/WndMultiLose.lua	6962	c7d890e63896dd5ebccf622acbf358de4042b98867c9e3ed80346728dfb1912b
client-lua/ios/resources/dat/copy/multiple/WndMultiLoseData.lua	4459	f35d0ada40e150f148dcb3dfb5692a4a4a59483fa6468dedd97659edb36f782b
client-lua/ios/resources/dat/copy/multiple/WndMultiWin.lua	20950	58751127cf27f25b1cc0b17c4fd572a0ce6771e0e447f94a94b6d4d6e53114e1
client-lua/ios/resources/dat/copy/multiple/WndMultiWinData.lua	9233	b6842e6c4710bf1813dfa4a13177dee223753457a924b4a46bc5f4e9e1202049
client-lua/ios/resources/dat/copy/multiple/WndTeamCopySweep.lua	19728	1c549b21ffafc34dcd57f9012aaf76012ad0db72ec1b68d865cfdee3f3ac018d
client-lua/ios/resources/dat/copy/multiple/WndTeamCopySweepData.lua	4510	5d975cf03f481148a6c09a61395928981d606acbb8020d6662e9b16541a6c3e0
client-lua/ios/resources/dat/copy/pvpRank/CellPvpRank.lua	3678	0ea9e90b122ae600773001dc22c8302cd5e0e5a6494a8fabb08abe7c9c816ccf
client-lua/ios/resources/dat/copy/pvpRank/CellPvpRankData.lua	1929	f77ad2a77e4ae3a0f747eff76fd17a4c82f0ab7571b32fb023364c3195ed18b7
client-lua/ios/resources/dat/copy/pvpRank/CellPvpRankKingLog.lua	2854	be54ba472b851b7c15c8eb6e20c23b07966503ab237a4821ce79eb549c23b34c
client-lua/ios/resources/dat/copy/pvpRank/CellPvpRankKingLogData.lua	1989	6201b0d685beb3bf23c5769e57216a4cbaea5d36812d05c830be6c55b11dfb7a
client-lua/ios/resources/dat/copy/pvpRank/CellPvpRankList.lua	4997	1061dfce22fc295fd8cd7cf9446eee7de5950bdcb95897a08846e9f358b08f8e
client-lua/ios/resources/dat/copy/pvpRank/CellPvpRankListData.lua	2238	3e30a64a9ed245f563381dc696044c40b00c55c69e616b7b25455bb530496dd7
client-lua/ios/resources/dat/copy/pvpRank/CellPvpRankLog.lua	3898	2848589018cbe487d4883371ddf0c53bc0749bf3c4419e4841ef502bbfc60d4f
client-lua/ios/resources/dat/copy/pvpRank/CellPvpRankLogData.lua	2167	deafb7c356e0251a55e9aaffe801eda435ddcc5e927ee1f020ee8373ca3fc077
client-lua/ios/resources/dat/copy/pvpRank/CellPvpRankResult.lua	11779	8d5178be43a7fe6278cb83871118cff012a394abb15db447741cec326d825105
client-lua/ios/resources/dat/copy/pvpRank/CellPvpRankResultData.lua	2292	f29b82dc2ef9954ab03861346834f77974afd1032b56e2ff8af0848b48013ec8
client-lua/ios/resources/dat/copy/pvpRank/CellPvpRankReward.lua	4398	6808a48e6bdd7800f9d1b3385a7f301184dfcde00de467e095b2e716c3c62ec4
client-lua/ios/resources/dat/copy/pvpRank/CellPvpRankRewardData.lua	2409	75579c306c16c50b6a1416d3e65785274c5c9e629e5a8f3a5d165e1f68283170
client-lua/ios/resources/dat/copy/pvpRank/CellPvpRankSegment.lua	2421	015ad3adc77daf9877749888f0727fce8a7ba0ee6130e04f559105544cce76e6
client-lua/ios/resources/dat/copy/pvpRank/CellPvpRankSegmentData.lua	2316	a209fc7f67c6618f8ba724bde7767685eb2701fa02a2b41bd94705f72c0d887a
client-lua/ios/resources/dat/copy/pvpRank/ScenePvpRank.lua	31820	8382aa934e5f11bb0fec7b8e4c73fe265d2c9427db951f307ae1e8a9a8b551ae
client-lua/ios/resources/dat/copy/pvpRank/ScenePvpRankData.lua	4781	109777746b0d53014ef8a932ee9a67cb65ce9773b79f4d0aed9c114637fb26af
client-lua/ios/resources/dat/copy/pvpRank/WndPvpMatchRank.lua	10672	673b5b4feee46a21d31f800b4ff82578f3bbc261cbc3e9b19228c517377949b6
client-lua/ios/resources/dat/copy/pvpRank/WndPvpMatchRankData.lua	5868	dc2dba1316d43f65df78bc58cdf295897e1c55643064449f3b14ad26ec8864d1
client-lua/ios/resources/dat/copy/pvpRank/WndPvpRankKing.lua	9640	a1148119f0cc2dcecf30b21abe5b47533376c034ee73e85071c61cfec14119cd
client-lua/ios/resources/dat/copy/pvpRank/WndPvpRankKingData.lua	4463	3b8dea2e05acda39467357f725e09095677795d378bf2487d684c3917303aa3d
client-lua/ios/resources/dat/copy/pvpRank/WndPvpRankList.lua	10255	91ff518721f9573f848b21b243506367a1f9dfdf2ca9f230eda68f6743e69886
client-lua/ios/resources/dat/copy/pvpRank/WndPvpRankListData.lua	5417	8cfb52e90d1fd30fc3a2e317772798d94c9c4062e1cff736851b56adbbb1c230
client-lua/ios/resources/dat/copy/pvpRank/WndPvpRankLog.lua	2301	b226d26c4d05419669905356f7b61f10b2f752e53bc1cf75ecd8baf72a013dc1
client-lua/ios/resources/dat/copy/pvpRank/WndPvpRankLogData.lua	2101	e541733c9246d701bcb9fc77f125605c3e7a704f2a0e107dd4f8352c231abc0b
client-lua/ios/resources/dat/copy/pvpRank/WndPvpRankLose.lua	3128	cc9ab978a3226a9094389afa35491b9420b277c1d9587a5b778baa81be348c79
client-lua/ios/resources/dat/copy/pvpRank/WndPvpRankLoseData.lua	1472	ad2ff3e7ffe56010c65734c952e045444a27a421fc36f983f311aa48b714ff24
client-lua/ios/resources/dat/copy/pvpRank/WndPvpRankResult.lua	3829	2eba934866d3fe6a030e567e39cea5ced9353472ab2556ecc82a353295a39d57
client-lua/ios/resources/dat/copy/pvpRank/WndPvpRankResultData.lua	1925	172f589fa5cfbd5e6eb89cac997e3f61ab26cd65aa3796b96e68bd6d5888a5f0
client-lua/ios/resources/dat/copy/pvpRank/WndPvpRankUpgrade.lua	7796	ff3f491d78dc4f36493cdbb45685fc678a39f30997ede6dd1a27055f5d2922ae
client-lua/ios/resources/dat/copy/pvpRank/WndPvpRankUpgradeData.lua	2386	7580c08d98c9533b99550256477dd24b5aa1ee65daae37230bb816cf64f27ad2
client-lua/ios/resources/dat/copy/pvpRank/WndPvpRankWin.lua	4761	19d300903f2a147297ea5670791be35a0f746e3fddf411af9cddfa403b63b0e0
client-lua/ios/resources/dat/copy/pvpRank/WndPvpRankWinData.lua	1442	2260ce59a775bbac208282bb9df587d1c4cc107b99e15f1c8b1b5a755e374ff4
client-lua/ios/resources/dat/copy/pvpRank/WndPvpSegmentReward.lua	3093	51907b0dbe2df9fe72b8746d474212fe70a22882c3cde397b6bd28282ee4c6ab
client-lua/ios/resources/dat/copy/pvpRank/WndPvpSegmentRewardData.lua	2067	218a4c7ba2145857e07da3cedfefa2b2ed863b695140eb1e60833d0d56e6fce7
client-lua/ios/resources/dat/copy/single/CellSingleCopyLevel.lua	6571	8be5c57fa429ba4e331b251c2c92b233a8fc086ddd0388c9623bff85931d38c0
client-lua/ios/resources/dat/copy/single/CellSingleCopyLevelData.lua	5576	89e0763f8fd901197edf645c227720275ad9aecdffb4ae7b8627cc89c422613d
client-lua/ios/resources/dat/copy/single/CellSingleCopySectionItem.lua	1871	08a948c26f34a2b3c23cddd339a6f033ec5516c1cb8e91b8bdaa000457b55d2a
client-lua/ios/resources/dat/copy/single/CellSingleCopySectionItemData.lua	2269	671af444e25c22af13ad9c753ea286389643bdae9366ba91e85871479af87571
client-lua/ios/resources/dat/copy/single/WndSingleCopy.lua	61182	62991ebc56b2132c3e8685cd968440f6966927cd8be34c0a779f1f141a8ef2be
client-lua/ios/resources/dat/copy/single/WndSingleCopyData.lua	52311	6c329832dacbaf3256931ca464fb56d31e2a98a2de6f7c05b5b4348449700f33
client-lua/ios/resources/dat/copy/single/WndSingleCopyInfo.lua	57157	355d20c68e12d9d32f6a41945f7e2d8386e052a8543362005ab92321a5b1861e
client-lua/ios/resources/dat/copy/single/WndSingleCopyInfoData.lua	15148	810cddf95d11c0ecdd38b8de97aee3f59191f8223c81518d6c99e8ede055b814
client-lua/ios/resources/dat/copy/single/WndSingleCopyMyIsland.lua	6549	4896da5d1d79668a0648f654b6edd79cdea740c8c50e16127cdc206150854e1b
client-lua/ios/resources/dat/copy/single/WndSingleCopyMyIslandData.lua	2078	1a9d63bc779c003a7dc4d1c0cbf8068be902b8ccc3210ad3971a7be50bd2b70b
client-lua/ios/resources/dat/copy/single/WndSingleCopySettlement.lua	27384	2e47a3e068f375e040e68aba084c354c983126940649cb045a47b6e1baf1e108
client-lua/ios/resources/dat/copy/single/WndSingleCopySettlementData.lua	4870	bc280224c38cc39085f635a0d5a427a4381f4dbfa850e547e83e3889e0d9fbb8
client-lua/ios/resources/dat/copy/tower/CellTowerPreview.lua	3182	86250e08d07d80a0f5cf401534dd05e83d63590a95b0e721dea42b2832067284
client-lua/ios/resources/dat/copy/tower/CellTowerPreviewData.lua	2098	d11ca7385080efc4577788c04a5281038dea4b1e9673c78c33551abf095e5473
client-lua/ios/resources/dat/copy/tower/CellTowerRank.lua	4118	2bc781c6bb94ca77330b4f62aec1346a12b28fcaccac77cd98bded5a5083a937
client-lua/ios/resources/dat/copy/tower/CellTowerRankData.lua	2285	af4631991e9ba407807ae15b5a08b66f94bdf7462a3c96a666b32264eeffc5e4
client-lua/ios/resources/dat/copy/tower/CellTowerRewardTip.lua	4217	57bb2f89e0d7c1435106f66cedb615418dfe5ae2b130a284af6810d9bfc467f9
client-lua/ios/resources/dat/copy/tower/CellTowerRewardTipData.lua	2600	916ab155182fd38e431ac8a620c8f4a1c8c4fb45a70fbdb43ea5947276439b84
client-lua/ios/resources/dat/copy/tower/CellTowerStageTip.lua	1528	0404dcd3efda69d90eaf904caf7e2a5d6d0527c124f80970686805c71e2606e2
client-lua/ios/resources/dat/copy/tower/CellTowerStageTipData.lua	2044	c05895f9e1ecf624b378ee272fa2ce4b32e80b53a387f664eaffd611e20d86bc
client-lua/ios/resources/dat/copy/tower/WndTowerPreview.lua	6390	7ed5343fc189794b2c3b55b11147b9c2a7a31bff0293d9399969f0144aa49de0
client-lua/ios/resources/dat/copy/tower/WndTowerPreviewData.lua	1940	77197f9bfea949093347f5bd01f8faa6f3b011e3a0a16e9f1ee2f4f42431f945
client-lua/ios/resources/dat/copy/tower/WndTowerRank.lua	6840	63f7721956367057d4981e41f5189c2471b3e95ab9f4831bca134afbfc1a0014
client-lua/ios/resources/dat/copy/tower/WndTowerRankData.lua	3834	da5c11308cf4c0b6c3950945107cdfc3d5821b2c89eef2617ca599522473479c
client-lua/ios/resources/dat/copy/tower/WndTowerScroll.lua	100812	763bc7d8e76bd4a47543c15dce050b1b65c36da72e5cf52a4d6f4c286f669e0f
client-lua/ios/resources/dat/copy/tower/WndTowerScrollData.lua	32363	0caa5eb19dba01c5f67f69913df07a5b7bdd21e92559bc7952df3e9dfca19438
client-lua/ios/resources/dat/copy/tower/WndTowerSettlement.lua	20860	b74808a91f8bd571c3e8001ac53634b36ecb236a72f938656dfdc89b8726af1e
client-lua/ios/resources/dat/copy/tower/WndTowerSettlementData.lua	5631	3c7a955e99320de1dd8d6d9212e0530456c9f3d4e3e9d527ab4ad164a396a5bc
client-lua/ios/resources/dat/copy/tower/WndTowerSweepResult.lua	5274	88fc167f234e540f9f4387795f098049b734ef551ddc2edb2506d2aeba4f4d12
client-lua/ios/resources/dat/copy/tower/WndTowerSweepResultData.lua	3057	f5e79a4cbeb8a69fd14e2c23b6558320c1f6a6294e5305741c22ca9909ce1285
client-lua/ios/resources/dat/copy/worldBoss/CellRankItemWorldBoss.lua	2478	5acf0274882f8fbe19b2e07521e1d83099d53f53d22271ee8cf2128a74781803
client-lua/ios/resources/dat/copy/worldBoss/CellRankItemWorldBossData.lua	2350	84e0283add1b42ab661d1395a64255c8ad650fe52c61130e9c070605ff734c42
client-lua/ios/resources/dat/copy/worldBoss/CellWorldBossRankRewardItem.lua	3244	4dd81eeb6742fb25fba79b8e15a5108d92c9f53a6f781b740ba6b3f7f8546335
client-lua/ios/resources/dat/copy/worldBoss/CellWorldBossRankRewardItemData.lua	2441	410f32f1bed0e5306a48921362f055e59b0bb265443d4f60db0f6da8d9bf4167
client-lua/ios/resources/dat/copy/worldBoss/SceneWorldBoss.lua	24001	249db2e73e27b897a2f3d28c7c06f454133ce5c2656c856ec6ab4d11a6fe189e
client-lua/ios/resources/dat/copy/worldBoss/SceneWorldBossData.lua	10499	9577f4b97ce05e1893c111abf0d4dd0fdc675a4cba712c2bac035339accbface
client-lua/ios/resources/dat/copy/worldBoss/WndWorldBoss.lua	7767	0d7305063a9ddc05b6005b3e72e94416d98646984eb1ee660992472d28853a75
client-lua/ios/resources/dat/copy/worldBoss/WndWorldBossData.lua	1977	e041dadb15f5137bf1c9dfaf34cc830785f2ac03432c727a2f820add8ef7e5a0
client-lua/ios/resources/dat/copy/worldBoss/WndWorldBossEnd.lua	6216	b1174eccf1ea8b3c5c486251f259c930816ebed506509eb98324aaa20cab04ee
client-lua/ios/resources/dat/copy/worldBoss/WndWorldBossEndData.lua	1565	1736a513c6598039b6263c588d2aaeeb142c26ee038a9497d0ea15c79fd1f6b9
client-lua/ios/resources/dat/copy/worldBoss/WndWorldBossEndReward.lua	15425	41b69a56167e381cea30e04ab566ac271d8554bb54ec1a03e780b67ca44ecb9a
client-lua/ios/resources/dat/copy/worldBoss/WndWorldBossEndRewardData.lua	3469	eeae572e51b28923319acc181ec85a47738a67d81587051dd7288a07c0d64b46
client-lua/ios/resources/dat/copy/worldBoss/WndWorldBossRankReward.lua	4394	7a2b97dacb37ed7e99fa5d989e25e7db349c65e21c70b636dfc9012feb299052
client-lua/ios/resources/dat/copy/worldBoss/WndWorldBossRankRewardData.lua	2262	10ba0d58edf0dec4c2660b617c88f8178eae7a1e5a31ef91a7905055335570bb
client-lua/ios/resources/dat/copy/worldBoss/WndWorldBossRule.lua	2957	9e2b1394f1195e9a47b1645d8304adf29e699ae09b6ad4d3c133e36c72dac982
client-lua/ios/resources/dat/copy/worldBoss/WndWorldBossRuleData.lua	2400	4956acd30cd7bffab8feb3b130168c3e3f7de56034347d60b140ada6af7e9ba6
client-lua/ios/resources/dat/copy/worldteamboss/CellWorldTeamBossList.lua	8989	8aa3c3eea8d513ca06fbf6a74d9cbed571463b015fd5d24b1578d147df8e4209
client-lua/ios/resources/dat/copy/worldteamboss/CellWorldTeamBossListData.lua	2131	f0d5a659f7108d38d6db7b10ed644b5354c7343fe01abc1bb9840f3f66f89169
client-lua/ios/resources/dat/copy/worldteamboss/SceneWorldTeamBoss.lua	34198	af9a29e1e71aab7f8be7c6da006b663cf51ece7b33077fe71d4a252033df3013
client-lua/ios/resources/dat/copy/worldteamboss/SceneWorldTeamBossData.lua	14179	1b2188f0b45f540f7ac9affaf182f9df4c350ece4e630b48b85c6cc124855cf7
client-lua/ios/resources/dat/copy/worldteamboss/SceneWorldTeamBossRoom.lua	56512	3db1bfbcf5daedaeb0f207a067fc0745543bd49876181ee5935b5a4c6f5ee57b
client-lua/ios/resources/dat/copy/worldteamboss/SceneWorldTeamBossRoomData.lua	29666	926650416affb9616b9b5766999f472e704b16865ce1c4f0ed282cd5f89ab246
client-lua/ios/resources/dat/copy/worldteamboss/WndWorldTeamBossEnd.lua	6649	0256b8eb87e78943caf60a456c76ac1b1f711f5aabb015a627f7012d150e9f8c
client-lua/ios/resources/dat/copy/worldteamboss/WndWorldTeamBossEndData.lua	3553	54a3bda11b7daf5c0ecbd316da0f29418d35c1d1a29dc32ee59f003e1c6c7f41
client-lua/ios/resources/dat/copy/worldteamboss/WndWorldTeamBossInfoView.lua	6076	d3d381ccae00f25980ce08e69e642a68b45e6de9caefc3f8cf4ff24c1a8f8acd
client-lua/ios/resources/dat/copy/worldteamboss/WndWorldTeamBossInfoViewData.lua	2253	4ea89ea39bc6193b7ec143b818ba0685611e9603e02c3dcd9f1d422e802ba279
client-lua/ios/resources/dat/digGem/CellDigGemLog.lua	3234	55616e507c626883a30969434385fe6b7197d9b79511ad3599892ec6fe1d1a47
client-lua/ios/resources/dat/digGem/CellDigGemLogData.lua	1936	e7c4ccf44a101a3c202a84da5ed2da00a3ae5aab3f4ccdf361e3f3a872e152b1
client-lua/ios/resources/dat/digGem/CellGemTool.lua	4221	fbe701cfe562981ee1b9d6b4e5c61517d1e792c549e212ddfe365f928a49d6e6
client-lua/ios/resources/dat/digGem/CellGemToolData.lua	1920	53cdb0775c830711352627d374d473fecee8295542ce006c2112f5a2a95fb774
client-lua/ios/resources/dat/digGem/WndDigGem.lua	23378	eb117183733aa75e32e939f7be9d8169988e8080c0d97299be07b37cc776f193
client-lua/ios/resources/dat/digGem/WndDigGemData.lua	19586	d9c5d73dd2b1691578412251347e26ffe1c870643b9d16237e9d390b258b06b2
client-lua/ios/resources/dat/digGem/WndGemAppraise.lua	12224	d8cd29b6115c1de3e5fc88f2c233700232dc229f6c58fd81c565f296c860855b
client-lua/ios/resources/dat/digGem/WndGemAppraiseData.lua	8622	eb7622304c2e5fa0bcfca9e70f44870a58e56201c8ba2f726bcbe2fceaaa88b5
client-lua/ios/resources/dat/digGem/WndGemLibrary.lua	9111	15f6a7f113c507ae57a6484c2ddb243b7bde1a43669fd5f780f41dfb609f8bed
client-lua/ios/resources/dat/digGem/WndGemLibraryData.lua	3109	99dc6dfb69efdf72c1d11798d3c16d7eda0d6d47e5dd6dd25af0c8d9b7ba0c6c
client-lua/ios/resources/dat/digGem/WndGemTool.lua	3076	3bdb9374a1c57047eff3700082209ebc43c9b1b7248215fbf01ad412f1864432
client-lua/ios/resources/dat/digGem/WndGemToolData.lua	1957	ff29396555b8f7597e5a06088c7572aaee473985b2a5134edc123d70d2195253
client-lua/ios/resources/dat/digGem/transaction/CellTransactionBagItem.lua	11211	296ad3a0170dff400aa32af54c7509833831a64c04e4d259660a5534df55dbcf
client-lua/ios/resources/dat/digGem/transaction/CellTransactionBagItemData.lua	1992	c4c42e0f524ee9729c3a2160d24fa274f84addc04873128051a421385ec0f691
client-lua/ios/resources/dat/digGem/transaction/CellTransactionItem.lua	7993	5f31b9f8429ad2d3a4746f243ffa9183485311318e7f96265cd1c55baf2fb7a5
client-lua/ios/resources/dat/digGem/transaction/CellTransactionItemData.lua	1959	d72e2fbadd96fb4304f0f74962877540dfd0418ed25d384988e86516d676cdbc
client-lua/ios/resources/dat/digGem/transaction/CellTransactionLog.lua	1842	56bbd5a7d30262557d28e4ad029c1ca26832c3abfe2ba1dec762e74b88670fb8
client-lua/ios/resources/dat/digGem/transaction/CellTransactionLogData.lua	1906	0fc4bb45a8cd3b67d00424c9f0774a5732ab0807c5e0d1fe011a17daf70eebeb
client-lua/ios/resources/dat/digGem/transaction/CellTransactionOnSaleItem.lua	11815	254654333eefdb3d3bd20911aa6f76871140c0918175c76fdf234fa50c594003
client-lua/ios/resources/dat/digGem/transaction/CellTransactionOnSaleItemData.lua	2025	ad5f5c3c48a5474bc31384094f1328027f1e8c766afa1a68fadce659e184157b
client-lua/ios/resources/dat/digGem/transaction/CellTransactionTab1.lua	2934	cbb44116ef4e8926c3ede99b20130e3abe014ea5e27e48fb7f9059221458a199
client-lua/ios/resources/dat/digGem/transaction/CellTransactionTab1Data.lua	1869	f4fbf7d571bceb500a6026a2d237e8f56c3990596ef1e52275179b0039529a4e
client-lua/ios/resources/dat/digGem/transaction/CellTransactionTab2.lua	2695	00a8fc889c4777bdaa2e1e8292d29324bdb17564508ba14d146a3de9b1be7b5d
client-lua/ios/resources/dat/digGem/transaction/CellTransactionTab2Data.lua	1869	e8eec3e6caa9a5b38853a5d6ce1e6b7ae0514b24d640e642601520addce4f6d9
client-lua/ios/resources/dat/digGem/transaction/CellTransactionTab3.lua	2336	c7c2434f8aad6ac06592dcd0b72fa9bb318590e0945942b1764a319cb6e5c5de
client-lua/ios/resources/dat/digGem/transaction/CellTransactionTab3Data.lua	1869	1d6ab8909f1eb8bfce023f9a2e1faca75b566d2ffe1f8b02e0d3d2bacff70c71
client-lua/ios/resources/dat/digGem/transaction/WndTransaction.lua	23068	a1fcc2db54854ad282539dd8acec5730ea950f3d20db271957b66ab2c79087ff
client-lua/ios/resources/dat/digGem/transaction/WndTransactionData.lua	5704	8814b5c52fb801c24001104b36a5eaeed5d5015f6400cc0eaaea787a2a11c8ba
client-lua/ios/resources/dat/digGem/transaction/WndTransactionOperate.lua	13857	451f4d63927f004f184e866e4d17b10ffe2ab0c4313e6e1945f7085d3f5cb169
client-lua/ios/resources/dat/digGem/transaction/WndTransactionOperateData.lua	1424	239355a291edc9b1415a166f5da38f954a843bace5bac83ab982110562fb6e1c
client-lua/ios/resources/dat/family/CellFamilyBuilding.lua	58088	6466647d8c192b5d7936ef4fac78207f923d9e748ff3f371d3f1b29090acb6db
client-lua/ios/resources/dat/family/CellFamilyBuildingData.lua	2665	e0d3e5d19e81b52a686b6e699762493870094b7ff1358b76976a067b7bdb4fbc
client-lua/ios/resources/dat/family/CellFamilyBuildingLawn.lua	4852	e0fcbea3d56c713e51e2055dc4a78a7fe3d2d7531d430005406c38d3c8015928
client-lua/ios/resources/dat/family/CellFamilyBuildingLawnData.lua	2038	9d33e394e0cf03c01dd0c7aa1ae77af3868e9011530bfc541d8516dd4e3cf086
client-lua/ios/resources/dat/family/CellFamilyPetHead.lua	4780	6cbfb9176921b8e51a3b335d1acbbe30ccbdb0d1256ac7d407060ddb30f350e0
client-lua/ios/resources/dat/family/CellFamilyPetHeadData.lua	2485	5aeded28be5a61592634faab12a58b1ae5b19bea25781f4dd9a1e69b31840e05
client-lua/ios/resources/dat/family/CellFamilyRank.lua	5449	32b87b5f0376bccd9212481f4cf7ccb779fddeec2d6a158142944f79476f37ee
client-lua/ios/resources/dat/family/CellFamilyRankData.lua	2178	8603866e2a38341f2775770a4aea9d0531ce5a7781a7f04d176a2ea2a6778f90
client-lua/ios/resources/dat/family/CellFamilyRankNew.lua	6038	732d1731d368ae5a3271baac16c458c9ed507045361fb8e83178fd1c67b0c790
client-lua/ios/resources/dat/family/CellFamilyRankNewData.lua	2022	e46ee7497a9c48e07090ab5a9854c715821c3b3e00c32063d5d29cc275f83af3
client-lua/ios/resources/dat/family/CellFamilyShop.lua	13696	3a10c40d4aa3d90e01b1a4e68e8dfd993f3bfe35c3a5b5ff8b5fe395f3b80250
client-lua/ios/resources/dat/family/CellFamilyShopData.lua	1813	c2742a5d872eb36f85060e7e665a5ec9bd4451ffc23cb2fdccd95734c52b05c6
client-lua/ios/resources/dat/family/CellFamilyWorker.lua	9190	f1d73c0de1523815798337ae7065bd7f97b6663ecf936fa411e19442adfe742f
client-lua/ios/resources/dat/family/CellFamilyWorkerData.lua	2567	cb84ff29611619639942df48643cb83c800ec9c00b77c695a92a1d51a21f2457
client-lua/ios/resources/dat/family/SceneFamily.lua	37375	8468e419eba606edcde088c1e1fcf4c3edfc394d2b09062b2fcf1a2dfadc4276
client-lua/ios/resources/dat/family/SceneFamilyData.lua	47179	0443ebe2fad403d039368622126fb15ebf5bd5e9e2dd0f2d8efcf3a1518fc26d
client-lua/ios/resources/dat/family/WndBuildingInfo.lua	10352	7abc548f7cb9cf98809cf4dc90f8323205dc68a797011c9c8e76ee103c16e154
client-lua/ios/resources/dat/family/WndBuildingInfoData.lua	1998	fd0f4ee480ab4630f8e1de5caad801f91d35b996d1a4cd82c43614f7049a95de
client-lua/ios/resources/dat/family/WndBuildingUpgrade.lua	20605	e8fb7376ecea690c802751f423990f07607677a274dfee90ec4ecaa842f844bd
client-lua/ios/resources/dat/family/WndBuildingUpgradeData.lua	1894	c3b7ab0771c2a36c175660c5becd740dcc7f6e2e2e04d8b04be0831a4623cd8c
client-lua/ios/resources/dat/family/WndCreateFamily.lua	2850	195e52253151240b96f166f5a3274240b7ee09554a2c2f1b7bffb88d6d23ee27
client-lua/ios/resources/dat/family/WndCreateFamilyData.lua	1920	d00b90add33a94d096c0579a750a192ca9a162edbb8d815cc54e81b9ebb2937c
client-lua/ios/resources/dat/family/WndFamilyOperate.lua	49300	7f0beabad7cb1e2c58dbb605f51bff0d46b3164ae3452392825d203d1623e363
client-lua/ios/resources/dat/family/WndFamilyOperateData.lua	3332	6ff624bab2e1b53066eebac856c6aa83650125fefdf0ee9aef4a61b3d3438b82
client-lua/ios/resources/dat/family/WndFamilyProduce.lua	31588	7779b16c7e6bedc7dad3d64936f594102900ee2c4f42322de2af0a8c799060bf
client-lua/ios/resources/dat/family/WndFamilyProduceData.lua	10872	80f3545291a26e241b7399d3efb91dafa5ac1ec9078531d354063232bbab57ab
client-lua/ios/resources/dat/family/WndFamilyProtectLog.lua	4942	4ce2015062ecd41aa0e6782ef3c567b6d13cbe518f72ed2e3401b74d523c9c8b
client-lua/ios/resources/dat/family/WndFamilyProtectLogData.lua	4035	e701bc8e937a86da5bfe599231a5596cc01a7b04189f286da8358b530be45750
client-lua/ios/resources/dat/family/WndFamilyRank.lua	13447	427a161c4fef5482b2bd18442996a1afa4c00b66588f2545c1f3922e02229663
client-lua/ios/resources/dat/family/WndFamilyRankData.lua	2854	c89be5beb4bf8ce9cacf19965a476e3563ade1747fe148e184266be0597798ce
client-lua/ios/resources/dat/family/WndFamilyShop.lua	6812	b6f904663098ab6d844cbea0e584025d57eaec8ef8d03a741482e8d2bbf7e7ed
client-lua/ios/resources/dat/family/WndFamilyShopData.lua	2131	67c967a7955db51e25a1463abecfc24358ff5c8dd39ffdc11a65dce24f823775
client-lua/ios/resources/dat/family/WndFamilyTrain.lua	19027	634acde019ba8ac87b4f01cfd482f4865dedccd4d0f4add7781945e89ef0acc0
client-lua/ios/resources/dat/family/WndFamilyTrainData.lua	6252	1d6d14a027d8600e5158efe015dcee89f17a7bce8af016a58b6add1f54e69b67
client-lua/ios/resources/dat/footmark/CellFootMark.lua	15880	6179694009e770fe0486eb603673b2a41d4541ee1cafca37b141d83669dd7c0d
client-lua/ios/resources/dat/footmark/CellFootMarkData.lua	2152	37277b9c88cc9784f08f98dc40149702c86819189d88a5ef2c8fa0693c0206c0
client-lua/ios/resources/dat/footmark/WndFootMark.lua	24946	47c24f9d53b08f369e209f0f468cb5dab22d66b60474e654a3ec45d6d98049ca
client-lua/ios/resources/dat/footmark/WndFootMarkActive.lua	4966	374500b264200a9c1dc5d726ce6c5dc7f68334f0aa541fb1d70f3832692f5b6b
client-lua/ios/resources/dat/footmark/WndFootMarkActiveData.lua	2421	15a58a9a4dc4a2044527918cbaeba1bbd519a0eddb841563f4cb7d61a9db86b6
client-lua/ios/resources/dat/footmark/WndFootMarkData.lua	9867	3bbf147a08e775afc8b2b5c44d2d1a30deff6f077cff087b95d1472282e76fcc
client-lua/ios/resources/dat/footmark/WndFootMarkUpgrade.lua	53589	7a25e6d909c473608bb70b14f399d023de0241c8013cc8d92a1a27625caa9957
client-lua/ios/resources/dat/footmark/WndFootMarkUpgradeData.lua	3619	607ebde992ff328f69b7b5a6a174d89b1a25ec5b388c6dcc7e53f9230f3a61b0
client-lua/ios/resources/dat/friend/CellDynamic.lua	13299	561bebc252158109f5c013d267231b319fd9213702d87e0be672c7133ccd4599
client-lua/ios/resources/dat/friend/CellDynamicData.lua	2841	9f78fbb43971d462614e9467d06d358c7059d4f1bbde5caceb37e45dc5ee59b9
client-lua/ios/resources/dat/friend/CellFriendBlacklist.lua	4214	ff7a2aa9005d20ebf594e433594a9b25502c145e528c73a5e1df238019905451
client-lua/ios/resources/dat/friend/CellFriendBlacklistData.lua	2298	66c53431625d5c1a53f4ba98f1e2c8b71e4264c96c10832c1571342f967615cf
client-lua/ios/resources/dat/friend/CellFriendInvite.lua	4347	dd93c78794ffd1f0c7a5f0e006ddc236e774a871860abad4974969e7e378d70c
client-lua/ios/resources/dat/friend/CellFriendInviteData.lua	1992	4cb4f97235f47335feb8687975bc09452e50cf2811c9789b45b7302172714a1d
client-lua/ios/resources/dat/friend/CellFriendInviteTask.lua	5888	023c0a296b789bef863cdb6b1b923d8bf5e845a98053c3d8622a967e822d84cf
client-lua/ios/resources/dat/friend/CellFriendInviteTaskData.lua	2349	cd778e5caa310af202003eb33810b5c08cbb0de0438c580b8ab53ee906f78720
client-lua/ios/resources/dat/friend/CellFriendList.lua	10634	9ebb0bec004a4fe7efd6d0f2821590e0e4d9d9c90a0a09da323bfc60bf8382ef
client-lua/ios/resources/dat/friend/CellFriendListData.lua	3115	65733a1bebd8bae0e6e934e3a9573150c40d1f9583aedd49014c779c69d02e6b
client-lua/ios/resources/dat/friend/CellFriends.lua	19001	3c688281e4edd4bbf22e753cfd0a342cc871cbf61a8208e0adaddb99e1d37dcc
client-lua/ios/resources/dat/friend/CellFriendsData.lua	2718	02b5cdfefbc32f60488474c977b1815de7e26989d71acfcc7934220618154c5b
client-lua/ios/resources/dat/friend/CellMarryFriend.lua	5543	5da04872b2f3a08286ebbe188396f15e4c60f0036b2c74ab995316d22ada99a4
client-lua/ios/resources/dat/friend/CellMarryFriendData.lua	2686	ce6f6452d9ac1ce5abd42dc7717cb2be6f81b9d75d45a5126529226d28519824
client-lua/ios/resources/dat/friend/CellOnlineHintFriend.lua	5968	2d7f8d250ddfdbd7f97afa5f525ef0e177e04aed12eef19bfb52b78fbd157a13
client-lua/ios/resources/dat/friend/CellOnlineHintFriendData.lua	2438	4525a8b18dbd5a9abb62f3f3b9bebd124b538ccc73b88d24cced20f10db22896
client-lua/ios/resources/dat/friend/CellRelation.lua	4673	d1b264c0263b96c8ef5c9c723deced233394444a5630058549598d293dc5dad5
client-lua/ios/resources/dat/friend/CellRelationData.lua	3170	081227e6277af295067963f4c32a7bfc4812d4a5bc8533af4c3d70fb4b63fbbf
client-lua/ios/resources/dat/friend/WndFriendGift.lua	7124	f7c56011d7c7f58e8e91abaa3f02256fea6e24fa68ada847ce37a4a4a1d6f067
client-lua/ios/resources/dat/friend/WndFriendGiftData.lua	2792	edfd7f0bc340cc7e17b989a8e4352988e2d111c6ad2a7ab1d808f707c02bb8eb
client-lua/ios/resources/dat/friend/WndFriendInviteCode.lua	10206	8971a11f048b2f6a976f4a7c488cc21187b20a776f45d9d82760b804d4f896de
client-lua/ios/resources/dat/friend/WndFriendInviteCodeData.lua	3285	e58a343acb70b9debfe46d79336c7aa644197f55e2b9d66e5045fff1097e0870
client-lua/ios/resources/dat/friend/WndFriendList.lua	14860	e34f1cfd7fdea9d2b35849a70cfa36d170e15e246dd17c27884b056909ab0023
client-lua/ios/resources/dat/friend/WndFriendListData.lua	16088	a1a64b439dd0feb6a6230e882dec478b8b610eea96cfa81753a9deea694c50cb
client-lua/ios/resources/dat/friend/WndFriends.lua	91742	4f44c106ecca823ec241985a51d8a158589202992bae660abd1b008b22f842ed
client-lua/ios/resources/dat/friend/WndFriendsData.lua	29653	7626e83794daea51b10f98b2c5af0956d35c35f40bc2c38ae7ace12e835fe679
client-lua/ios/resources/dat/friend/WndMarryFriend.lua	18696	30eba9ce4a060d2c3b371a8a9588b3c2585f6988061d55bec970d48fb5682c44
client-lua/ios/resources/dat/friend/WndMarryFriendData.lua	6286	b393d3ca860216ab2fcb2709259c1cd3ea634c90ef4147e68d3a40447402124b
client-lua/ios/resources/dat/friend/WndOnlineHintFriend.lua	20672	a25893b3b3c20ccc260b7bd4fb085428fe92a3a2a8c0e177333f3ca7d334b7ac
client-lua/ios/resources/dat/friend/WndOnlineHintFriendData.lua	5270	e22ea3861326f18122f833bd6b199ef81f76252ed92f9860d44dfa38a884b1b8
client-lua/ios/resources/dat/fyber/WndFyber.lua	5619	f613c51b8542988c5bafb4862fb78a073911e99f756acba8b1987772bbf7cb4f
client-lua/ios/resources/dat/fyber/WndFyberData.lua	1680	6ab0fa993221a0e9c222f6e4e94f39d8eca9a245355a1da507f327201ee93921
client-lua/ios/resources/dat/global/AStarPathfinding.lua	11686	00feb1382bc0f5a308bca2ae1b4ddf7b25eb6bf1189427f8366e2f435dd91ddb
client-lua/ios/resources/dat/global/AnimationManager.lua	7435	5129c4848ec82fcdef96e06ca369f612800cdfe59eac273c3db85f2e317f37d5
client-lua/ios/resources/dat/global/AudioManager.lua	11126	242fcd6f6a1faf4c0fd338bb90139fe643af32e70761fc38f7c281ee2632343a
client-lua/ios/resources/dat/global/BtnRedPointEvent.lua	4408	7759b39ed8f5e2ed327ea5a4530f368c3662b82c1cf5317464615eb89f664916
client-lua/ios/resources/dat/global/CacheCenter.lua	118987	3013d2c430a909c277683c5b4ceddbcece242e299422f26f67b0cb788220f58a
client-lua/ios/resources/dat/global/CacheCenterData.lua	148225	96ef00a38323d6f62f7abc2a6ca0a1a694a3f4f25b63e8928cfefc356e8ef6e9
client-lua/ios/resources/dat/global/CellArenaCommonBtn.lua	7660	0bd6e4c1d2bb711ed1dec6cee0878c7fdd6933147653800101a6475fb2fe0561
client-lua/ios/resources/dat/global/CellArenaCommonBtnData.lua	1813	3090e1d2bbc58eb50bacaa904354e2a31fcbf51e222fa0c7ddb706789dde1dff
client-lua/ios/resources/dat/global/CellBattleTeachDialog.lua	11477	386abb75642276d794f6ce9f3ca2c1dd2a31f8d022a590c75e1ca0759d791362
client-lua/ios/resources/dat/global/CellBattleTeachDialogData.lua	7284	375aa127ade46e02f3fa68dccb26af99fe9c2d3297eb492ae2104b6201f73d98
client-lua/ios/resources/dat/global/CellChatBubble.lua	4762	157f51e4517c209011452be0debd2bc198f4c3c0465a495b6f9452bf609bef20
client-lua/ios/resources/dat/global/CellChatBubbleData.lua	2668	6a85325d34687b26b82ad7a64a315143f621c34578f03784aa9ff00161a833d9
client-lua/ios/resources/dat/global/CellDialog.lua	9810	9f5159bb656f0986b42852f5145f0bfc90cde643659b686149a7e160a768e017
client-lua/ios/resources/dat/global/CellDialogData.lua	7868	ce69fb395a000e70fb3054dee0619e63ca9e3e0032b1f4bc1dff765b379dd79f
client-lua/ios/resources/dat/global/CellDownloadImg.lua	3047	2ee4621b1e9c8eacec591d52b5a5360d9aa29ac840699605e3203ef7741f5eb3
client-lua/ios/resources/dat/global/CellDownloadImgData.lua	1790	c999343315b28061ec8c4ec103a9ff4ddffe6623a63530a40ad1c3af0902e369
client-lua/ios/resources/dat/global/CellGold.lua	26290	451adbb07658c917b0cb9f8314f7461964cd7add08fae5b9b68cd8778cafc8f7
client-lua/ios/resources/dat/global/CellGoldData.lua	8483	378f8ec76ee7bd4a0951657f9052d61715fd29f0858fdeb1392645a2f44f1d58
client-lua/ios/resources/dat/global/CellGoodItem.lua	67576	8045276bff3677645b483c2d01002209f0ee32d11ec294e2fc91d30f663d196c
client-lua/ios/resources/dat/global/CellGoodItemData.lua	8468	8f6df59e9fd47f57879ede0854a516b9289f7f01623b843de15f016b28f853cd
client-lua/ios/resources/dat/global/CellHead.lua	9018	08b9bf36241ea3904c91707e05310aa474eabe7af3bce271bff2bd959ca7e1d2
client-lua/ios/resources/dat/global/CellHeadData.lua	2159	69e5ada58096e5e815039d12390858630c70666706bbdedb700e414605e2936a
client-lua/ios/resources/dat/global/CellNetSignal.lua	3050	d270f026b0590328f2190d0777647d694780f3bcb1765af3bee053a52c5dada3
client-lua/ios/resources/dat/global/CellNetSignalData.lua	2672	13aff35c639795a495be310253d0611bae53edc9e641156cff950499ca77d8bb
client-lua/ios/resources/dat/global/CellShopItem.lua	3286	cfac192d2e4b1edf8376e466fe604ba3ccfa778b7254a57a1dff7591892a2e40
client-lua/ios/resources/dat/global/CellShopItemData.lua	2773	71c92eeddf877e9077b47ac7e18e685d0f4d14fb62f7dd4b49b730f73981758d
client-lua/ios/resources/dat/global/CellTopHandle.lua	8814	229f511d2cdd9e228a6c07d3855a1768a8de661a495d218744f3a17d2d50a567
client-lua/ios/resources/dat/global/CellTopHandleData.lua	3816	bd8071958d08119319918a08a9e746d0a6c92072a953fc4009d6cb4111a3cd48
client-lua/ios/resources/dat/global/CellTreasureBox.lua	1338	155676b8182d14210d4fa1444f176bba33732195e6d263c259486dd359001518
client-lua/ios/resources/dat/global/CellTreasureBoxData.lua	1901	dda945eaf112035cd080743991ba8140f1988ddba77af965b3ce94b497d483ab
client-lua/ios/resources/dat/global/ChannelDefine.lua	2121	e9995a670a243000b1659d720c4f62ef29f1f01d8eaa4d3cbbcc03b68cf7bd1c
client-lua/ios/resources/dat/global/DownloadManager.lua	3461	f60810f59acd8db6e5880b7ea3aa30794f87a9a26a26654d6a8a80681ad009e6
client-lua/ios/resources/dat/global/EventDispatcher.lua	3256	ed68d5555f084724e56b83267a9fb7d9d1e5069a678f0100d0eb9cb8579ac16d
client-lua/ios/resources/dat/global/FootEffectManager.lua	3950	d485be8beee80e1dccba77f92cb4332f288091533afb40757e097d83f3dbaca4
client-lua/ios/resources/dat/global/GlobalDefine.lua	79247	9c827e87f190eba7e3abe160327db23e5ec3f1ff4ec9d79ff3ecbd43448f6873
client-lua/ios/resources/dat/global/GlobalGame.lua	39043	712e592432a2430064071af061c81d4e9d697efb61ff0b029c381729f7648941
client-lua/ios/resources/dat/global/GlobalMethod.lua	282585	4751e16e4487305f2fde109651395d6f0ffa5bc266a0e8d93ea31fe91fab685c
client-lua/ios/resources/dat/global/MsgBoxManager.lua	31859	54bf4cb0a51eb6f661bde0666a490955ca46f5a31f43276eae293f4008bc1853
client-lua/ios/resources/dat/global/NotificationCenter.lua	3301	7838b903abb6e941feb9198427a027241f71dcf4a3224df4cfb14d9d3b7e3faf
client-lua/ios/resources/dat/global/PlatformInfo.lua	1353	d210594a09eb2367c63e74d8ad0e1030804bc670225b127bdc2e5c5f38be5a42
client-lua/ios/resources/dat/global/PostPlayerEvent.lua	15841	7b6cf5d037ccb75088cbb64dd8ddac15a7e67c5f1e79f35b03a6588ad5bca49e
client-lua/ios/resources/dat/global/PrefetchCache.lua	4210	dd385bc9e41adab3fada1403241abb1e87199d246afd31772a07617fbbc235c9
client-lua/ios/resources/dat/global/PrefetchCacheData.lua	34054	8e991d8969d96a6a717563a5c662e4da7b226167f6bba3c673ac607ac0935ff7
client-lua/ios/resources/dat/global/SceneFlopCard.lua	10851	185cd177c2fbb09a3f066cd1eb7792385b703233ef5d30bdd403ecc0ced0f0d7
client-lua/ios/resources/dat/global/SceneFlopCardData.lua	2831	dc0527a85d63a22db6be069e44ff172ec7c8441468142be0c9fe4fd10d3bfc85
client-lua/ios/resources/dat/global/SoundManager.lua	7701	42b3d67d2ecf61e888dfc855250cdfb5ce154b63ff23410911e893e77dafc562
client-lua/ios/resources/dat/global/SystemTime.lua	1636	d700212e2f97198210b76aab44bc427f2b0b830d77461280a951545e7a257b58
client-lua/ios/resources/dat/global/VipManager.lua	3478	dc9b59c47ed86e09c709122d03fc5b0795e0dc0d38c236a8e63e720d1861779d
client-lua/ios/resources/dat/global/WGCloudVoiceNotify.lua	15768	c03e0349cf94292dce129d30f38f0eb3e349415f12deb609e0684e16432f8f23
client-lua/ios/resources/dat/global/WindowManager.lua	47366	ec020bffa9d593e718a0a253270ec37b1f55ab594eccf6adaeace68ddfc4d41c
client-lua/ios/resources/dat/global/WindowManagerAni.lua	38100	03b7b4bfc7da54b5633b921e9ae05ba1df665f9aa934017208804cd9b8c540a8
client-lua/ios/resources/dat/global/WndChangeSex.lua	4832	4141452bfc8518d795a6897ed0878e6f7780afd5c427ac32e366804d325a91be
client-lua/ios/resources/dat/global/WndChangeSexData.lua	1421	96ec35c3fe59e930da32dbc22bdfe16d0e90801497c193a3cebba5a235ab37da
client-lua/ios/resources/dat/global/WndConfirmBox.lua	10977	186e95d990113adda2402cec3142eca6cf5f3a048b5d4e0c9ae06215b5ad4ec3
client-lua/ios/resources/dat/global/WndConfirmBoxData.lua	2787	6f5bda04819004de5731f8b9d49538496fa1dd27c0eadaa7e434afefb32e6125
client-lua/ios/resources/dat/global/WndConfirmCancelBox.lua	7600	fdc350a5f45b1e7e319cbcd67900a49134517e0f1d29f07650c8e00200e9141d
client-lua/ios/resources/dat/global/WndConfirmCancelBoxData.lua	3724	c9249e49e438c0a2d6f877b2bbfea172a94ff190faedea118905d81f70c71346
client-lua/ios/resources/dat/global/WndDressUp.lua	12924	2122a0f3be25d69213512797f7020b523222aeb00cb6c178737697ecb7b46de3
client-lua/ios/resources/dat/global/WndDressUpData.lua	1400	bf483bc5aba2e64ec85d3985499f89aaed0814bb6062ac438ce29d4c4630c602
client-lua/ios/resources/dat/global/WndFastGetItems.lua	16819	6e0231f053983db9b12ddb00811fbb0ed8e649360aa1e4e0c8db39b6dc1ef7a3
client-lua/ios/resources/dat/global/WndFastGetItemsData.lua	3350	02f99bba5bab0e97819377010e1aa46b11c9a90b3860c95e0bedf006d553ae52
client-lua/ios/resources/dat/global/WndFastJump.lua	3371	529aca8d2960832fa77ab1f90d2d9586c58b82bb6c95e6d38c1fac17ca00fe02
client-lua/ios/resources/dat/global/WndFastJumpData.lua	1709	c6c2c2d3f8d5dc6cec530994a5171fbfa10487bd0be1acf7c1b500cf5e749a9e
client-lua/ios/resources/dat/global/WndFighting.lua	5250	c38bf95d1dab6d36c767d8a42e88e144d513b48ccbc251b7f91ffdf1425696b1
client-lua/ios/resources/dat/global/WndFightingData.lua	2138	4113526532dd231e558d349c003a78d682ed42447fcb9a121e08615313de37e3
client-lua/ios/resources/dat/global/WndGenericLog.lua	4189	de4512cc7907933949abbc23a864613d46fe113472c79f0f55764d81c04bed4e
client-lua/ios/resources/dat/global/WndGenericLogData.lua	1976	e6c99c17f3bfab685cf3d1931d2e0d78395e6befc3c06b547495cfe45052b8c5
client-lua/ios/resources/dat/global/WndIphonexTest.lua	1052	1661ca2849c68ed6d99fb998d3f5a784d621c63ef1324ba0d52d7b11face3a59
client-lua/ios/resources/dat/global/WndIphonexTestData.lua	1369	19107ed421f21031c63d669dc1d4e32bd4ca7512f1367ad7b1496df89bfd2414
client-lua/ios/resources/dat/global/WndItemInfo.lua	87299	5e10880f7f5bf932d60d39a35b76921727a714feb7077b722ca2d345989dfe30
client-lua/ios/resources/dat/global/WndItemInfoData.lua	38640	632cde9624b3d7b14dbba5e3ae6c2c0fa7f03ae5fd2f17f86628558446707f60
client-lua/ios/resources/dat/global/WndLoadingBox.lua	6383	5a76be9bba18313365c22b651d6d13bc57b267957a0e574f0466769c64c383d0
client-lua/ios/resources/dat/global/WndLoadingBoxData.lua	3122	fe98e202a601d867dc5627fb0045614544474b4d3939ba989b816afb456e381c
client-lua/ios/resources/dat/global/WndMsgConfirmBox.lua	8086	646d0f9ae297b3b5067cda2f4dea2db59dd31399aa2e21eab4e55ad5740b8164
client-lua/ios/resources/dat/global/WndMsgConfirmBoxData.lua	3627	3178910458d47ac0799363fd2711e19c7dbbada548c3645a53cb1a2ed1299492
client-lua/ios/resources/dat/global/WndResertConfirm.lua	7194	dafde526285774e07ba2df7416bd250c80385f81ffce53445c2d4e0c9438c307
client-lua/ios/resources/dat/global/WndResertConfirmData.lua	1415	2054e1469a802934ea23d23859eda3cc025ee7307c46055dc7328d0a3e4c97eb
client-lua/ios/resources/dat/global/WndResult.lua	2178	2f223fa79fcd0dd4fad2f73279a1e8b38f152fc853e552f4dec6fed892c728d7
client-lua/ios/resources/dat/global/WndResultData.lua	1978	2d58b116262d252649118771118593a711658102e5420e52087fadf8de4de268
client-lua/ios/resources/dat/global/WndSkillContainer.lua	12995	b8a0165add91ed026b4ea08c8852bdbb1a45488807af2a4d4aebdfe1c3462999
client-lua/ios/resources/dat/global/WndSkillContainerData.lua	2997	7632fb37a3730979bfbefb4af1f58fa391a6384bc2adb3892acc38bb744ac814
client-lua/ios/resources/dat/global/WndStore.lua	66700	18b4c357dd97401a58fcc74f863c7892d0b7bf5a745f852b87424b609b24e5c3
client-lua/ios/resources/dat/global/WndStoreData.lua	31026	075081a8a722a2ee717a4c8557870d98f2bf4fe976aedaf51c36079a2dfef8ab
client-lua/ios/resources/dat/global/WndSuspension.lua	3121	39454e49ce18c67f2e697d42907be10a5a7fa6300e24e9ff0fd385199a20a8a0
client-lua/ios/resources/dat/global/WndSuspensionData.lua	1754	f5775e2158224857693e8c3a3407b2055b6bba1374d3d2f10e40be3de4d30fe7
client-lua/ios/resources/dat/global/WndTipBox.lua	5428	7b025e89c06d024603983591a4769e08e76b244c0679ecf83b9b8ef4984b5843
client-lua/ios/resources/dat/global/WndTipBoxData.lua	4397	19b6dc3167eb114769eee77b399e81e94ee516f374b16dbfb195c3a690491cb0
client-lua/ios/resources/dat/global/YDActionWZUIButton.lua	2947	10c7e17250cd5591ec013d492cee1e0cb871e4344f92e23295d729fa674f007b
client-lua/ios/resources/dat/global/YDBabyAnimation.lua	26080	30d54268e54014c712a39d79666accb9a8d1ab47597d84f361a325cbb5dfe563
client-lua/ios/resources/dat/global/YDMicrosoftTranslation.lua	5114	8e33beb5dd4d590ef9f0448d2aca7db07a9f0863f27853f46ee7617ca837ba45
client-lua/ios/resources/dat/global/YDPlayerAnimation.lua	90247	e480480dc7c14fa5f1d7f85279aa7d5978de7db06b96d65ae4bf6808ab427fa9
client-lua/ios/resources/dat/global/YDPlayerHeadAnimation.lua	19655	445f81b0320b907ea80c33440e82e3387d3e715d9adf7831d8c9933a0e40de36
client-lua/ios/resources/dat/global/utils.lua	818	eecc5096bd5c316a590bab0af850afd3f9f1e4466cf96ff744f6f66f6a6bc918
client-lua/ios/resources/dat/guildWar/CellCommunityKnockout1.lua	5861	57ded3799c6e8c0aa328b218278c253c6cd45756c3dedd00b67a7b6e5cab176e
client-lua/ios/resources/dat/guildWar/CellCommunityKnockout1Data.lua	2456	51bef000b9a28f8dea909e3e1bc436811d05c6d4ec078fe92cb367de81087822
client-lua/ios/resources/dat/guildWar/CellCommunityKnockout2.lua	4854	dd0e9be0ff45cde7cc3753abcb9e1def4d8f7dfe8e707ba08eeef52f44e13aba
client-lua/ios/resources/dat/guildWar/CellCommunityKnockout2Data.lua	2457	0bed0ea64c4b4aa7e71d4fa1a9348b3bb4b72699883bb1b0d23ffaf1c87f1328
client-lua/ios/resources/dat/guildWar/CellCompeteAgent.lua	4258	65cf85377c82c06b019f110463bf89478ca16cc08f429828740b5ecd24ee34cf
client-lua/ios/resources/dat/guildWar/CellCompeteAgentData.lua	4548	2a5df7a033b8fb1fd58e7d09a3e63e5e5c5899b1b0fdf936af7cd5569388f450
client-lua/ios/resources/dat/guildWar/CellCompeteGift.lua	4045	31a329453275ccb71fb551db52fdf2a881036b528285fc7f93b169f859b36c1f
client-lua/ios/resources/dat/guildWar/CellCompeteGiftData.lua	1811	0fd3d0a73d0bf3724ceb78d0aa3d0c38fe334ee48a3391ad9079e15a85fbd249
client-lua/ios/resources/dat/guildWar/CellCompeteMemberList.lua	6492	a9219ab471cd00c3d42fc164bf4312a4f900a76437384b1b2e744bc96453dec6
client-lua/ios/resources/dat/guildWar/CellCompeteMemberListData.lua	3052	282bbe3a4c8d25540e346d14a98c501d5b257fc060858ead631b04abe96b7d0f
client-lua/ios/resources/dat/guildWar/CellCompeteTask.lua	3386	bef05d3336885678aa2331f692f2b3e6d3f67702f1dda325be5043feb24e2276
client-lua/ios/resources/dat/guildWar/CellCompeteTaskData.lua	1786	b8978a330857a29c79b30129356dd73a8592af050c4565a18ae72541c2025318
client-lua/ios/resources/dat/guildWar/CellGVGRankList.lua	4495	4475b480095ed9eb4e24d77604bf094c990600714285856e927530e29c186824
client-lua/ios/resources/dat/guildWar/CellGVGRankListData.lua	3382	427d27a26ce5fc3978daf07fc147ca3f2d09daf2f14f76dc7acd465926bfaa77
client-lua/ios/resources/dat/guildWar/CellGuildGroupTeam.lua	6312	e5db21537fc2026674d03ff70740a7d7d9e690bf98990ec0953f34234f9668e9
client-lua/ios/resources/dat/guildWar/CellGuildGroupTeamData.lua	2480	851ed244a615afeb1e5bf108b7760ac70643accdb55d2c12468def29d2111dea
client-lua/ios/resources/dat/guildWar/CellGuildRankList.lua	6355	fcb62d730fd19d2f5770f939502ef51b3c69247d33e731745949b35e88995d0b
client-lua/ios/resources/dat/guildWar/CellGuildRankListData.lua	2342	1e8f07e6b90fd8c301728b420d9781f4505e43b1b1e1a7b337b224a2d7da985f
client-lua/ios/resources/dat/guildWar/CellGuildVSRecord.lua	9347	d3b7baca12396190a19e42f8b43c5a22290e46546f8008ea48fb4e373830cf83
client-lua/ios/resources/dat/guildWar/CellGuildVSRecordData.lua	2673	8f40683f077b1ad89f9e38348c909b8431ae2646442000b72ff78d35368965ae
client-lua/ios/resources/dat/guildWar/CellGuildWarFinal.lua	15188	711fb4201b645890f07bec26e809b311138b023081f37e95eb7e87ff124256e2
client-lua/ios/resources/dat/guildWar/CellGuildWarFinalData.lua	1945	79c3baf6ba153608e9c520707867f3333ee46718a07f47a5b1e879d334610fa4
client-lua/ios/resources/dat/guildWar/CellGuildWarGroup.lua	11501	6dd78df1d8d487f54c4cae9439a489bcb6252b9f474587f392feb22f546be192
client-lua/ios/resources/dat/guildWar/CellGuildWarGroupData.lua	2172	115b79e62111cfd4df591ef9530b743e22ec953d3d96aeaec9189337e96316ed
client-lua/ios/resources/dat/guildWar/CellGuildWarInvite.lua	3325	a56bfa247024003a9681771c304a74556120654bbb845ed5c73434dba4fb2fca
client-lua/ios/resources/dat/guildWar/CellGuildWarInviteData.lua	2657	9740021bb97223090a5d70a70969bae0f7f40555b71a6b091e6eccf58cc93398
client-lua/ios/resources/dat/guildWar/CellGuildWarVSList.lua	14006	7996b00476fe15c33ae429d6e59b40a861b32e25ed1dd95cc4d2466b40ec0e7f
client-lua/ios/resources/dat/guildWar/CellGuildWarVSListData.lua	2594	e55767a8059ab5fad790c40a12e7a224eb239bdd6edb20fc1293497d07bebc45
client-lua/ios/resources/dat/guildWar/SceneCommunityKnockout.lua	13506	8971251029113da51879980f89bccfc5fb30b028edeb0485604f683835187c5a
client-lua/ios/resources/dat/guildWar/SceneCommunityKnockoutData.lua	6338	a7fd173a3ceb6cfdf2d3be7b543f729ddecccbac36d5e6b011b63eeb29bc5c01
client-lua/ios/resources/dat/guildWar/SceneCommunityWar.lua	39179	4547cd810c117e6919c3e70ae1c68aae37ad7279cd0d146e504241335f1f63c4
client-lua/ios/resources/dat/guildWar/SceneCommunityWarData.lua	29265	6ed2fde4ec2cb9f33273d70edf3eec38d03884230cc5e657023de4d6f293b988
client-lua/ios/resources/dat/guildWar/SceneGuildWarRoom.lua	63506	1ceafd8ef3b87b3a6237f22b6e621e38b8771f277064bda8d93da17eb4eae348
client-lua/ios/resources/dat/guildWar/SceneGuildWarRoomData.lua	25749	8ab92def0a00da007e5981da5b6b1632f18c36bfbb749e68a78fb398259edbda
client-lua/ios/resources/dat/guildWar/WndCompeteAgent.lua	4552	13c78b1105e8edba66b02979c2ce03e3a04f35a0614df63e06b087c375408ee6
client-lua/ios/resources/dat/guildWar/WndCompeteAgentData.lua	6882	b47b00564399d3c49aea9d1476081969b5a9e64219f1a8c15619dcb7fc9545d1
client-lua/ios/resources/dat/guildWar/WndCompeteAgentSetting.lua	9516	5e0deb8a457fe0a11699282e9cfaf072a3bc39d5d02c26cdc466f804c560bac2
client-lua/ios/resources/dat/guildWar/WndCompeteAgentSettingData.lua	2480	61efb6cc9d8217d20cb4164a42d6fff9f0dfc7fedba7dc53358344438fee1994
client-lua/ios/resources/dat/guildWar/WndCompeteGift.lua	13453	a63a0c68f26bcb8a14cab80f13c74fb19b8d630581139fae0da79b43e0bff346
client-lua/ios/resources/dat/guildWar/WndCompeteGiftData.lua	2325	77772dd33a719a5f12fc6bff568e035b208940f0497a31c25709368aa7a17a79
client-lua/ios/resources/dat/guildWar/WndCompeteHistory.lua	7004	dc2f045a2443229471e038b4b70130e8c63434164b51573bea4f7e47d4b80c58
client-lua/ios/resources/dat/guildWar/WndCompeteHistoryData.lua	2696	13537149359abceee4a961d94962a5915f68b543560520d72217a3d5e2e12238
client-lua/ios/resources/dat/guildWar/WndCompeteMember.lua	13088	a466230e700abd703bc254819537531bc0cdfff7d5d23a34bb6242982f60b08e
client-lua/ios/resources/dat/guildWar/WndCompeteMemberData.lua	7817	624cfb5c315cbe703e5410154d6f55e5e7e2e1d0021444472875d57c9ea8b51a
client-lua/ios/resources/dat/guildWar/WndCompeteTask.lua	4770	fc68fc97f60b2d899701af05c7908590dc2479047b9bd4e777e8e486e4851f6f
client-lua/ios/resources/dat/guildWar/WndCompeteTaskData.lua	3015	3d0de887f4175dc60de78c770a43e47bfd0986f6a07eb674b262969bd36974eb
client-lua/ios/resources/dat/guildWar/WndFinalistQualifying.lua	11868	8de04a6138aa4a1779412528b071d30cf138e01b100372116c573a3e542d1af0
client-lua/ios/resources/dat/guildWar/WndFinalistQualifyingData.lua	5239	2696e7d83ab60d2baf47b0fc9b72bfa81b75ce649edad07b3c9cc4a847c7360e
client-lua/ios/resources/dat/guildWar/WndGuildGroupTeam.lua	4713	a41d79d8bb1a0719982e21efbb53416e01b7adc47108f4540ec3987449858e13
client-lua/ios/resources/dat/guildWar/WndGuildGroupTeamData.lua	8287	ea1daa3a874446b1da2ac13b33c47e2ad43fedc8126195aeb69ba21ba3d4a5e3
client-lua/ios/resources/dat/guildWar/WndVSRecord.lua	13009	d4c4c4a206713b43a6115dc22a885b3a2651cf9baf0ed6bb42875dcace7f7ca7
client-lua/ios/resources/dat/guildWar/WndVSRecordData.lua	2229	000d6803ba691d3096aded17e9031d7633ef81fd1318f35044076198cb5cbc5a
client-lua/ios/resources/dat/hall/CellAdventure.lua	5369	9b0d1d3d0d19becdf068373feb884bf8822dbf1cb80b9e7e03ff1d398428d6a7
client-lua/ios/resources/dat/hall/CellAdventureData.lua	1859	13de0053d8bbcc33f83a1f9887172233e449f1d618e05e1ac305d3d4b273bff7
client-lua/ios/resources/dat/hall/CellAthGoal.lua	6456	b49c598328f03580e95cba6e4edc1a1c3328f4facf26b184c429622197ef56d3
client-lua/ios/resources/dat/hall/CellAthGoalData.lua	2311	1f50e2d0ecbd7093a70d56f8595256547b20a2552a4d6217d6d4c9ebfd609eb6
client-lua/ios/resources/dat/hall/CellAthRank.lua	4853	9b786898a2db1ca2562a8e1cf0b05a571230f0646fc9cd68d8bab4aa884ae6ca
client-lua/ios/resources/dat/hall/CellAthRankData.lua	2231	d2c6048580ce8ab0f2bb8d7024e050712789daf5606b5a27ba186740db18f241
client-lua/ios/resources/dat/hall/CellAthRankReward.lua	3025	11ffdc89b45fe13bbb28cae4a0c1ab20682354e28fb7da68b560a54a23cee2f3
client-lua/ios/resources/dat/hall/CellAthRankRewardData.lua	2312	85b5367dbbcebaa7d46a97956a1346e0a07a6a4b0de3c148507e6c37e84f958a
client-lua/ios/resources/dat/hall/CellAthReward.lua	2869	d288d7ff43fe3b46445a212185cf246872aa7c95ca358cc135cc8bee49d5b791
client-lua/ios/resources/dat/hall/CellAthRewardData.lua	2496	228e16e9912249a331e872e252a4a1c40168825ae33cfc9d4c2eb1039eb68c0b
client-lua/ios/resources/dat/hall/CellAthShop.lua	5379	e7721ff193aff95f2ada953d345e7886123dc2befe8de7455a0486ea3228b5a4
client-lua/ios/resources/dat/hall/CellAthShopData.lua	1918	e569b424f33fb9952183698d7b7cacf9dd874e4433752414491c01860d94fd47
client-lua/ios/resources/dat/hall/CellAthVideo.lua	4699	3a6a21b5acdb0f9f8c1a72f4b8fab34b2d1544a4418d628899fbf030698d4a83
client-lua/ios/resources/dat/hall/CellAthVideoData.lua	1889	bdad39a0fc24f17940fbcea2bda7daee1cde8aaa4754b56a3dc7cc53c161075d
client-lua/ios/resources/dat/hall/CellRoomItem.lua	6594	dbaa733a258fc6e406d5c8753153db4c93e87d45246af158957cd49a4c04a3c6
client-lua/ios/resources/dat/hall/CellRoomItemData.lua	2808	1f66576450b2d2c31ec558a45f8fdf8672185d577d2810d9ec3f7ab189ad3e88
client-lua/ios/resources/dat/hall/CellRoomSeat.lua	29883	6ce415afce026e159e68067b9367aa70615a4b9337f58530566a1ad1be562b3f
client-lua/ios/resources/dat/hall/CellRoomSeatData.lua	7872	4828bd4649780517f675558828c153f014a4cdae89333ec19e2f78fda9a5a772
client-lua/ios/resources/dat/hall/CellSkinSkill.lua	2671	0be4ea69c9ce2824a766b6816c4c9457413c9214ff5b764ea389d3fa76b0558c
client-lua/ios/resources/dat/hall/CellSkinSkillData.lua	1930	8f8e93dab2abd5677bee0b317e674042210d2eefe476dc3cfe13e98a20275171
client-lua/ios/resources/dat/hall/SceneHall.lua	39761	3f26ba74d2ec365858ce098ab0dfb8607c9500880139766d64ce62cdb09a9ef9
client-lua/ios/resources/dat/hall/SceneHallData.lua	11004	299d00d85a44aaf8a1e778ce05f0ddeb7697638fc157bb9a9d5dae8a0c37ed57
client-lua/ios/resources/dat/hall/SceneRoom.lua	77878	8eb9d80e0637af1ff3e8fba480ab98d4318441e4ab4eccd565840845ed2eeafb
client-lua/ios/resources/dat/hall/SceneRoomData.lua	27040	2bd86bdd1fda8541e556adb1733f063ba4efb3143b32a64ed36bce7d9986b96b
client-lua/ios/resources/dat/hall/WndAthBuy.lua	3998	812033204a636807c028037f14ad6c123ec3cd572e4d455e5b21a098c716565e
client-lua/ios/resources/dat/hall/WndAthBuyData.lua	1686	ce6299e10bd448ab9af0989091006e16d5d9d75a9a8fcc75fb99031ed3b0a273
client-lua/ios/resources/dat/hall/WndAthRank.lua	30182	ad986697be17702b830a7667b14f8b7391a979905ec3c884d45bb02bd503d2c2
client-lua/ios/resources/dat/hall/WndAthRankData.lua	7239	b6433b1c67d9073ffefbf10108548eaef0fec6b89b6ac1afa797effaef026398
client-lua/ios/resources/dat/hall/WndAthReward.lua	9277	bd88916ee4f1b2ef37a131012744bcdfd51c79de8918de203c31d26c4d4913a1
client-lua/ios/resources/dat/hall/WndAthRewardData.lua	3461	8f30ce125f05727273a1f6351aba1b832e6f95681b27ea1def2d64be58f30b71
client-lua/ios/resources/dat/hall/WndAthShop.lua	5406	fff92222b5ea04b7dcb08232db04794923fb7b1e1d799c2c76aabc9ed8a6ab3a
client-lua/ios/resources/dat/hall/WndAthShopData.lua	3148	c975c4e0aeed031cf310ae3b327c8d8bce2ff70fb66cb26656394ba9d29e103d
client-lua/ios/resources/dat/hall/WndAthUpgrade.lua	8178	fb5dfa01f5577c32c30ced943f5baca47bc8159cc7531ed0f10e3d304b491d03
client-lua/ios/resources/dat/hall/WndAthUpgradeData.lua	2597	0e672968b5a80bf6da9e3a3c2ba52c81919e6ba62dbde6622931dd04d499ad69
client-lua/ios/resources/dat/hall/WndAthVideo.lua	5544	98d6c9ae5a71c1439e584f8e9d7bfebad62d9f8e0cdccaf446ce129d28b71bd4
client-lua/ios/resources/dat/hall/WndAthVideoData.lua	4949	9942bbfe05dac00229c52b9684788c7e88edeaa2b15f45139611cf81546a4ba5
client-lua/ios/resources/dat/hall/WndCreateRoom.lua	6813	3a04f30ce302129016949f6634bdf3aaef7acf264f21cb26fed7595c0812161f
client-lua/ios/resources/dat/hall/WndCreateRoomData.lua	2062	dc76821dc140383eafe6e93a4bdde8e4f1226a0f0e9294aa990ed6f3e6b903da
client-lua/ios/resources/dat/hall/WndEditBox.lua	5614	a296de38cf081066ae92a3d50f1bc6bdb66599dab23e53ee44dc6d13afcb5e9b
client-lua/ios/resources/dat/hall/WndEditBoxData.lua	3183	701e92008e85397556c9ac49d030d0dde5e4215f9c4c7171822835745705bc3a
client-lua/ios/resources/dat/hall/WndLeagueLoading.lua	977	ddd14e8069bc91401ea17077f5248bf9d1b145f42218409002af4f9ea80d8d6a
client-lua/ios/resources/dat/hall/WndLeagueLoadingData.lua	1349	635649dd3058a3bffb4b8e894166ce34d1429e8a3b137acbf3e8075601357953
client-lua/ios/resources/dat/hall/WndRoomSetting.lua	9300	80d151b9c6dbddaf4d570eb8b5afabb28e6f5ca4cf416cc7cba7f0a5674ab09f
client-lua/ios/resources/dat/hall/WndRoomSettingData.lua	2839	16a978af3f889b09f73e5256c902a0fe455a08743ffd363c7b5ff81d6ee878af
client-lua/ios/resources/dat/hall/WndSelectMap.lua	4051	6738453ba83ef67002d299d42b9295dac68aa48f2f60195703dfb45add425235
client-lua/ios/resources/dat/hall/WndSelectMapData.lua	2192	c36effc3a1739bac7e238ea43a76baf1499dab22d22ade84660d2103210b8ce8
client-lua/ios/resources/dat/hall/WndSkillProp.lua	34559	2f3ed939fa4d613d3bd3d0a0f27814ea6e1d9462e39124f8bfc0da3839b99357
client-lua/ios/resources/dat/hall/WndSkillPropData.lua	41043	8667778a6456f71acaba36483447c60891a0634a07b879a9c0ce05085abf0741
client-lua/ios/resources/dat/hall/WndSkinSkill.lua	8533	510d5c270d7b85e99cb01a63167c31f59d912f0d64cc637bf32574afae31af21
client-lua/ios/resources/dat/hall/WndSkinSkillData.lua	1915	553649134af927f4da4afdcf7fc42352b48859ff88a7fcca46d4d64180284c83
client-lua/ios/resources/dat/hall/WndSophistic.lua	22113	da181821ba2a93449c3104dd4022cfeffffc937ae6345ac260e509386cd2e6c9
client-lua/ios/resources/dat/hall/WndSophisticData.lua	3258	65012c9301ccc94bc2e96a0c429fd0907a579685b545142261465e0b301a1e21
client-lua/ios/resources/dat/hall/WndTrain.lua	7495	2668c9a5d4da6e1cfc31c546d1e2ab265d6e6beb705887bbb0d975327ce47851
client-lua/ios/resources/dat/hall/WndTrainData.lua	5200	3134dc767e699238730f666776b6109aadb6aa53b6cc17cc9c08f4f7853b2c34
client-lua/ios/resources/dat/island/WndActivities.lua	3740	bf43be4c0680ab9a1b17eb014bfd62c73e977cbca0a07abbcd13d1911fe3eca7
client-lua/ios/resources/dat/island/WndActivitiesData.lua	2091	5f99eaf466bd1a9702efbb2c549dbccec9a1362156eebd43b0809cf0fe1ef814
client-lua/ios/resources/dat/island/WndActivityMenu.lua	10784	4b1d6bb712589fa941902eb32991f3598a6437c248b13cbafadba265f8a35635
client-lua/ios/resources/dat/island/WndActivityMenuData.lua	2259	425517b0b4548023360a92fc363e2a2f01c25f598e4e1c5582b81550950aafa2
client-lua/ios/resources/dat/island/WndBottomMenu.lua	19940	fb0ae616bd4e234d6820bc5a0fa83261495ce73fdc2138785eb823d74bc9ff51
client-lua/ios/resources/dat/island/WndBottomMenuData.lua	5980	d711f1e55573baa9cec851a38d53ea83393994c2e4e8407b306fe4ddd018af74
client-lua/ios/resources/dat/island/WndLeftMenu.lua	11576	3d629b0eedbccea63bf7d961651b299bf80a444df605f08c72c7669cd0c8384b
client-lua/ios/resources/dat/island/WndLeftMenuData.lua	3932	f65bfbc3dcf11f000d70b4031c6ae00807bf8444932a5987e73e5b7c9ee678ac
client-lua/ios/resources/dat/island/WndRightMenu.lua	14530	6fc54a12ba438b0b2fdd323adddc2453ed8b27a30c3e8b4974b659803130b1ac
client-lua/ios/resources/dat/island/WndRightMenuData.lua	4154	0a3c7656c4c41984553f88cf582aad9badae79ce7e25fef68ceccda96bf47190
client-lua/ios/resources/dat/island/WndRightMoreMenu.lua	23106	bc18fe4972b7a83eb3710245476684a1fe01638b81dd38e1949191e739c7f127
client-lua/ios/resources/dat/island/WndRightMoreMenuData.lua	3096	56bdd43d646bc880beba93b69286a21da4c9710c755307a6c466de6b5d489626
client-lua/ios/resources/dat/json.lua	15858	5b50647f7e680bc0e0acb95d1243dc68110ec15680d8f9db0db0d2a2e1b66606
client-lua/ios/resources/dat/kingBattle/CellKingShopItem.lua	4003	7683ffa84e047d25d8adb36598e980c48360ae70b2bd27280a00bd2580a61233
client-lua/ios/resources/dat/kingBattle/CellKingShopItemData.lua	3078	6b6a31f921ad10656c891424e516ca4f4c42fdf627064c28e0e4a8f977bb0089
client-lua/ios/resources/dat/kingBattle/SceneKingEntrance.lua	10205	d0fab747105c662463a61d89490ff4a88f6340f420a6eb050b7b7ce5ebea553e
client-lua/ios/resources/dat/kingBattle/SceneKingEntranceData.lua	2131	6bb627e5dc2fa974611e870a0ad3f792754a6a451e83ca8e3165ccbb1c7c44a7
client-lua/ios/resources/dat/kingBattle/SceneKingMain.lua	16260	2c2c57b43abf2c44305981214d809e9064a61a307ba2d0796fef0edecf800271
client-lua/ios/resources/dat/kingBattle/SceneKingMainData.lua	2347	9ce20643a27f863a15d7bcf86d6e3a9b7f21e370b2a228bdde73042cdef0713d
client-lua/ios/resources/dat/kingBattle/WndKingEndTip.lua	3577	771e2638e8f288126ed6cc9cde6df0e69caad08b20b9e8094cf374e208b3578c
client-lua/ios/resources/dat/kingBattle/WndKingEndTipData.lua	1806	74679bc0b7001f28641e3a61a8c21f2a196fdb1a3205f07ecbcc143b7e2a6bc1
client-lua/ios/resources/dat/kingBattle/WndKingFamous.lua	3960	6b824e9ed2a353cd722dc046f4953b2e3073fc09a5eb81e86a54ee126bc6c682
client-lua/ios/resources/dat/kingBattle/WndKingFamousData.lua	1350	395ba3fbbf86527d6ddf21d99304e4f692222960abbab8e789045e5c46ae28e4
client-lua/ios/resources/dat/kingBattle/WndKingRank.lua	6762	d860a7edaf0f14fa386f55fa2f8575a820102a4aeb93aeb682e5c30db82113c7
client-lua/ios/resources/dat/kingBattle/WndKingRankData.lua	2301	436dc409ad1bca9aaf44c7b9096a7e453689d0722ec4820c758743a74b0dbc4e
client-lua/ios/resources/dat/kingBattle/WndKingSettlement.lua	4008	84151742e8b4b266928ea72c6867093ca61fb593c0900f8cad5c45fa95b2b836
client-lua/ios/resources/dat/kingBattle/WndKingSettlementData.lua	1472	8973e48f512083ca3e524513dd6cfa080c67990cad59aef122af3c0fa51c6d47
client-lua/ios/resources/dat/kingBattle/WndKingShop.lua	3242	efc6334cb843f7468a2fd00e9734cc971746ea89685c51fb19cb2b62480bd5e5
client-lua/ios/resources/dat/kingBattle/WndKingShopData.lua	1615	fc3288636904034407c8548b1c3cbb45bf537a85cf474ae45935289c8c295d02
client-lua/ios/resources/dat/kingBattle/WndKingShowAward.lua	4716	b268a3045957b2145934b9dc926ac9149fc6dba7b7dff49753398996bf35dba2
client-lua/ios/resources/dat/kingBattle/WndKingShowAwardData.lua	1384	10a08bd2b3d567e3374bb677c2d52cbda87b9e51851e6e72488ad1f4f5b9a817
client-lua/ios/resources/dat/league/CellLeagueApply.lua	3002	658104c0e246b292bb90773cda80e931003ca4cca0a43c2f77cc2aca0513808a
client-lua/ios/resources/dat/league/CellLeagueApplyData.lua	1980	839748eb20d90d69fe021049eabc3f83561ba19cb37fe5e6997e120737208846
client-lua/ios/resources/dat/league/CellLeagueHPRItem.lua	3445	8a04e31cc259ebd31a3db107bd4f04fd0590820f5e28aa9653261d21bb9704fe
client-lua/ios/resources/dat/league/CellLeagueHPRItemData.lua	2821	076c5a960274ba6588a1f568cbaf73e39829935e6c730d21b10777238aabd719
client-lua/ios/resources/dat/league/CellLeagueHonourItem.lua	5095	a76d7d0558adf5bbed614edfec773d3173ffea28eb461d716cef5346e9de04c3
client-lua/ios/resources/dat/league/CellLeagueHonourItemData.lua	2108	b9ed03195c4cfa292c77d35db44ef0f5a0100319371793968b0ec1cbb05c77ed
client-lua/ios/resources/dat/league/CellLeagueInfo.lua	4459	34722a57c95cbfd3f678874d204b8a4924e8965fe91a6b42777a01b5694293be
client-lua/ios/resources/dat/league/CellLeagueInfoData.lua	2092	5949ea6ee926437699398969301e2f115608593d02b42977a3abf495f016c46a
client-lua/ios/resources/dat/league/CellLeagueMatch1.lua	4955	a5f59249dde7fd94002d48df96b238f2a02b6b0f5006143ef230363c3d54502e
client-lua/ios/resources/dat/league/CellLeagueMatch1Data.lua	2186	aacb79897d82d139341e191f4a25ddb2ffadce6b4aa24156a13ff89a17464aaa
client-lua/ios/resources/dat/league/CellLeagueMatch2.lua	3951	fc5cbb9c49cfdc1d67eb704b6994e2062e77edd68e5517d1114b303b7339fc9f
client-lua/ios/resources/dat/league/CellLeagueMatch2Data.lua	2186	73132d05c3c3c972265754acd32dda6e2fbbb6d202816e69d87c6a1ca1d77379
client-lua/ios/resources/dat/league/CellLeaguePlayer.lua	6316	d11f5ba8d8f6bf92ca302bb480e395dfcd51e8b41953cca127e80fbdcb29ea3d
client-lua/ios/resources/dat/league/CellLeaguePlayerData.lua	1912	a3d173771acc73abd75aaa4c4b9f7f32123962ec2d8cb8374a2be37304932494
client-lua/ios/resources/dat/league/CellLeagueRank.lua	4205	5c75c4fb5431776f66c8e21343d7b7660b865358a0d4cbca799f9959b7d474da
client-lua/ios/resources/dat/league/CellLeagueRankData.lua	1982	1b6b37815bec450c6c7c46cf5e3a329c36d5614d202e967568e1726459fa0649
client-lua/ios/resources/dat/league/CellLeagueRecruit.lua	3440	2b0723adf233c70183d46b2db3c94ff8c7c8819ac8d5322ed8f136b4cc3687cb
client-lua/ios/resources/dat/league/CellLeagueRecruitData.lua	1841	3b86f833f204ef0559458c3dac12158191830cec32d10b4f053e41989e2b8a69
client-lua/ios/resources/dat/league/CellLeagueReplayItem.lua	6932	d3c2797da3b3b2d645ef70e65ff96883eeadf64bb23c4769a8e5212fe2777f7e
client-lua/ios/resources/dat/league/CellLeagueReplayItemData.lua	2564	010843c8c2b7253ef7e099efba4fe2edaee1d531afe562197c5341b1ffa37950
client-lua/ios/resources/dat/league/CellLeagueRewardItem.lua	5022	d039c5092c632c38f3837dae14b9cdf306e40b64ea68636124195bdbf2c2fba4
client-lua/ios/resources/dat/league/CellLeagueRewardItemData.lua	2061	daf99fe4d2b1ddf3be722f3b8c4229673e092a5b40347bfab268c5c3226d486c
client-lua/ios/resources/dat/league/CellLeagueTeam.lua	2538	f15f1b4bf5b726d5b5e538d720f08701110b0e6fbe0add03d300e0bfe5ad89cf
client-lua/ios/resources/dat/league/CellLeagueTeamData.lua	1980	e878861e05245306bc1eba509cecd1687b4121999950227f6bf4a0a314e17427
client-lua/ios/resources/dat/league/CellTeamMember.lua	2381	fb36d96877ebff85ad512ee2ed3362c2ba031c05d315bd4998ee65e7dd531074
client-lua/ios/resources/dat/league/CellTeamMemberData.lua	1995	3f034004f8e57bd65bbf229211f858337837bb09ab49cc123bda6ad91c9de53a
client-lua/ios/resources/dat/league/SceneLeagueMain.lua	12794	1d889497deac08dc745fdab15e2a7c936981ad8d898f712bc4fd06945df84629
client-lua/ios/resources/dat/league/SceneLeagueMainData.lua	11504	e5c27db96fe7fc2e0aeab30bcb3994e2553ce6f759a654020c86956e0889cd62
client-lua/ios/resources/dat/league/SceneLeagueRoom.lua	8820	8fa51fa0904527437482cf76e221e47cd3433adef90e58a25af1f07f7f2ce7fb
client-lua/ios/resources/dat/league/SceneLeagueRoomData.lua	7291	bb72fb523c7daea1f44727f210c90310eb174c64b5fee0dfcff23ef777592f20
client-lua/ios/resources/dat/league/WndLeagueApply.lua	6629	4478712e8a951931b3f0a6cd247aa0c67d9050a2731c0fb1bba3519d85bebb80
client-lua/ios/resources/dat/league/WndLeagueApplyData.lua	2270	a6cc11ea2f1de5208fc813e401963ff90b7a22bb5a5346bbc30857680a340be0
client-lua/ios/resources/dat/league/WndLeagueCreate.lua	10662	db475aae3284bb9536803a1c5ca613cb45b6a4da12b6316dfd960ef458d8e4d6
client-lua/ios/resources/dat/league/WndLeagueCreateData.lua	1721	be4719ddcb4910a1f860b7e843c5079e04f4759b7cfb163a43b2f7dedc26030d
client-lua/ios/resources/dat/league/WndLeagueHPR.lua	20059	149c5bd4ecdc9db0a3bac4a6e3917abe1886f5a59a7d4887dd3e6e734d97fef8
client-lua/ios/resources/dat/league/WndLeagueHPRData.lua	9675	63b3d6d30cb391d43c3430b242073c4b69215b185c5b41f109d54bed9ffcbf93
client-lua/ios/resources/dat/league/WndLeagueMatch.lua	15432	2b81ffa61a8e16826698a1c17878efff203e1b6a753c3686388756becde0416a
client-lua/ios/resources/dat/league/WndLeagueMatchData.lua	17278	c6f6eef108bd979d7015016b79c5c97a480c12debc0dbc6b7d28e334104be61e
client-lua/ios/resources/dat/league/WndLeagueRecruit.lua	4705	e5236cdd1111055f55b1e93f42690d74342329cbdf07de11d0188fef1a17f19e
client-lua/ios/resources/dat/league/WndLeagueRecruitData.lua	2147	e9df423ca3622214ef11ba56cdd904cb8fab1198926efb577082f73e777e301e
client-lua/ios/resources/dat/league/WndLeagueTeamDetail.lua	53824	058e6236b70d9b12f514a1aa3b62023f2689fd5778e330d730c0db246764c4b9
client-lua/ios/resources/dat/league/WndLeagueTeamDetailData.lua	32924	978706960baed12e8ea301af6682a5e094668d2c50b87c91c0d68e08d4aa5800
client-lua/ios/resources/dat/league/WndLeagueTeamList.lua	5412	456cc83053d23b49397b4fc47b8f801b25ca6ef6411cddc3c9a568469796aeee
client-lua/ios/resources/dat/league/WndLeagueTeamListData.lua	1873	062a1c966d33674bc4b2261b71749395418449a5c869c0ca67191b4b7daaaf99
client-lua/ios/resources/dat/league/WndLeagueVSInfo.lua	8758	ae7795b7ff279ff98d4fa344bf766b4f29cfe8e8024b39f8b2b700b88cac8d3a
client-lua/ios/resources/dat/league/WndLeagueVSInfoData.lua	3936	5e4352ad73f9160054fb9b5cdb97906b34280b4bcae794272bf170d29e19e9a2
client-lua/ios/resources/dat/league/WndTeamTips.lua	4619	3ce2256daa349f0d302875f548940b67781f38747f389071c7938c2d2955ecf6
client-lua/ios/resources/dat/league/WndTeamTipsData.lua	1892	05b77819c3547e43a930b7aa4b1782783f0b6b2409d0d287259b304dc5ad9dec
client-lua/ios/resources/dat/leftMenu/CellBackFightItem.lua	4159	6671e3ba6141c4f029baefcaac32c51c26b0284a72997e964510e136b61479fa
client-lua/ios/resources/dat/leftMenu/CellBackFightItemData.lua	3190	e00cd62ae1f6671c2a0d51f20575e7cf7e335ff76909457c61086cd567e9aa6c
client-lua/ios/resources/dat/leftMenu/CellBackFightPanel.lua	8476	44ba953530ba45f3657fb395d29ccc018d2bfaacd70e9d2ca3519589a8ef4da4
client-lua/ios/resources/dat/leftMenu/CellBackFightPanelData.lua	3161	6c1292f86053a3c7b07ab9d27b5f92212608256643fa340cd93e395765944498
client-lua/ios/resources/dat/leftMenu/CellCommunityFight.lua	14012	2e862eed9a1fcb46140022537133423778510e81f8bb5223f559820e9a76d70b
client-lua/ios/resources/dat/leftMenu/CellCommunityFightData.lua	2571	d64584c3093704ec708cd19455d20459cc6dfb87e683718d7e8cc0a1c4ab8c68
client-lua/ios/resources/dat/leftMenu/CellFootballGame.lua	11018	75dbb6084569809935c064e88f6fbba46d83fb3bbded64f3248b83662843fdcc
client-lua/ios/resources/dat/leftMenu/CellFootballGameData.lua	10336	9e7009bc7517a3c732e4c18babf2fa5f7689915068b7a4574c51a571cb2de82e
client-lua/ios/resources/dat/leftMenu/CellFootballGuessRank.lua	4738	4af7bfdf74fc3de72d9fb445aa81c17c0e64e0562f819e256ad83603cc7ea8f5
client-lua/ios/resources/dat/leftMenu/CellFootballGuessRankData.lua	2006	367a85bbc24d01e595257059eef2c49dd164da6cc0a41e554fefbaa0f7118d52
client-lua/ios/resources/dat/leftMenu/CellFootballGuessResult.lua	2596	b853e37c626091106a0a589f7f1561c306a342d259aef2b4dca0ecfb3fce31f9
client-lua/ios/resources/dat/leftMenu/CellFootballGuessResultData.lua	2027	a512b1265aa7465a760fdd15fd3924f0e2138899ced0a1c677366367494c5e85
client-lua/ios/resources/dat/leftMenu/CellFootballGuessShop.lua	5962	c14264f6fb6602b54c1fdf2a6a0e0037eafe43f347a1592dab0983c799b56b1a
client-lua/ios/resources/dat/leftMenu/CellFootballGuessShopData.lua	2271	10e6b2d8a184918958d2cfa1f1d7c82d823b92410e9770522b2cce53a75ed4b7
client-lua/ios/resources/dat/leftMenu/CellFootballQuizBtn.lua	2413	9359adcc02ed4fcabbb7dff4d417411a3fbc7aa86daddc2cbb9e05f3e4e0b64a
client-lua/ios/resources/dat/leftMenu/CellFootballQuizBtnData.lua	2196	91bcefc46f1056cdf65fdfafcdd498ab097c05f5c4133571069503a6ee4cb5d4
client-lua/ios/resources/dat/leftMenu/CellFootballShootRank.lua	7372	e7de7c8ff3d1a980d633be5954786d1eb5f40f22223af44733ebe755d2d63335
client-lua/ios/resources/dat/leftMenu/CellFootballShootRankData.lua	2594	4fe243f7ebcc8d8acc10a8a726ffc06b8e320a4ac757af1d8a332763d4e3f3c5
client-lua/ios/resources/dat/leftMenu/CellGameSingInItem.lua	16267	c6d06da2dc390c110d53e0bbc7c276b4252e81e5ea0c6b3ad4708555fbfad12d
client-lua/ios/resources/dat/leftMenu/CellGameSingInItemData.lua	4468	0842721e0bdf2e9de1675a1e6d145111b3ea81bbb25a4a7f9e6a0890cfa91794
client-lua/ios/resources/dat/leftMenu/CellLeagueCompete.lua	4072	7ef32ece73dc1b1d6dbb789209f8e0c6dabb6e86c35e630ea3e4ac1396a21087
client-lua/ios/resources/dat/leftMenu/CellLeagueCompeteData.lua	2177	106c4099800839a95b8eb194fe0802009825f829bbb44f11fc45b565fae0f91a
client-lua/ios/resources/dat/leftMenu/CellPvpCompete.lua	14291	9db26d71a093b6fba97c06517287bf519a52e2ba375714c03764ddc03a5e3456
client-lua/ios/resources/dat/leftMenu/CellPvpCompeteData.lua	1952	ce5ca24fd73e684ea0111be0f430628c6de052d2ac2d73e96b4b41b0835777da
client-lua/ios/resources/dat/leftMenu/CellRankAthletics.lua	2579	e93fb3b08970e97fb830b3259cdbcd492f48cd13fb2786a95b18e88b665c40be
client-lua/ios/resources/dat/leftMenu/CellRankAthleticsData.lua	9013	a7c14d28f7dce8c9922758424b004135dca23dec41ef2dac91d1ed1e8f80cbc3
client-lua/ios/resources/dat/leftMenu/CellRankFighting.lua	2782	34f55a53d4c054aeade8cfa36b966485d293becd415a205be8da01d9f8e2e5df
client-lua/ios/resources/dat/leftMenu/CellRankFightingData.lua	11358	2e144b2606220eaa49b9830082bf2f1b0ee03b3842dc5dad6e70a9ecd2c9cd52
client-lua/ios/resources/dat/leftMenu/CellRankLevel.lua	2537	adf868477d43b7cf03bb553501b58136106c0c779c5a050793172723a67141f2
client-lua/ios/resources/dat/leftMenu/CellRankLevelData.lua	7426	482f5a2d995bd665f27fc6501dedd041010e0aa8afcec8c9bf60a49237b08685
client-lua/ios/resources/dat/leftMenu/CellRankListInfo.lua	2937	f8b9ff329f8223c450431d297402d0582401ffcc6b61a507115ad6818b15605a
client-lua/ios/resources/dat/leftMenu/CellRankListInfoData.lua	7079	d4724714393999c619222576292c0ad51f515ec4ed2acbc86c55754a02923387
client-lua/ios/resources/dat/leftMenu/CellRankListItem.lua	2952	6933d0ee81658ef199bed70a502bfd05623fae9224e4991d68831ef06323914a
client-lua/ios/resources/dat/leftMenu/CellRankListItemData.lua	3495	c92715c449c54a7199573832f7da5e8026f5b7146b310552dd3f35eb4529b320
client-lua/ios/resources/dat/leftMenu/CellRankSeat.lua	36165	39c1745dcf05f515e2d64bd74d8171b503822667dd608289486d3358196940b5
client-lua/ios/resources/dat/leftMenu/CellRankSeatData.lua	2425	02dea921f6aa02a2bf373c1804550cf97110d152309965debf82ed3793be6367
client-lua/ios/resources/dat/leftMenu/CellStarSoul.lua	3422	841bbfe57ba8c64ea1bc0d4e2eeee7d03005dcfc718f62158880075a9c73b22e
client-lua/ios/resources/dat/leftMenu/CellStarSoulData.lua	2357	08a131e5e02c7e9524a76d56e9bb1e481a2acc348ce79f16ee398c81c24af162
client-lua/ios/resources/dat/leftMenu/CellWelfareItem.lua	5733	c31f4cfb256f213398ef04da51c6a2cf8d5f5639ce2f5399cd01ce89dad6c80d
client-lua/ios/resources/dat/leftMenu/CellWelfareItemData.lua	2726	e76d6678ef12299b6f4d7ce30a606f433024653016dccb6928bcaaa7af9a83c8
client-lua/ios/resources/dat/leftMenu/WndCardDraw.lua	14672	cfe1104430f6eb4b6e6f185ff45cc345e27669c77c492ffb2ab236769bbd02c6
client-lua/ios/resources/dat/leftMenu/WndCardDrawData.lua	4901	8a4bae532951805786eab5e72f2fb58b912fba31f7d6d9eace5933422db26304
client-lua/ios/resources/dat/leftMenu/WndChallengeEntrance.lua	11751	031be92b85d53b2587adf88a8dff5bd3fa9588db6abdad1a196946290a100f52
client-lua/ios/resources/dat/leftMenu/WndChallengeEntranceData.lua	2818	95d13b2dc4d694989d129be48cfd1e438ee3358a6aac96db1c7b7bcf1c745e50
client-lua/ios/resources/dat/leftMenu/WndFootballAct.lua	17902	448170a939dde1377f135769dff9d52d429c233d591519e321103a49cc0dc6f0
client-lua/ios/resources/dat/leftMenu/WndFootballActData.lua	5130	6061f5c7c44443956a49c2d40fdd1df6965d41ebc903eb4e6bb8bfbc3cb2c940
client-lua/ios/resources/dat/leftMenu/WndFootballActivity.lua	25185	98ef3f4fac120690a7fa7b9480055a331e43d79c4fecf9737dcc033cd6eec3e4
client-lua/ios/resources/dat/leftMenu/WndFootballActivityData.lua	6484	6e5a1af7011856d8be1dc8ee1a8656b9ce67a26cb50ba178e44127b256076263
client-lua/ios/resources/dat/leftMenu/WndFootballGuessList.lua	3948	b26c7a66e9c7647a983740271aa4e21b2c66217b5a466347ad5e6bfd623dfe48
client-lua/ios/resources/dat/leftMenu/WndFootballGuessListData.lua	4584	cae262d847511cd5da375f3b426caf4ac6ccc1b123add77c3962719620f1278d
client-lua/ios/resources/dat/leftMenu/WndGameSingIn.lua	15830	e4ccea5332d3204cfcdc5a34cca05e0696d2206ccf4789a2a3ea2e41fc3db6c9
client-lua/ios/resources/dat/leftMenu/WndGameSingInData.lua	3455	c63f6cd86ab5d8152fe03a6bcc8c4c531c5b5042a857ccfbbe5fcf1c4f6898e5
client-lua/ios/resources/dat/leftMenu/WndLotteryRandomReward.lua	8019	799b0381bee7b750af3a93f404fea5030d176d1b03bf07910bf54c324b0cf91a
client-lua/ios/resources/dat/leftMenu/WndLotteryRandomRewardData.lua	1989	00999224c0a47885cb75cbf3432b51f557d72a509991b1fffab1f6997db31519
client-lua/ios/resources/dat/leftMenu/WndLotteryReward.lua	7634	1a0470d3683f4cd9eb5910183b1383f5b09255a9488c21924da3c338bee890e2
client-lua/ios/resources/dat/leftMenu/WndLotteryRewardData.lua	1731	cef391cb9e56cf2b1585c3363d35234d2c510b6b56f8973f0a58f0959522402e
client-lua/ios/resources/dat/leftMenu/WndLoveLottery.lua	15494	d52e7c49a53968e81fc6f7fbf65c146153ed026f9fc3f9dba27eb8a91694b513
client-lua/ios/resources/dat/leftMenu/WndLoveLotteryData.lua	4629	d480098272d446ba9217003d608f3119ef9d987e2eb9ad5dc5512a1ea6dec2d8
client-lua/ios/resources/dat/leftMenu/WndNewActivity.lua	28394	36fa9054fc6aa2ff18875b5f732dea0278f7360eeefd1f55d155a13762a07397
client-lua/ios/resources/dat/leftMenu/WndNewActivityData.lua	26151	7462f00e2f4a8f62dab304dd2865fa2903cc192383bb79441e614f032386c298
client-lua/ios/resources/dat/leftMenu/WndRankList.lua	42496	053cc29cae7857ec2fdf1044fe353ac19e5e7e8299ff5d71cfce9ccb78bbdff1
client-lua/ios/resources/dat/leftMenu/WndRankListData.lua	14029	7bf117ecd3e186f9950e9200cec1c89097c30645f464b5736bc4772cb4f6a511
client-lua/ios/resources/dat/leftMenu/WndRewardShow.lua	16999	abe7f692d93718c3dbc698689bdf39edfd4b85d19866c292768c466d4ac1d132
client-lua/ios/resources/dat/leftMenu/WndRewardShowData.lua	3479	2231fdcd24c5662095607917cc949f2e808e83f287993d6a6933b0ec874f3621
client-lua/ios/resources/dat/leftMenu/WndStarSoul.lua	28960	ed86407e55a57dc924ac3a1d42576907b1a0dbb52e1e6bb111049bc90d6b005e
client-lua/ios/resources/dat/leftMenu/WndStarSoulData.lua	10417	db8d12659f790788da9038004ce663f44dc1fddf1e5990597d2ce6dcb817adee
client-lua/ios/resources/dat/leftMenu/WndTurnTableLottery.lua	14034	33499016099f7175f11076541dc7d1d3ac7be63558421ab1845d43bce4b13dde
client-lua/ios/resources/dat/leftMenu/WndTurnTableLotteryData.lua	5163	001d0620488e2687fc2a32f05fbdc9d01ff4d2ec0bb775ab42e4a11181d49da0
client-lua/ios/resources/dat/leftMenu/WndWelfare.lua	44276	1a8de3ce33523a33a5509c46dbb8469de7fde8b6429146542bec8e92b0f09c42
client-lua/ios/resources/dat/leftMenu/WndWelfareData.lua	17192	9315e842ba61b103c920ae31c63a21d00778f419e7341796ea73848beaa692cd
client-lua/ios/resources/dat/library/CellEquipItem.lua	2474	1f209b168ee9d5300edc549384ee11e4ad8123a804a80bfc365ff47a24a4e54e
client-lua/ios/resources/dat/library/CellEquipItemData.lua	2505	5ed35c36c95d3272b5283fabdf25546890389c87dc04a798aac57d22a3fd292f
client-lua/ios/resources/dat/library/CellEquipName.lua	2476	67478f26584e3292cf82744efc39235ef99f8f534485fed32588bb43173ff7a0
client-lua/ios/resources/dat/library/CellEquipNameData.lua	2236	c1bfc9db7484ee3968ee57f18e0c5ee0bbbfcb1538db2c78ebe3431e908fcea7
client-lua/ios/resources/dat/library/CellLibraryGoodsGetPath.lua	13652	4f244a317069462eb8880236d63a6ff9a43a415e82a0b6a13d72a30d86341f51
client-lua/ios/resources/dat/library/CellLibraryGoodsGetPathData.lua	2500	24070d3b2a4a959e29453d4494c7808a7d276a2d32232dea7bc82d1c2ddfb5b3
client-lua/ios/resources/dat/library/CellLibraryPathName.lua	1582	1008f17d0cc2965202d1b390ceb7474650eabf57be43e49b65156f1e2d91cbda
client-lua/ios/resources/dat/library/CellLibraryPathNameData.lua	1999	f152d5e4ce8771d08b708beb6b70bb2ac94e2b2bb0a8d5070232b343d8e5eb4f
client-lua/ios/resources/dat/library/WndLibrary.lua	12918	4dc351784ba6947f4cb49b7ab60848e0317b1d9bfa719bd54d96e0e4336b096b
client-lua/ios/resources/dat/library/WndLibraryData.lua	32955	24a7220809543f54c9ce846fe160714b1d86ad7377a3ffb5beca5c0433fb084d
client-lua/ios/resources/dat/loading/CellLoadPicture.lua	960	74370d15c0697d2e6d0fd9ec6f123bafcf593060e4193db6c5a42a4de2bc3d2b
client-lua/ios/resources/dat/loading/CellLoadPictureData.lua	1937	9df8f1be3f84e570d1390abd6c91afc5cc2005a2fd73c99fc2d2b9d3fb5e4652
client-lua/ios/resources/dat/login/CellLoginServer.lua	4149	55a1cdddf4d7c84c1f52e310d3c1059b36e553484fd0980d57c5e58dd5a2ecd6
client-lua/ios/resources/dat/login/CellLoginServerData.lua	2474	0ee5a9c9f6ffa8b9cd8764d91e89bd20f604309eaaf8b8a396fa42797a42b683
client-lua/ios/resources/dat/login/CellSelectServer.lua	2994	afd0947e8e5b67f258887cb13e7a93f796635fa9ab3096722eec47a75c4109e2
client-lua/ios/resources/dat/login/CellSelectServerData.lua	2350	2960624a00f2859275896c21647ace01814e64287a88293a4f3a8d78f57b44b0
client-lua/ios/resources/dat/login/SceneLoginMgr.lua	11243	08bf1156174c3148d128ef416f279e482d132e2aa79218098bdab0c180dbb274
client-lua/ios/resources/dat/login/SceneLoginMgrData.lua	1484	82694009b212cafa37385703c6894a0ea27e3719264fbd751b2e26296e7d913d
client-lua/ios/resources/dat/login/SceneTempServerList.lua	9847	46c372362b18c3b5cf2f4e3e9832e202619a5be18aa43299f27e8e16e53b25a8
client-lua/ios/resources/dat/login/SceneTempServerListData.lua	4049	cabc497395bf860187ae0605f6d344652c8e9b4bac041ff710feac2aff7c86a9
client-lua/ios/resources/dat/login/WndBindAccount.lua	11218	0456715e083f6fff0b6f69709448442a90ecc4ac7777c3337584bbe60482b8c2
client-lua/ios/resources/dat/login/WndBindAccountData.lua	1728	3e36e1900464cf1d42a751af5bc51192c22eecce2983f22499bbd1dbbe08b282
client-lua/ios/resources/dat/login/WndDownLoad.lua	44486	857ffb2163cd38f42cb1bb1257950cbd6aadf4e77af426165fc3d2e609456567
client-lua/ios/resources/dat/login/WndDownLoadData.lua	3796	6c7f1b260478477533b7aa95e4b89cc4b366a976cadfd683fa81a12c36889225
client-lua/ios/resources/dat/login/WndLoadLuaResources.lua	9151	fd5417c92968985ab55a91b615d9fd396f27ea16b5638317c1415265c02dc9ac
client-lua/ios/resources/dat/login/WndLoadLuaResourcesData.lua	1944	8686d8365db78ebbda9516055368af138c56eb9c516b369257fc332dbc6f7691
client-lua/ios/resources/dat/login/WndLoginQueue.lua	2633	1e35fcec383353d22457bacf8ea061eecc41a4ede11a9ff09793ef36e348502b
client-lua/ios/resources/dat/login/WndLoginQueueData.lua	1714	6c72b4b673ced7436b37e2cabdada10f32bf6e9dc1f8776fe7ede5a5d5e4300d
client-lua/ios/resources/dat/login/WndLoginSelect.lua	45567	71cbb2191e1b11a0f0b393ac106cf8d81e98359a2bf17adc54fc91e6c1d7dee2
client-lua/ios/resources/dat/login/WndLoginSelectData.lua	2479	00980799a75f0a019ca2f431f2b2895bcda5d99e63b1f15a8ec12ae8bfd1aa68
client-lua/ios/resources/dat/login/WndServersSel.lua	6958	4e89ce333cdba3261d68aa9b5f4ebb06a6f46d66ef15839c36a6ce7fc3b4f1ee
client-lua/ios/resources/dat/login/WndServersSelData.lua	8111	6f1f6451b8cbc8abd7420caad87444c9adf049cc8cd5c41231c62fb4ade274cc
client-lua/ios/resources/dat/login/WndSingleInfo.lua	7839	1fe523a5b41e968589a17bb0522a6fb8439c18d877dc524a8a817afa1fd86ab1
client-lua/ios/resources/dat/login/WndSingleInfoData.lua	2420	98148fc8aad087c31c23f5ad8d1134eef85fc03031f4317f53d24e3b2a5f541b
client-lua/ios/resources/dat/login/splashStudio.lua	1803	2a5b0413a84e1b124e37db287c64fcf90e4d3f72fce82c26c55655d3d776231d
client-lua/ios/resources/dat/login/splashStudioData.lua	1297	dcaacfd80844a6a1784a9f1e75b9aefc122ab32216e4bdcdcf412f14aa218621
client-lua/ios/resources/dat/lunajson.lua	26711	a1885eefdad8d4be062125e1a19641e4e135d937fa8a419c5c7a10e7dd457b72
client-lua/ios/resources/dat/main.lua	10781	71e25cc228bb50ea15e58d24dc43f3ede584ba2f44515321409687aede9c6151
client-lua/ios/resources/dat/marry/CellGuestList.lua	9956	38464d7b7689ff378b8de9ddc6987f32a7cd646f1d1e46449eb7eacb3b274714
client-lua/ios/resources/dat/marry/CellGuestListData.lua	4417	1922aa55ee94c57c360c9e2f390fb82c8b62aacb2c5888907fa630e9d50650ef
client-lua/ios/resources/dat/marry/CellGuestNumList.lua	3230	ecfbc22640effed0801219fb4e2db584c3e79e3a2d7d5d0d8436ed224e8e1e8e
client-lua/ios/resources/dat/marry/CellGuestNumListData.lua	3247	308b2543e28b390df2a717c0f21a2be151a3a1bb6f5d1b0272d60b7d3c8f0df7
client-lua/ios/resources/dat/marry/CellMarryLetter.lua	3923	6c17e4f25d8c9b7854266786b36c211f95aa694c9de9dc548db6e018ae941a83
client-lua/ios/resources/dat/marry/CellMarryLetterData.lua	3076	e69f5e0528a942f709f8276338df115ed271c03f498527893c41670238051075
client-lua/ios/resources/dat/marry/CellWeddingItem.lua	7416	94b612e6d266ebf8036005064ade75143f76742ab93c0ecca1f976a3d9421e6d
client-lua/ios/resources/dat/marry/CellWeddingItemData.lua	5556	c8884f8c577430f8b7cee42b6f3b7282a6a9a37cd813cfd22427fb97d1a2f34a
client-lua/ios/resources/dat/marry/SceneMarryWedding.lua	24865	32670852d4ce990e6705fc93c5a99f3f888851b41f312f62edad81ce8173ae49
client-lua/ios/resources/dat/marry/SceneMarryWeddingData.lua	7272	2f51e54bac25ba8676e00002bd925511702d7a0274d93192616909ea08141e87
client-lua/ios/resources/dat/marry/SceneWeddingChurch.lua	51676	f752c5c3a576cd75fe1ca6a0d4ac7b371eab549f83945b2c18547b565ffa5349
client-lua/ios/resources/dat/marry/SceneWeddingChurchData.lua	24183	6538fcc200754548bee23e9b74589e57af9d6be1b39c74665b07882ac679544f
client-lua/ios/resources/dat/marry/SceneWeddingDaily.lua	21194	17847b3101b6015b53a3bba5d2b8ffba109f8966842235ba90e9be84b223e954
client-lua/ios/resources/dat/marry/SceneWeddingDailyData.lua	11258	aa015d32e8b2ecccb8f109045df65f03d4aae150e5d4da4512bc4e18502fcd33
client-lua/ios/resources/dat/marry/WndBuyGoods.lua	3616	1b71009eb038421ba9fd1791d6603579b8b72adfe744656e8d7b866fec29eae4
client-lua/ios/resources/dat/marry/WndBuyGoodsData.lua	2046	264c1bffb7acd1a318d34ad362885d5aa92f34db06a4edce10089c640303acf2
client-lua/ios/resources/dat/marry/WndGuest.lua	13653	872e4e500bfedae2a78c727fe2f388ea97417e93f57b60fbf400a6aa125113a5
client-lua/ios/resources/dat/marry/WndGuestData.lua	5266	8028da6634cdbd0fe399fb45c7d1a3ad8fe27e87a398bb3abac6bfa9895db284
client-lua/ios/resources/dat/marry/WndIntoMerry.lua	4542	0d8638ec28b10d6dc2d2e7ba4be8978aa7c1b71acecaded91aa53db346300c0e
client-lua/ios/resources/dat/marry/WndIntoMerryData.lua	1965	86950c1bed76e96bd92f897fec370ed8cdf6b67005e32fa249d7789f4c1e4cfc
client-lua/ios/resources/dat/marry/WndLovingLevelUpgrade.lua	2504	f6d43b4094193f0457c8284723e85e797343f13fc2eef34825d183be633b047f
client-lua/ios/resources/dat/marry/WndLovingLevelUpgradeData.lua	2292	bdf9885bfa4e4b5e63d632f5d54f0572fa6145ee7c197b29f0581b248f488550
client-lua/ios/resources/dat/marry/WndMarry.lua	10563	cc96b23ee5287b91e176f6c1f98176fc1219b153ff816a65e4df34173a5eccbd
client-lua/ios/resources/dat/marry/WndMarryBetrothed.lua	18761	9aa7eecbbea07523e91b2320335c3e50b29ac0c8b8c11a658ee78e0ceb036ef3
client-lua/ios/resources/dat/marry/WndMarryBetrothedData.lua	2632	0005a964c7439ef11c856803513f6886e8b9835d063041914404c98c543a5992
client-lua/ios/resources/dat/marry/WndMarryData.lua	2288	3b395be4b8480fbab5c8a49985c1b772107df5165b386bf91cf5c85d0c55f89c
client-lua/ios/resources/dat/marry/WndMarryHoll.lua	10136	6a264b150bc349f74636123acaeafd539fdd1065be6fee1f92cf36773f3be337
client-lua/ios/resources/dat/marry/WndMarryHollData.lua	3451	f1a27ca5d85852092e80a14aa112aca78c8162ce9d0f552b477670671cc48f2a
client-lua/ios/resources/dat/marry/WndMarryLetter.lua	17255	32fec6b22a57bae7fedde2f961f2c48e0c7d54b44bf64c8fa2dad5ef352d60b8
client-lua/ios/resources/dat/marry/WndMarryLetterData.lua	3076	2f743bef94108fe42ed043d4a8e4925ecbb7c90d15d25ccf012a5a8b7716d15b
client-lua/ios/resources/dat/marry/WndMarryLetterList.lua	5322	b626372154d1c94a57d14b2208ef361ed55669b75157116757c41454a2246ba5
client-lua/ios/resources/dat/marry/WndMarryLetterListData.lua	1361	d29f834bde8afb404cc6c4fab9bb001097552d55ea926fb1fbdcbee520390dfc
client-lua/ios/resources/dat/marry/WndMarryManager.lua	25770	da6ec347d2bc78b2dd3904e64e81cb7613c3b01bc3a6233b533e15677d71abe4
client-lua/ios/resources/dat/marry/WndMarryParty.lua	9300	0e3166e216881d320e07055e6f75342cc8635b236d3fcfbbc9c89be39aa46a85
client-lua/ios/resources/dat/marry/WndMarryPartyData.lua	1806	ddcd084d161f8c7e579ae49b6c3fd469dcba243019fd76a3aeaffc54b730f397
client-lua/ios/resources/dat/marry/WndMarryTimeSelect.lua	5180	ec05ff7f4ff4ef93fe01b4163d8374e9b009f65fbc065d76474ec6609e81e9f9
client-lua/ios/resources/dat/marry/WndMarryTimeSelectData.lua	1726	ba1b1a4a031f6529b404cca7322146c2ae117b4c5e0406a1ebde6bd2d213ab98
client-lua/ios/resources/dat/marry/WndMarryTips.lua	4852	8e1f542a4311fa9f4e7c7b3b54a669eef6c0806b495aea4dfd2644cf762d85e2
client-lua/ios/resources/dat/marry/WndMarryTipsData.lua	2933	dc5e180501a89632ed2f693b8f39e7c273db3962865fd69ccc69ce47a04d3f0c
client-lua/ios/resources/dat/marry/WndMarryWeddingAsk.lua	6216	f452978936aede5d7dbfaf8cd544682c28d51cdcedac1ee5f6ca2b91bf144a75
client-lua/ios/resources/dat/marry/WndMarryWeddingAskData.lua	3778	0fea6afe05c1fc40b3cbe5b6a254c379857f86e7bf6014c8fd14336a9abc8feb
client-lua/ios/resources/dat/marry/WndWeddingDetails.lua	13108	2b01e6f0d1da4b682d7a342c8c023d1b2bc36eadae5030deb1b4ee3a82b9040a
client-lua/ios/resources/dat/marry/WndWeddingDetailsData.lua	1965	1640ebad6d245c8c215ba3a54e857b555025f6beb5c8ce430825e4fb5d9615bb
client-lua/ios/resources/dat/marry/kid/CellKidBagItem.lua	10789	3840a208f9db25feaeecbeef65e611ff5c8f95ffb2e3b4997c3388471015efb3
client-lua/ios/resources/dat/marry/kid/CellKidBagItemData.lua	2305	1dfc2afe3f43b1094d3f8ebbe39cc10ca538612328bad161eaf7d88a19d96294
client-lua/ios/resources/dat/marry/kid/CellKidBuilding.lua	21939	15b1adf23944a36b8be3091c35394dd149881be9257b7b0d48ff8b5d71fa8689
client-lua/ios/resources/dat/marry/kid/CellKidBuildingData.lua	2626	69deb6d90411bd10e64c787b6525b59da30b68978d2c184f3f047bc6ab70a62a
client-lua/ios/resources/dat/marry/kid/CellKidBuildingLawn.lua	4087	4484d989007e1b1fa68d3ccc9c297a7bc10a3d2f074b5a30b06ecce3b19b4f49
client-lua/ios/resources/dat/marry/kid/CellKidBuildingLawnData.lua	2008	1e9a00e5fe1f560a4538a6e20ec0e2fadc2ffed9caa400bca8c71af0bdab8747
client-lua/ios/resources/dat/marry/kid/CellKidItem.lua	7179	c251e51a34d4b9ecab82995c0d11c40e325928ee056c1667fdf436fa33130a46
client-lua/ios/resources/dat/marry/kid/CellKidItemData.lua	2033	f13d6ec1ed0efd0441993222a7db8e2f7319f071bbeddf83564ed92fd245f804
client-lua/ios/resources/dat/marry/kid/CellKidRole.lua	20090	3fccbf737c077c1b767f035164c5a13a17f526f26cb73b00351ab1e359865547
client-lua/ios/resources/dat/marry/kid/CellKidRoleData.lua	3282	77428495889274d03f10a3964e5d6dd0eb71efe68bcc2abd973adb33fefdfb6f
client-lua/ios/resources/dat/marry/kid/CellServantTime.lua	2064	82ca4b67b1c6aec2f0316a54775befbb6354462cc53807ca2e40880f509c83c8
client-lua/ios/resources/dat/marry/kid/CellServantTimeData.lua	1958	21f0e2ac957bf3009c030eddb18e46623428e81b45c4653204fdeaacd3287350
client-lua/ios/resources/dat/marry/kid/SceneKidHome.lua	52883	a6fac7a02b20879961c5a09a5524f8f9fe09f298ad4217b4eb63d448e7bcc57d
client-lua/ios/resources/dat/marry/kid/SceneKidHomeData.lua	56750	12a6f5327d9b3c0a639fd782b68fa2569b74c46676651ee328f9cea11d3c075d
client-lua/ios/resources/dat/marry/kid/WndKidBorn.lua	16977	5b40a1223611ac23b04f0d8ae14e047ebc13cdeaa9dc4083748efaf4a8f47cc2
client-lua/ios/resources/dat/marry/kid/WndKidBornData.lua	5183	609b356cdc16e5eb6186f80aa236bbc28fc5b05ac4ec521fbb4f6a71602306fd
client-lua/ios/resources/dat/marry/kid/WndKidDress.lua	26140	7e71018af400d538f1378ef8762453c89016c4c887309d87103c52edfe6f3667
client-lua/ios/resources/dat/marry/kid/WndKidDressData.lua	2804	0535709c201257a7ce08b4e3532cd987130097c63eef5f81a6fb8b215a281021
client-lua/ios/resources/dat/marry/kid/WndKidFeed.lua	19199	e50d3cb2361e0cc800d2569ab70b3274f6c776b7e17aa6eef27f5d11ef0144ff
client-lua/ios/resources/dat/marry/kid/WndKidFeedData.lua	4507	0b530747da9d91c2e77a0b9efe29ed7fe6ae0a61e19e0b52abf3a869f223128d
client-lua/ios/resources/dat/marry/kid/WndKidManager.lua	6747	5ab9640572fd81ffd73ce17ba8a4e6029048b61236039fa0946ad19f4bf2a5ed
client-lua/ios/resources/dat/marry/kid/WndKidManagerData.lua	1790	b5628f4cbaa57d0811ce09589e63459e426aba9ac454fb5dc21a43fd2cb41c54
client-lua/ios/resources/dat/marry/kid/WndKidOperate.lua	30223	1fc53cc3b5f4d38b96c30ee7b489a23274bed54bb88f27594f8a30239fe32c5a
client-lua/ios/resources/dat/marry/kid/WndKidOperateData.lua	2552	5aeca8df38b383a99fc0923f524d107a098a97e8314843bddf7f5716de617d1a
client-lua/ios/resources/dat/marry/kid/WndKidServant.lua	9634	4fb2ac35e016e2b01b32705eec3bc5043a554debf4ba0be669b267c7d5d8225f
client-lua/ios/resources/dat/marry/kid/WndKidServantData.lua	2849	c6c7acf9fa2798c98fac58aab86998a8b4c51a8658572f7fad188b0d2e9f1df5
client-lua/ios/resources/dat/marry/kid/WndKidShop.lua	3298	dcb6dcf87a7bce4bd7cbd78f7504a209293d8b324c5f52e0ac0e30ca76d41b63
client-lua/ios/resources/dat/marry/kid/WndKidShopData.lua	3508	ea0b8c01c7f3067121e0c9e64efffb5566762ebd70ef401fa493e64a14944fe6
client-lua/ios/resources/dat/marry/kid/WndParentsCare.lua	20081	87b1fefc194d6a10911b913471caebf66ff3ee41f66e32c370840bbb082e536c
client-lua/ios/resources/dat/marry/kid/WndParentsCareData.lua	6666	17ca90085d677627e9d68f6c10b707697ecd83d0601263624fa52314f2b58e8a
client-lua/ios/resources/dat/marry/match/CellMatchMaking.lua	8359	fd9ebc5bea6f5230e28b065fb0376467047c9598391fbf39b425aa00c829eeeb
client-lua/ios/resources/dat/marry/match/CellMatchMakingData.lua	2078	5df4c72ad4ad1d181d23c89cbf0ea7025a35bd5ef76a9a067616904e010afc71
client-lua/ios/resources/dat/marry/match/WndMatchDeclare.lua	9890	0ec14e83807922e05e19c083d879ec64976eaa46feae4db84540bd5f4e269696
client-lua/ios/resources/dat/marry/match/WndMatchDeclareData.lua	2057	bd46b5e1f31bc6b6e14717ee2e052377f7ec800760eece59770b8af0d4856cbf
client-lua/ios/resources/dat/marry/match/WndMatchmaking.lua	12393	1d60c91013a12f444c6a7a7774ae8a55d489e9dc700ac3491e280f57c128a51a
client-lua/ios/resources/dat/marry/match/WndMatchmakingData.lua	6268	0df841c81fbea1dd0dfb4252b06309f1276be74f0b8b67c10f384665a2c830a7
client-lua/ios/resources/dat/master/CellMasterInfo1.lua	4532	1067e14434f9a0095d5cc9b714573b15aaeab13df6c8aac84a412796038cc132
client-lua/ios/resources/dat/master/CellMasterInfo1Data.lua	1830	34213d2563395ca9b2ae43f6fd1320427ef7640c7a0ebbecf88fa1e1da5363cf
client-lua/ios/resources/dat/master/CellMasterInfo2.lua	2582	6508f3d1f6b16265c59833f02f9637003bc7999e68682d6bab0aeffb0c8116ee
client-lua/ios/resources/dat/master/CellMasterInfo2Data.lua	1830	5a8c538b4f4e406724fe4698d0a329bf95bc478ef0e3301da5fc1dc826219f65
client-lua/ios/resources/dat/master/CellMasterReward.lua	5014	a1eaed7d5cd4f862a349a7549a5b52e851c5c3960abc9eda31f4e4cbbf721d64
client-lua/ios/resources/dat/master/CellMasterReward1.lua	4115	83696d94d375c31cb364335251ad3784c7d5c7e1edca874267c7ecb87f513024
client-lua/ios/resources/dat/master/CellMasterReward1Data.lua	1810	e46dbe667ce987ef0a518a6cb3632dc97899773b1cf337cab669f95ace399d1b
client-lua/ios/resources/dat/master/CellMasterRewardData.lua	1791	7499a5ec1ab318e4d8c28746404ef8340ec178bb61cedc9d0562dbde110d5da2
client-lua/ios/resources/dat/master/CellMasterSeat.lua	25247	8c171299118597143957d85c456b1e582f9f28253a616342cb080a256ccc1ddd
client-lua/ios/resources/dat/master/CellMasterSeatData.lua	2121	a7ee780ce6f2c3b33541c3f7f35a39767b22b07f983171461217bac5aba5d064
client-lua/ios/resources/dat/master/CellMasterTask.lua	4933	a89d3f842d3ddc492e52e0cfb7097d36e9ee349a2da35c8732c0230985dfc3d1
client-lua/ios/resources/dat/master/CellMasterTaskData.lua	1985	2dbfe1599707f4d718c40c003be626157fe47c41b2588321244a62f791197aae
client-lua/ios/resources/dat/master/WndMaster.lua	9827	df514038917e8b231b9da29af3b45a96725a5138ff9b7f748529ba31a609953a
client-lua/ios/resources/dat/master/WndMasterData.lua	1976	d6f3dfa484000aca209f8b41e36a909967b56ce723d1cbcb7f671cbcdf4a2aa8
client-lua/ios/resources/dat/master/WndMasterHall.lua	7050	7da3d1969caa3f526506d91a6194d84fd695bf4efa17a631aafe9e59508bb6b3
client-lua/ios/resources/dat/master/WndMasterHallData.lua	2599	893bd7529d73f2b4c8e8408f40f8799804e946248c41e7d5b71fb07e917958ff
client-lua/ios/resources/dat/master/WndMasterImpart.lua	11020	8b6e4250d9d4c30dcf2cf9a8d2646264a2879e095372c043c775d82759233cb5
client-lua/ios/resources/dat/master/WndMasterImpartData.lua	2083	ca528b5d0deaa91a9f756a9a89ab5c58c4f771795e3bfa75daa7f30197fb722a
client-lua/ios/resources/dat/master/WndMasterLog.lua	3436	b48274f24fe239684192331a97af17ee68c7fe8c460174da5bd62701fd059c13
client-lua/ios/resources/dat/master/WndMasterLogData.lua	2892	beb29c9ba092bbb555e5981c2ca02bce59570590afc7bede1e3afb122cef13cc
client-lua/ios/resources/dat/master/WndMasterMember.lua	6147	e59f88f94b856a36fd22fe396b4a902704c83b793241989efee1da626cf6cbd1
client-lua/ios/resources/dat/master/WndMasterMemberData.lua	3937	448c3c680b4c023cec099a61a100896c1e6de0b2a509cc24c485cccda46c6635
client-lua/ios/resources/dat/master/WndMasterReward.lua	11812	a1ec625affc69d92e5bfe343f3409518edbad0cfb6045593190c6380969a60e6
client-lua/ios/resources/dat/master/WndMasterRewardData.lua	1483	a38f30bfd0d76954f93b7b0b339dd8e8f792d9b7185193379852b6095e38d7b2
client-lua/ios/resources/dat/master/WndMasterTask.lua	2035	e4d3bfa749a3ec13044a665ebdf13f199e3241e231cfcd44061eef4b93e912aa
client-lua/ios/resources/dat/master/WndMasterTaskData.lua	2869	50d446ce5b5d73b2a9eff4bdeec95a28ca1353545920f2b402066deffd433974
client-lua/ios/resources/dat/master/WndMasterTip.lua	17274	631f8bd59a9c1918fd4e5303515a0113c34ca9e32eef6e57a587a738d5dd6947
client-lua/ios/resources/dat/master/WndMasterTipData.lua	1584	d2bb58017ad73d6460a0690f6af94c433cd3a29ee32f3b54d61b712d8172c22e
client-lua/ios/resources/dat/mounts/CellMounts.lua	12726	51dd79f3aa0dfd1ec3977184df919ba92e78cd1c15f3ce3d10b80a2d303d3dad
client-lua/ios/resources/dat/mounts/CellMountsData.lua	2202	c49bec34ce1e3315883ebcf8139854e41f921bef1ae5779d7a34de71c7f20774
client-lua/ios/resources/dat/mounts/WndMounts.lua	26560	cc638c71347b8593e615b7030bd9c709d0354d24b4c0ec422b486ab4567f09e7
client-lua/ios/resources/dat/mounts/WndMountsCenter.lua	46444	a4fb80a400e079d4696bac0ac4366318b64a94f88a971096cc420ba2d0ad8f66
client-lua/ios/resources/dat/mounts/WndMountsCenterData.lua	3071	17405098148be404de07f419a8ebd6956b765527a7890357b016d3466d29d8ef
client-lua/ios/resources/dat/mounts/WndMountsData.lua	9733	56a61560e54b23a41480a7fd7dd1291eced0fb61d2d2508e0f32a71f47263619
client-lua/ios/resources/dat/net/IPDConnector.lua	16209	96d3f8f18268f09c53a401ef640fe064f7afb0d7e98108704e25ab5c1dd431cb
client-lua/ios/resources/dat/net/IPDhttpServer.lua	20200	e48253c0b5e01e71333ef97c26a088d2b1fa23ae202cba2199bc7131815c2e33
client-lua/ios/resources/dat/net/NetManager.lua	22538	c15ebf78e663e313874f73f4edb17a2c3d820edbe04aadad8f5c6a44f5d7f796
client-lua/ios/resources/dat/newActivity/CellBreakEggsItem.lua	4581	f3d7abe32c652620bc1e95cd2648d3c66d4f8c7187012dfdbb2e6b32977232ec
client-lua/ios/resources/dat/newActivity/CellBreakEggsItemData.lua	3557	c440d877c69cb8c7865a46cb47a093ea5cc4754796d857ab5e89fe6f567d1cfc
client-lua/ios/resources/dat/newActivity/CellBreakEggsPanel.lua	6980	8457ebcdf10be80f2ed5decad76f925629dd6c3eb94abea91ffb90c14467ce19
client-lua/ios/resources/dat/newActivity/CellBreakEggsPanelData.lua	4235	28d8f9d796da398ef0c297eff090469c0f6e305a12d229e25e3581616eebcd87
client-lua/ios/resources/dat/newActivity/CellFightingRankItem.lua	9607	d68b3b79adaa1256287245f67c893b124d9e22cb851a2f1834a33a56e1aac7f8
client-lua/ios/resources/dat/newActivity/CellFightingRankItemData.lua	3013	97ed65cd85ac90de6f98e44b0bb7c21250df4f81cbcc2c22c0d253175ddc24df
client-lua/ios/resources/dat/newActivity/CellFightingRankPanel.lua	9249	45a86758d54b938c95cce11b1fb90ee30b219a9808a6f38c3adfbbfdf3c6b625
client-lua/ios/resources/dat/newActivity/CellFightingRankPanelData.lua	4794	f0055d454ea6a1c8a7fde341539605ad18c7c4a4f6949082fff8c36b63e92964
client-lua/ios/resources/dat/newActivity/CellSpecifyPanel.lua	10251	207eed9852fa3ca2383f349892df10651efe29ead4cff1eb1ba3289a38643fd6
client-lua/ios/resources/dat/newActivity/CellSpecifyPanelData.lua	2656	1ee71412add1a09acfccb9e71a104bb3aa4da838e9ba5f1193477122f7b94f4c
client-lua/ios/resources/dat/newActivity/CellTimeChallengeItem.lua	4158	8fb768fc4f728db9349d595a9f01c95d6485adbfcc33843e77c12989ca1490ee
client-lua/ios/resources/dat/newActivity/CellTimeChallengeItemData.lua	2267	529ca95bc9e5f0032dad971fb7fdabcb9d025635d8c8f285ab1e6940c0d92328
client-lua/ios/resources/dat/newActivity/CellTimeChallengePanel.lua	3727	62f07c1b166d40b091b0f59fe9aac2ae1aa2e0e89a68c5a6e878d9e53ffb5684
client-lua/ios/resources/dat/newActivity/CellTimeChallengePanelData.lua	4607	222f88bd0e15593181d85689eb462c7842fe74cedd9b184417351491a5273da6
client-lua/ios/resources/dat/newActivity/WndMonthFighting.lua	12558	8751d5a8ac8654f29f6dfbc0e564cce870b287e7de9cef3c7545fb26adce10d2
client-lua/ios/resources/dat/newActivity/WndMonthFightingData.lua	8104	3470424c97bbc545a4e629159b3610bc1e127a012e79e0a6c8bb19544e882ed6
client-lua/ios/resources/dat/newActivity/WndSpecifyActivity.lua	5813	29bdff0e44cf9589cd5f46820a7efb6372591fe4dd3e471a8c98b47b02d85f30
client-lua/ios/resources/dat/newActivity/WndSpecifyActivityData.lua	5487	3cdd3d1b303f828338cd65d7d9e3a8c631c49ca4792a423be4d5fccf8297bb3b
client-lua/ios/resources/dat/pet/CellPetChoiceList.lua	12121	f6d1f85af15066616f2f4ac4bafe23ae65df855322ce803f2dcf6b0a12546804
client-lua/ios/resources/dat/pet/CellPetChoiceListData.lua	2439	a7be2b6bd936ba1909c9bc521d49a45ca66c93453e1550dbbdca0dc9a7e6a27c
client-lua/ios/resources/dat/pet/CellPetExchange.lua	5572	35cae72e2288049f38719110b26f11e0f365b858b6e740e8dd4050ae8c6dd138
client-lua/ios/resources/dat/pet/CellPetExchangeData.lua	1969	ccc9427c8f8bba37b83944236a782e82d99c3dad662aa1704678d22907bfe48f
client-lua/ios/resources/dat/pet/CellPetFetterItem.lua	4357	e61ed184469593a66e59bdcca8841a2dd8d2ae7ae39d6b0cd882ccf666ef7a66
client-lua/ios/resources/dat/pet/CellPetFetterItemData.lua	1982	2e8aa84082ca379e236aaa5a074799e89b62a481483ba6a5c777f47ff94c5ccc
client-lua/ios/resources/dat/pet/CellPetList.lua	5897	6d128d7de1a0cda527e903fed8519dacb0c6612634d0e82e349e11046dd736cb
client-lua/ios/resources/dat/pet/CellPetListData.lua	2074	f7cad5cbbd6807a171a2ab99d10a9c90a4fb4a1752c8d9edfb24d49ffce4e578
client-lua/ios/resources/dat/pet/CellPetRaffle.lua	11557	78ca18ae24a308c92f82623f5d863022a541be7400ca4e1e224fbf54169a0d77
client-lua/ios/resources/dat/pet/CellPetRaffleData.lua	2015	6462962f658c38c226f9a411c26fc2b04030b0882f866541a0fd7f777fd66b45
client-lua/ios/resources/dat/pet/CellPetSell.lua	3982	a04e3a4857c1c7c03a13d53f9e4c98d2b8f26aa576d442779d37acc58db32cc6
client-lua/ios/resources/dat/pet/CellPetSellData.lua	1963	47f8b1f6c4bc84f896c2118394063a76198d2e7d12ba41de2706019c7b1f4f04
client-lua/ios/resources/dat/pet/CellPetSkillLibrary.lua	2303	7174ebe8e87bf2c5cc04a0835caaeb972b5d93f7653655f846b22ca5db8b51a6
client-lua/ios/resources/dat/pet/CellPetSkillLibraryData.lua	2179	3074d6b687605e035fd6f1211cf4524ebf9ebae6dec131083c6e65840dc1a0ea
client-lua/ios/resources/dat/pet/CellPhantomPetHead.lua	4385	ffa798602dda1198a3c6339fd8c52eb2be4ede29538a9b70d17c07938d814e6a
client-lua/ios/resources/dat/pet/CellPhantomPetHeadData.lua	2497	bb0b7ec71a22ad6d6cae64137605d88fcd3d64c47f901a267b3a72bad8acf494
client-lua/ios/resources/dat/pet/WndPetFetter.lua	4110	1f89e57ff8302d745a185f04b7f793584a7e9368a1c0d58f9efe073b2e4efb49
client-lua/ios/resources/dat/pet/WndPetFetterData.lua	2042	a56334bb7c1602aa7957dbb63adcf17a7c1d1137570df60aa7159ec763bc8a43
client-lua/ios/resources/dat/pet/WndPetGift.lua	9319	063befb2dfc2c6a5d073b94a0743904819553ca2197fc7cacdc45a2a5aa01a65
client-lua/ios/resources/dat/pet/WndPetGiftData.lua	1627	4d568c3858e653b5346bad5f2e6c2c8323334b926c7db768b7f8012db81f6b11
client-lua/ios/resources/dat/pet/WndPetPhantom.lua	8710	7988948acf4ecedc2999ad8aa6c2ab8bbd45e36e910515f86b0262935f19f560
client-lua/ios/resources/dat/pet/WndPetPhantomData.lua	4178	e7bd5445422fe1865e9ced4f1a5936913f1c3ba278a093969ad291b31a83680c
client-lua/ios/resources/dat/pet/WndPetRaffle.lua	48059	e337e8a92d79de970d8161bb01568c40d41c985b6c0071593f03a88dd6a46fc4
client-lua/ios/resources/dat/pet/WndPetRaffleData.lua	15495	952b175e145cdab1ba2d126d15736b7e3d1e2c4195c69d27cbc8e82a193b5fec
client-lua/ios/resources/dat/pet/WndPetRecover.lua	11844	90835031488c82625cf36fa388a7b84b97192143673f11117d4c46543b5ee44b
client-lua/ios/resources/dat/pet/WndPetRecoverData.lua	1417	b34269944e6ee34f7940d155e8fdaad3e36aae49bfc6655125fd8068aa5672ca
client-lua/ios/resources/dat/pet/WndPetShow.lua	9989	f5b10ed1b3e738d2e232aa83fec1f3dadaf1f31050f23a885ba92a1c6e0e6f5d
client-lua/ios/resources/dat/pet/WndPetShowData.lua	1661	b39ab3297c97c419007deafee57f15b135cf3d934541563b913ba5359a9f863f
client-lua/ios/resources/dat/pet/WndPetSkillLibrary.lua	2256	2b0e469bb1eaed68302c7baee9f68665b945562e9b10c7b4e49472072fd8b115
client-lua/ios/resources/dat/pet/WndPetSkillLibraryData.lua	1493	be5686d8dd2ee3d57291db703a1dfb74a0b6e739341ccabf336f97947cd0effd
client-lua/ios/resources/dat/pet/WndPets.lua	41903	cab51f872ddc698c5be0412d7b7ec246c174c022d47828984b7a0109b3606dce
client-lua/ios/resources/dat/pet/WndPetsData.lua	6352	9d6be0584ace1c87184e176666ee0e0ca62ddef9c865f78134c4b67f17f0a2d4
client-lua/ios/resources/dat/pet/WndPetsEvolution.lua	30049	8d2bdc6f6450eeea0d3b36d402990b9a536b9f9573983c7442c3e75be3f39d90
client-lua/ios/resources/dat/pet/WndPetsEvolutionData.lua	3363	90c9042487fca1f67c05abc390205992a71451eab1984827b511e9ef4327c585
client-lua/ios/resources/dat/pet/WndPetsRebirth.lua	20854	a1a24298c020fa5a92765a57065ed3d127d6ddaab9cc3952cae9d535ec8893f6
client-lua/ios/resources/dat/pet/WndPetsRebirthData.lua	2493	5ba67fa47125f822a8d77cb37f7487b70d1a629ed789f60d71eb722d9ba421a6
client-lua/ios/resources/dat/pet/WndPetsSkill.lua	27680	b4abe29385d641e718d5a87a59ad70b337b4a4b31c05557e3592b33be8abfdae
client-lua/ios/resources/dat/pet/WndPetsSkillData.lua	2865	3a3d16ff678853be08257021ac36a412331c3ae973d60db4ed9f9a3f82da61b5
client-lua/ios/resources/dat/pet/WndPetsUpgrade.lua	29707	95ac43433808a31c36ea58591b44e1f688189f77b72e40fad837d0da2588c52a
client-lua/ios/resources/dat/pet/WndPetsUpgradeData.lua	4403	4dde4d7e035853dd0f55d3a8ddfd1894fff558de1f34ecb0e44c4346dbcc65b2
client-lua/ios/resources/dat/phantom/CellPhantom.lua	5557	f85f5645efe8cc6ec5b670d73698e46a916eae3a4e2046f35b59310d8deecfb3
client-lua/ios/resources/dat/phantom/CellPhantomData.lua	1823	d0470ae4055ba4f0dac72add0e22bc5b7e5e5765db360de0f84d05a30e41faed
client-lua/ios/resources/dat/phantom/CellPhantomList.lua	6153	56241a5659fbecdeb0b0a66567b617d4cc2b57ef1b9897b1161f500c4b1f5f3d
client-lua/ios/resources/dat/phantom/CellPhantomList2.lua	5488	60cc9e0f25e76877d4e04ee04c3209ba3187e5b565f1c4941315f05f47472edf
client-lua/ios/resources/dat/phantom/CellPhantomList2Data.lua	1791	31c223b8c283c3c5eb45a927e74e074198302cb42771e90e63206a4457f9926f
client-lua/ios/resources/dat/phantom/CellPhantomList3.lua	5433	95154074b9ae1ecf540665a318c7f4e20e901b08f05587f9a9b73e71f5ba57d9
client-lua/ios/resources/dat/phantom/CellPhantomList3Data.lua	1791	8f8d45811f3519376d88627887697c9812d9ef04468f0512b29beae5eca3f447
client-lua/ios/resources/dat/phantom/CellPhantomListData.lua	1781	66fa200cd0cc8d34a56deae82836be9f0b1c6a1a2e7292a310c26099c6db6826
client-lua/ios/resources/dat/phantom/CellPhantomUse.lua	1727	a144ba0ed3d343c0d63de7df1bc3a09761169105ba1cdf3b6d7c74e39abc6429
client-lua/ios/resources/dat/phantom/CellPhantomUseData.lua	1811	ef0bd86cdae296ed35fe0e1d58c5ea2d43000b1d7b97c3ac7587eac334fb9738
client-lua/ios/resources/dat/phantom/WndPhantom.lua	34804	ef394aef14badb6853e40f8e0bbad5af340edd9426b374525f685ae35234a9fb
client-lua/ios/resources/dat/phantom/WndPhantomChest.lua	6185	f92c228fb9581393c3592a2b4483dfe52775727383621e33812fb6fcab775270
client-lua/ios/resources/dat/phantom/WndPhantomChestData.lua	1593	d754a998b078ac68609897925eac328f04c60b3469dcb4ba15f34dcef38c241e
client-lua/ios/resources/dat/phantom/WndPhantomData.lua	8008	320af01b9e7b8b5ac77f8706b2a1ebcbcf2c4e6db109f62312333bb26d270b0b
client-lua/ios/resources/dat/phantom/WndPhantomShow.lua	7646	582e7633ba087a54f327bbeae15cf645f5b67023b7a4d2ea31dec00e0f7929c3
client-lua/ios/resources/dat/phantom/WndPhantomShowData.lua	1498	5289ea5f61bf1fc3d0a77830c61f0090f978ec71a797a89cbbf583ee1387d225
client-lua/ios/resources/dat/phantom/WndPhantomUse.lua	2244	dd4ebf43ddafe3b4eafd18efbad330a502b52f8ae244eb3e360d466353edb37b
client-lua/ios/resources/dat/phantom/WndPhantomUseData.lua	1435	4d18b5f0c948e285856249c4935bd20d50b7a42fb78a8487f6ac01277b726112
client-lua/ios/resources/dat/practice/WndClownTreasure.lua	23700	ccf333b5b661d510fde56aeabc8c6e46c18d54a88900cd62c591e486d1b85c84
client-lua/ios/resources/dat/practice/WndClownTreasureData.lua	6428	7bf1d25d722bafdd834e62259ae52cfc6736eca920f63e24e036363a2a33af7f
client-lua/ios/resources/dat/practice/WndPractice.lua	34545	55e67d8ff6f6bf5e41a845d70b799504d9ab89166409a2c484cc63d3e7dd4e27
client-lua/ios/resources/dat/practice/WndPracticeData.lua	8681	767e6c234b0521e4b43763c682ad1cfc9781a926e0d3ce13d9e158d91241a43c
client-lua/ios/resources/dat/promise/CellPromiseShrineGiftItem.lua	2744	4aaae72d8c94749caf563a8e8b24e341d490f36fa7fd80d105420e8c17031473
client-lua/ios/resources/dat/promise/CellPromiseShrineGiftItemData.lua	2065	00344756073dd9993052b66f197ec9ab41d3c49fde19cb432535d4f9146bbd50
client-lua/ios/resources/dat/promise/WndPromiseShrine.lua	19193	53708c7274685f8ffd50e1fda294a373b2885cc5c2f0d411ea2daefa5673c009
client-lua/ios/resources/dat/promise/WndPromiseShrineData.lua	11125	4d1de338032ed729b7a54aea36c481aaea6f90abc3afcff767bafa32929e94fd
client-lua/ios/resources/dat/protocol/Protocol.lua	95816	cae916c008e51b263b58b5573dc7cdd3d33790fd0ab39a9ec3f85a17cdbf3250
client-lua/ios/resources/dat/protocol/ProtocolErrorProcessor.lua	1205	e2ac677a16e29f90d41d868ae1b0c5182eee564dfd18bf81c88b053869430dbf
client-lua/ios/resources/dat/protocol/ProtocolProcessorAccount.lua	70758	684df0fb796ac6c664a074d3437899447e21122184836c226117325d29ca4fac
client-lua/ios/resources/dat/protocol/ProtocolProcessorAttendance.lua	18572	ca694addb70468c19b191eec73762c2e22b9135a66162f7c9845fc12071ea7f3
client-lua/ios/resources/dat/protocol/ProtocolProcessorBase.lua	5398	37de18fce84872768d916a224a557b5deb5defedf46f0a07574f4dedb0c6f2ea
client-lua/ios/resources/dat/protocol/ProtocolProcessorBless.lua	24515	ca13de01aaf6d130599edcc9bcf93035b437f2911df8a096766164102a244416
client-lua/ios/resources/dat/protocol/ProtocolProcessorBossMap.lua	16957	4fb096a7543f1e9af90567357a8d2928db5c56a63b5d0b52e241995afea3115a
client-lua/ios/resources/dat/protocol/ProtocolProcessorCache.lua	19093	a74e70b56e2fab3f58014f4eac21996b19899bdb7283e15567891f7d2dd3b4bc
client-lua/ios/resources/dat/protocol/ProtocolProcessorCard.lua	10897	c18effd47ce597f4367ebd3da0a8f8e6c43a925a7707e5b2032c69d75841e152
client-lua/ios/resources/dat/protocol/ProtocolProcessorCommonPush.lua	8850	98a707daf7fd921ba32b937abd3f4fb91ee888722c605b3c50bc6c6102ef9bb5
client-lua/ios/resources/dat/protocol/ProtocolProcessorCommunityBossRoom.lua	13629	a9968b1259580a272ead653dd090b4bb0ab6ba92e4492a8b07c1ade67df55806
client-lua/ios/resources/dat/protocol/ProtocolProcessorCommunityWar.lua	40492	30929b195bbc3e250566929951b6167001e9eee0a5f6942c34a01a67fd6f3b04
client-lua/ios/resources/dat/protocol/ProtocolProcessorDesignation.lua	15490	a654c13764b830669e0312ee7e10ec8b09405617ef33b1b6bc1566025693dc40
client-lua/ios/resources/dat/protocol/ProtocolProcessorDigGem.lua	15207	3abe4720cf8777d58565de0830ef069adaea2a35108adbd1545975c51efb9497
client-lua/ios/resources/dat/protocol/ProtocolProcessorExploration.lua	13857	226b3c24008e75b7cfc539b31f573d2ee2f71dcb799d76f9ae314c9d200bfea3
client-lua/ios/resources/dat/protocol/ProtocolProcessorFamily.lua	56913	cd75b43520ea1c6e342105bf5293b7a17712c93d776def69ba6ed2147bb6ff05
client-lua/ios/resources/dat/protocol/ProtocolProcessorFootMark.lua	11773	4eee613ac10ffcbbd4df1a4d9f51a16ab36d5e6122c58de87c2e71905c033a54
client-lua/ios/resources/dat/protocol/ProtocolProcessorFund.lua	7480	6318b8c97d0eba2ae50f70ad6ffcbbc5738b0c88f21b2d99141de188397d0887
client-lua/ios/resources/dat/protocol/ProtocolProcessorGlobal.lua	123677	d1191762ee807851ef420c5d7b39f37c195f2520b3a675ef3e537b7afa33f666
client-lua/ios/resources/dat/protocol/ProtocolProcessorKid.lua	33155	3d0598fc59afb5303cffc11bc152331f690978212570a69d1a39b8e519b4263e
client-lua/ios/resources/dat/protocol/ProtocolProcessorMarryHoll.lua	4034	8d1ed01f6679ea760d2d771565f8a5865de8eba9edb2e6473a86fee1f3f7f281
client-lua/ios/resources/dat/protocol/ProtocolProcessorMatchmaking.lua	10618	3fa1531e41f7b62f669c70a75e01c73dbe24f488036a5a2c24460fddc62dae83
client-lua/ios/resources/dat/protocol/ProtocolProcessorMerge.lua	5017	8ba385771eb9035a389555be68d6d1fc1267c95ba3ec19fabde148dfd56cbff1
client-lua/ios/resources/dat/protocol/ProtocolProcessorPhantom.lua	13000	a0522408ecfe19de113eae0fd5df2b88ebe2449e8b67af90a4da044151c3d587
client-lua/ios/resources/dat/protocol/ProtocolProcessorPractice.lua	7975	1d8db0749e01532fee20766963122729fc45bcb720afedcf89b8f969db27ce00
client-lua/ios/resources/dat/protocol/ProtocolProcessorPrefetchCache.lua	13415	150936defad2060ea7f4f027f7af4940b7f1b0ee1d1243dc1a253eb9eb10deb9
client-lua/ios/resources/dat/protocol/ProtocolProcessorPromiseShrine.lua	4846	cf659dd77f41110362d7f2a42a893ad007f2427f9110d39585e936447909d5e4
client-lua/ios/resources/dat/protocol/ProtocolProcessorRecharge.lua	27013	ed83c2f0769843d2b923f33c4e230c8af7871d73bf02db2ef55f7adca5fbde2e
client-lua/ios/resources/dat/protocol/ProtocolProcessorRecycling.lua	21738	ea1b8d0db9c0c64409b292a6ac33bac0178e629c5fe9b92e02416541ab096ba1
client-lua/ios/resources/dat/protocol/ProtocolProcessorRedPack.lua	9504	151bea8a4e3a3a07baadb9997fefc045b3b5aa24882987ab6f73c6147655e829
client-lua/ios/resources/dat/protocol/ProtocolProcessorSceneActive.lua	5535	dddb2f156028597ce838789136312d28185074cad5e3eb42e4ab3f2ee320c5de
client-lua/ios/resources/dat/protocol/ProtocolProcessorSceneArena.lua	23844	4de0bcbc46d290d86b66ec51923dfb08a20ecfa936b2f14c870b3cd6475ac2be
client-lua/ios/resources/dat/protocol/ProtocolProcessorSceneBattleSettlement.lua	10314	26d9ec840d23c2d306c3173dba1905e04c3ff0b8919dd39ffc76ba7b0f26fb3a
client-lua/ios/resources/dat/protocol/ProtocolProcessorSceneBossRoom.lua	20816	5ade16a5ed06402e613be775812d6c165758888ad74caec699703e41bac1324e
client-lua/ios/resources/dat/protocol/ProtocolProcessorSceneCity.lua	39262	5d422e5e6eeda829165f1f85317359d1fc258368fe3973180318974e0aa96ccd
client-lua/ios/resources/dat/protocol/ProtocolProcessorSceneCommunity.lua	78879	e755ba26c13e92bb3d5cf3c24332afb1479ebaedaf1b070903843906b1ee13ff
client-lua/ios/resources/dat/protocol/ProtocolProcessorSceneHall.lua	17976	cfff9d3cce3503f380e5a3afab801af9481af3be232657e2d1d35b961ca91804
client-lua/ios/resources/dat/protocol/ProtocolProcessorSceneIsland.lua	2571	89279f093f70c5485baf6ccb809f710e86531bfbdabc283b867c732c7b2235c2
client-lua/ios/resources/dat/protocol/ProtocolProcessorSceneKing.lua	10994	004d852239260ed63a47bc9d4363334acac7f3ea96b5e48ded2e8a0f8843d82b
client-lua/ios/resources/dat/protocol/ProtocolProcessorSceneLottery.lua	9893	6b33b9c217cd6580aa13d0fca2292e2e9192fe8107d8a12d5dd1145d66d19cb9
client-lua/ios/resources/dat/protocol/ProtocolProcessorScenePets.lua	30462	9b7b72faf20648f8e0b1d1dd534735b4aedc3a61516628e93b41aa1e654b4723
client-lua/ios/resources/dat/protocol/ProtocolProcessorScenePvpRank.lua	29706	7e098d54db6590232d2adc0fd0bc231c2145154dc44ab6ecb7199a83f0799eb7
client-lua/ios/resources/dat/protocol/ProtocolProcessorSceneQualifying.lua	29975	f18b2c177aa15dd22958fee24b06e9f29d1a1d9bff142a3b9849108c0d3ac0bc
client-lua/ios/resources/dat/protocol/ProtocolProcessorSceneReward.lua	4971	065782ed036888b3255826b9239573bef629671ab53de0144615694b72ce280b
client-lua/ios/resources/dat/protocol/ProtocolProcessorSceneRoom.lua	21958	a173755899bbfa4eb8b9266c7a992e80107ae79faded5d3cdca503abcc0f88fe
client-lua/ios/resources/dat/protocol/ProtocolProcessorSceneRune.lua	10026	3663df3bebf63a7202aa5533d517a5a96f7d5ab4d952d0265ed440c986002838
client-lua/ios/resources/dat/protocol/ProtocolProcessorSceneThrowingEggs.lua	4101	cf7cd221576c48630ca552e0e6b4d50b427c7b17cdbfa38d4abfd1d7a6dc4e6c
client-lua/ios/resources/dat/protocol/ProtocolProcessorSceneWeddingChurch.lua	23959	947e3ccb27047e0294d86a24c6c5097d9de1a813d25782fa6f6bb58ac615694f
client-lua/ios/resources/dat/protocol/ProtocolProcessorSceneWorldBoss.lua	14182	7931a429db327ff38219fb1fd3d7745e49e69a4276bfe45509963cc80f2400bd
client-lua/ios/resources/dat/protocol/ProtocolProcessorSingleMap.lua	55492	6bde8bf1d0d740f6480b9317667a93fcefa8c5f1b480af6d2f52757e2f7c6847
client-lua/ios/resources/dat/protocol/ProtocolProcessorSmsCode.lua	2344	92a466bb669e814380fa81937a4e36ac6e17198ec4d44b01e6a5168f8278a6dc
client-lua/ios/resources/dat/protocol/ProtocolProcessorStore.lua	52804	9beee6ac4438b9de800664e5c4f34bd5089522e8b7faa6eaf54364852d516eae
client-lua/ios/resources/dat/protocol/ProtocolProcessorStrengthen.lua	15427	6284be245b730c94e3e1e430ae18577ca95547ee29c8138f7cc98b8f0b2ec0ab
client-lua/ios/resources/dat/protocol/ProtocolProcessorTaboo.lua	16181	9222ea1c8d183e41d03ac988dd0b341bc97b36878e0ce4dc28d4bf86bf1e7af4
client-lua/ios/resources/dat/protocol/ProtocolProcessorTeach.lua	2729	e8e4563768281d51cd437ebe14679beaa66f3b603959c8dfa9a7dc4b3e557d27
client-lua/ios/resources/dat/protocol/ProtocolProcessorTransaction.lua	14377	98b589b7398564ee86b4669b2dc294df8913982ff5ae55f823406b444728f141
client-lua/ios/resources/dat/protocol/ProtocolProcessorWakeup.lua	22100	dd2c95ad459c7e2fd4cd9482963b63a0af5acfe2d15135d75bae7571ac8266ac
client-lua/ios/resources/dat/protocol/ProtocolProcessorWndActive.lua	6729	6875130a62cb3a3f7fbc681cd1e330b30e52c646f81413a84900d4f4d63dd74c
client-lua/ios/resources/dat/protocol/ProtocolProcessorWndActivities.lua	3825	74e0ec9475fe664a5654ebe68a754d9f69de38826261dff49d069e7dc7c70af1
client-lua/ios/resources/dat/protocol/ProtocolProcessorWndActivityOnLine.lua	112240	3536bc740209fe7733af0c4d7197b752e2cbf2dd188179b06f1700dffa560d57
client-lua/ios/resources/dat/protocol/ProtocolProcessorWndAscending.lua	16908	217a55233cb585f948f8a7746083865c91fa4abea0884b64b643898ce80d01b6
client-lua/ios/resources/dat/protocol/ProtocolProcessorWndBag.lua	14289	25d57152205543419ee0bb0ae457c1b40f0b2568e84b13e67402ab1161b7a51f
client-lua/ios/resources/dat/protocol/ProtocolProcessorWndBottomMenu.lua	5218	ea63538f556f83bd3a75848b86490de86b2bf1bc84a1ad201f897f84f5dedde3
client-lua/ios/resources/dat/protocol/ProtocolProcessorWndCharmRank.lua	11901	38b0f7312729e6ee3b4695ac3eea355b89d5864370c798111d454ad13af25bf0
client-lua/ios/resources/dat/protocol/ProtocolProcessorWndChat.lua	3390	4835a4b27bf2d9b744a6980306f29f960447a006a1749020c09f2a51b58b9d85
client-lua/ios/resources/dat/protocol/ProtocolProcessorWndChest.lua	2691	e9f587b278d81177ba63b8b5bd05dd7f9f27a037f797046ded19db9c7dc7459a
client-lua/ios/resources/dat/protocol/ProtocolProcessorWndEquipmentRaffle.lua	9150	1df7a93181aa50afa8733278e72d7088fc1f54834f2686fcdc39bae9c0d388bd
client-lua/ios/resources/dat/protocol/ProtocolProcessorWndFriends.lua	56449	86826ff5fd41b66de720cd27b9ae2ce5b4a9404881ddc3fc90521904a525ddc2
client-lua/ios/resources/dat/protocol/ProtocolProcessorWndGameSingIn.lua	6173	407a4d142a31490e8db22d03740c5c25648cca7776e283db06a36b3b309a94d8
client-lua/ios/resources/dat/protocol/ProtocolProcessorWndImprove.lua	2889	eaf6ac176e6b0a11989be8cab65e29937e43b0bcb8d3c20654fb54b0064b3295
client-lua/ios/resources/dat/protocol/ProtocolProcessorWndInvite.lua	8546	f6c83768b735c48132000e9423dcb0b8bfb40a22474d059f1fb7651012218991
client-lua/ios/resources/dat/protocol/ProtocolProcessorWndLeague.lua	82022	935e186280677993827b3d2e794ec81f465e0f1e1b41f84e4109c2d88e52635a
client-lua/ios/resources/dat/protocol/ProtocolProcessorWndLuckyGift.lua	7428	9e4161210d5f93d56af0ee155391b180ccedd894deda25788148d6832f936c35
client-lua/ios/resources/dat/protocol/ProtocolProcessorWndMail.lua	18226	e5685dc10a027fc3c26030d7821b30eecf65909a31b58f21b7a48354c67f9916
client-lua/ios/resources/dat/protocol/ProtocolProcessorWndMarry.lua	31208	ad4eb0245f2960bdd928536cc7ce97653eac213e3bccb03c16df8b08cd20f6e9
client-lua/ios/resources/dat/protocol/ProtocolProcessorWndMaster.lua	32319	cdb48af1042da0713270e4041563a7b81ed3884e512be9380122570f08b70d58
client-lua/ios/resources/dat/protocol/ProtocolProcessorWndMonthCards.lua	4406	78c3dca0b57ab77a7e8f853a84e2450fb2e776a3b20ae8995c23b3bc278c9ffd
client-lua/ios/resources/dat/protocol/ProtocolProcessorWndMounts.lua	11039	851d0a57906cac2817328a453ba22c4f78de6324150f49cd4ba15a5073473b93
client-lua/ios/resources/dat/protocol/ProtocolProcessorWndOnLineReward.lua	4533	4e878d56518bf6702d6794769cb7be477312185e10c59ad86a05c6366a765843
client-lua/ios/resources/dat/protocol/ProtocolProcessorWndPlayer.lua	31075	0ee196d8d70b21f15a1fdadb9f560ae9b4139451c8d04e44194c821779975f0d
client-lua/ios/resources/dat/protocol/ProtocolProcessorWndPractice.lua	5905	71b85a2688f4d0dda4cbb7da2815bd7293bccc18eea4d58b3e8dad818f4e1bb2
client-lua/ios/resources/dat/protocol/ProtocolProcessorWndPurchase.lua	11310	8a8a6350e7be6176d71e4005c2111f46779b1c18595bc816d974c1d8251caee1
client-lua/ios/resources/dat/protocol/ProtocolProcessorWndRankList.lua	18836	a18bad6cf1db57710086c83c2dc71d62570b309a507ab5f2d4bf7fb33339fd95
client-lua/ios/resources/dat/protocol/ProtocolProcessorWndRedemptionCode.lua	3392	fdcb11c5399d43c9a1c4d3a6706606fcf6d11d6c69c9befdfb0712a8e6b015ff
client-lua/ios/resources/dat/protocol/ProtocolProcessorWndReincarnation.lua	17173	fc8d666cb97755d0feb90a91b67a72ce2a7c31472bd3352cb515685f95dacf7a
client-lua/ios/resources/dat/protocol/ProtocolProcessorWndReward.lua	6556	cbbe9e165cfed351bb4e998c864592b6e5f6edfae65eb3730546a9b7d4b6de50
client-lua/ios/resources/dat/protocol/ProtocolProcessorWndRuneDraw.lua	4619	f845687c8b0a6be8070c97195a26daa0a410ad870f2e11af56433c29c55b3a7f
client-lua/ios/resources/dat/protocol/ProtocolProcessorWndSetting.lua	4096	451c15be5ea2d999d5999cdd1d7ba7d1075931020ed4b76261225a22b4ccfa19
client-lua/ios/resources/dat/protocol/ProtocolProcessorWndShop.lua	39867	efcc1ec57f291d200eef892d94f61cdbd5e44788ee66ed8e55bccd3244d08846
client-lua/ios/resources/dat/protocol/ProtocolProcessorWndSkillProp.lua	18518	144d492bb8339b812f9b16714f36620fc8cf390438d63ccd983f1387bd56bc78
client-lua/ios/resources/dat/protocol/ProtocolProcessorWndSpace.lua	46111	38e4395ccd26e5e52774364fc8905cf05e94b53f071fb764392f4a499f59815b
client-lua/ios/resources/dat/protocol/ProtocolProcessorWndStarSoul.lua	4742	6b489a329029fd9f313aeb59a722a5d6a58068f0d445c315dea0e39e9ede5088
client-lua/ios/resources/dat/protocol/ProtocolProcessorWndTask.lua	5942	30e26feae8601d854cd97aadd139296d6f72d5611a523675afad218f01e2f767
client-lua/ios/resources/dat/protocol/ProtocolProcessorWndTrain.lua	5709	1f1ca8084c2d5efaf5f9a1426e5ba3224e4be70201ae6fdcdd23d49ea0de82a0
client-lua/ios/resources/dat/protocol/ProtocolProcessorWndUpgrade.lua	7549	28fd630dc54205ee110364eabcfc10700845191ce50f37c74af5f9aaf69c9b70
client-lua/ios/resources/dat/protocol/ProtocolProcessorWndVip.lua	22793	e4ae55dcbf8db520eb75c857c606192ea5763a54dc7728af90f7e1e54946c7d7
client-lua/ios/resources/dat/protocol/ProtocolProcessorWorldTeamBossRoom.lua	33796	dd10ab1d4b1cf05c699e79e4d75bc2f368c11aa44ca95c6cbb162464b01bb361
client-lua/ios/resources/dat/pvp/CellPvpAmuseItem.lua	5872	9407fa7ee813b5625d9a132dac513e24134ec46904d93bb664735e8fe9510161
client-lua/ios/resources/dat/pvp/CellPvpAmuseItemData.lua	2176	60f987b77d6a3efb65ad53c03cf3f86d052412b4a53b0ffc92c7ccca4cc81c18
client-lua/ios/resources/dat/pvp/CellPvpLevelIcon.lua	2443	7925bdc294c8f47e992a3212fea1302f74136a7ee7d44ecda8ef0c9d130a92bd
client-lua/ios/resources/dat/pvp/CellPvpLevelIconData.lua	2795	c906b8c96506e710c8b5d00e8643138e9c35ccd2e43b4d226ba2bf572742a219
client-lua/ios/resources/dat/pvp/CellPvpRankItem.lua	6772	8aafc7db7d7b1acbb1729549adbe10a24cc26152b9d7a1be89c0944a6143a142
client-lua/ios/resources/dat/pvp/CellPvpRankItemData.lua	1933	7fd2b58dbbc64c35efcefbf881ece45f8f84432d021fbee9516bcbf273fe2d5e
client-lua/ios/resources/dat/pvp/amuse/ScenePvpAmuse.lua	7107	c15b08ae995e6a19ac9dd132a94322b029989ef685cd22d5ef2ef4551276b116
client-lua/ios/resources/dat/pvp/amuse/ScenePvpAmuseData.lua	2658	42a8d2ab72d8a911c4037e4d0d4d4c7557cd5210102cf1e5868df45858a79b65
client-lua/ios/resources/dat/pvp/hall/ScenePvp.lua	20906	ec4eab568edd46ff6f0ac9482c1de09e4e7bbf8d53c7cabd28874f95bdf9b69d
client-lua/ios/resources/dat/pvp/hall/ScenePvpData.lua	1480	94032e9552aabb29bc385a170e4cc214820f3f558a1b3c72b306b4b3f20e4786
client-lua/ios/resources/dat/rightMenu/CellActivityGifPanel.lua	12167	597eef426cf9ae589ccf7398f71f7b468e134295a6940f7a77e822f462807e04
client-lua/ios/resources/dat/rightMenu/CellActivityGifPanelData.lua	3600	90e34461acd4282acd6f6ecb4618a54ca38072fd463aa1eed4fbe781e44cce07
client-lua/ios/resources/dat/rightMenu/CellActivityOnLineItem.lua	12382	2b2a3ce0911d4125fb5dc447cf692a93a331fbb6324a7db5338820e6c4b13bd2
client-lua/ios/resources/dat/rightMenu/CellActivityOnLineItemData.lua	2465	0e4093f5aee967a1eae59e1a5b877b4e4cd4b88917c0a453651c4df911a751a6
client-lua/ios/resources/dat/rightMenu/CellActivityRankList.lua	3201	e5032b574396e1d7eef3445bb0d6b26b2853791f5398f0c2b99db3a5cf8057c5
client-lua/ios/resources/dat/rightMenu/CellActivityRankListData.lua	7298	f216a1a4074987d5400e77ea082f5ea6beee899193155531176d2b25dfc75def
client-lua/ios/resources/dat/rightMenu/CellActivityRedEnvelope.lua	1338	03c28650e71971cbf6fbf33498a5e178626565275d981444eee6117050947bfe
client-lua/ios/resources/dat/rightMenu/CellActivityRedEnvelopeData.lua	4574	8ce51a5f5d40f624767ee5566c463f57a9c011ace3c0acbfb43dffa15c5c0225
client-lua/ios/resources/dat/rightMenu/CellActivitySevenRedEnvelope.lua	12187	af7e79f758f073edab4d44f0639afccfea7d97276eff8ffdf17810616d842675
client-lua/ios/resources/dat/rightMenu/CellActivitySevenRedEnvelopeData.lua	3817	0826fb789608e9613da354406dee31702f0e177a92f76938871ab0321d91b5e0
client-lua/ios/resources/dat/rightMenu/CellActivityVipItem.lua	7587	923b6f29f961bc1d7f36a2e5ff06cf7b5406f1e8000dea3156b54b4f6897e852
client-lua/ios/resources/dat/rightMenu/CellActivityVipItemData.lua	3322	242630a61ebeb6c930ab8423a6ad19f4b82bfd9a260c693d9f1a1c5e2ce823b7
client-lua/ios/resources/dat/rightMenu/CellActivityVipPanel.lua	10772	336df73c86723f1d45ab32cc85d75c4671025eddb2e0600aba7f4e9d0a9074eb
client-lua/ios/resources/dat/rightMenu/CellActivityVipPanelData.lua	4012	329e93b8499558f10d5ee065fb07cdea1a34ab86b6590e0d66787785d4c9a044
client-lua/ios/resources/dat/rightMenu/CellAdvertising.lua	4272	e56c6163c6613f3c8391e08141c9cb99d58630e7fdaf8ce13ef3612ae7146e7c
client-lua/ios/resources/dat/rightMenu/CellAdvertisingData.lua	1779	1054f56b536180e7a9468fd1fab8b442f60d08e7a81e40127c0e7b23de1a4899
client-lua/ios/resources/dat/rightMenu/CellApartmentAct.lua	967	59343b7331011354de1dd837fc4623b97cc573aa48645749abac44368ed0e927
client-lua/ios/resources/dat/rightMenu/CellApartmentActData.lua	1791	a93a9f4f993aec86aadeddcdb27b2c7c125417ca4bca799ee864f205315d1dd3
client-lua/ios/resources/dat/rightMenu/CellBuyLimitePanel.lua	12423	2f1939c8bd816f35c84e58590e3db45e626cd9cb0b26b03dfbe4ae4458ff685f
client-lua/ios/resources/dat/rightMenu/CellBuyLimitePanelData.lua	3703	b34c787492b5dbb83c2044939ea2505407e3d4303ea8798d00f9a7b201b4bbd3
client-lua/ios/resources/dat/rightMenu/CellChallengeHall.lua	2530	dd0ebf2ff9ed74eaa0137442a110e41512787732cf7c0065fba8e21d961452c0
client-lua/ios/resources/dat/rightMenu/CellChallengeHallData.lua	2673	265726b71555d8c0c533dabf51309563e06909e0dff53721b0fc1c45062177d4
client-lua/ios/resources/dat/rightMenu/CellCostActivityItem.lua	8669	37e5ede7263a923130a14588350f119bac17d95eed06e6ec4ff9fd06870b7124
client-lua/ios/resources/dat/rightMenu/CellCostActivityItemData.lua	2927	771a5a9af39fa43ad5deb8967efcba1cf4ec36681221ec6924e4333b20e5e05d
client-lua/ios/resources/dat/rightMenu/CellCostActivityPanel.lua	14621	fa0101b80688b5a2a519d8def733244be2bf19d957b69cf013d81713180142b3
client-lua/ios/resources/dat/rightMenu/CellCostActivityPanelData.lua	2732	1df73e99762a8a4b032005acafd50933f290a71a19f07b5fa5c22225bed2cd22
client-lua/ios/resources/dat/rightMenu/CellCutePetPanel.lua	12082	01478e6df73d1218f10575447d9847caf3e978a8be820a1f6ad3367d675ffcfc
client-lua/ios/resources/dat/rightMenu/CellCutePetPanelData.lua	3345	83bc7e667892038704a476e139256272f456be90b156ed641e3db190a776874f
client-lua/ios/resources/dat/rightMenu/CellDailyFirstRecharge.lua	10975	1bd472e0e9fd58693065a3d357248c3eb96cf9d6738655b55229761bad389e73
client-lua/ios/resources/dat/rightMenu/CellDailyFirstRechargeData.lua	3488	11438924d478d29729667b817c4e38c3d1bd61eb42791b71f495f88588e99c01
client-lua/ios/resources/dat/rightMenu/CellDayReward.lua	2383	92f87c34122431aa9610b7f09caa23e3c4560f8f107f0fcf631b7f33a264afd4
client-lua/ios/resources/dat/rightMenu/CellDayRewardContain.lua	4745	4bc364a6f302e25f562c7ca40ef05b3d8db812c3837975047b10dfffea15ed19
client-lua/ios/resources/dat/rightMenu/CellDayRewardContainData.lua	3230	6b39cf80aeaf70a304ae90b8f356ad73d966149656e87b412967b3b1c17f9fc7
client-lua/ios/resources/dat/rightMenu/CellDayRewardData.lua	3039	7a07207743754fb06bedb4777f7b7ebb221c63a80f6f0072ff9c09b5b4940d7e
client-lua/ios/resources/dat/rightMenu/CellDiscountLimitItem.lua	6980	caebcbe21f3902d35d2350f8e993fdcbb052b08da4986d86d5e1a22f8eb1a38b
client-lua/ios/resources/dat/rightMenu/CellDiscountLimitItemData.lua	2597	8c9a49db388b5033090dd3f230f46ee03b1d220824f61241a6f158be89baa4b6
client-lua/ios/resources/dat/rightMenu/CellDiscountLimitPanel.lua	6314	db78764018660bcafc39514a293c31c0e6be9085a278b99d0e164bd3b2cc8158
client-lua/ios/resources/dat/rightMenu/CellDiscountLimitPanelData.lua	3821	ebb726d1ab33481169c12c917a2e311ca764211d3889f041657c74882608b2ce
client-lua/ios/resources/dat/rightMenu/CellEatthingsPanel.lua	11325	664053bcbca4ba7bc0d0f4f3062a914dbded25f845e05611fd0f925d9261ad98
client-lua/ios/resources/dat/rightMenu/CellEatthingsPanelData.lua	5542	f9e67b5d45b770fa9a6c341d5ed0241876f0ff986012c08fa2850d8ead46a1c9
client-lua/ios/resources/dat/rightMenu/CellExchangeItem.lua	10304	0d1e86ed0cf5b8d188602487db39e5d20f70c0f32b1c3fa6ea7db63b7305cb80
client-lua/ios/resources/dat/rightMenu/CellExchangeItemData.lua	2831	5d41a1de5b54abe627c94f936dadfc635b66961c813335cef2499ec8a59974ae
client-lua/ios/resources/dat/rightMenu/CellExchangePanel.lua	16698	37583eb23fc792555206f0587fdaf6bdbf59baeba35c0cca6dc854c8a0cd7f35
client-lua/ios/resources/dat/rightMenu/CellExchangePanelData.lua	4348	a66968c86149a141b78c22981af54612f0852f195fe9f93c7f6d0bf750142b1f
client-lua/ios/resources/dat/rightMenu/CellFightingPanel.lua	8018	b149500bd7de9959576c5c2800781299e01b3621d61854a495976dea7bdbb589
client-lua/ios/resources/dat/rightMenu/CellFightingPanelData.lua	3238	c7c2ec117e6bc71286554b037208fa9b2d185959d9f01b052ad1a7991af92f36
client-lua/ios/resources/dat/rightMenu/CellFightingPanelItem.lua	9807	0117750d1668a6704ebea0986b5b554026b92eaa2dd3959d7fc4c3922a3ce8f3
client-lua/ios/resources/dat/rightMenu/CellFightingPanelItemData.lua	3529	f8862b654660b3a9f86b34ae15fdb7144ad7c2118ff38f339ffe6976a97266fe
client-lua/ios/resources/dat/rightMenu/CellFireworkContainer.lua	1260	880be80bb56ceb0b8e03393d01ebc24c7c8359b804da0b3d4bc30205ff86755c
client-lua/ios/resources/dat/rightMenu/CellFireworkContainerData.lua	2276	08344758d0770578969577a9627d5353d4f308f6a97bf8a47006be7d6d548eeb
client-lua/ios/resources/dat/rightMenu/CellFireworks.lua	11598	09ec1a4dbc257ddb3df6d41e7e8e3e5ca5cfbc025b643a7e422a0610be4fbbda
client-lua/ios/resources/dat/rightMenu/CellFireworksAnn.lua	16842	3b654b5479d5c526ff979163d3fea8e79c4df070e046adb3ae3c76f02320d6f7
client-lua/ios/resources/dat/rightMenu/CellFireworksAnnData.lua	2459	aa68d078a3dc639c05471d79a06c1feff37fcc3b8231ebe6760ab76187d4395b
client-lua/ios/resources/dat/rightMenu/CellFireworksData.lua	1808	cd158f9210f8a091293f73c24a3bf20765f76bfd7e166b00e6c1e546f071eb5d
client-lua/ios/resources/dat/rightMenu/CellGradePanelItem.lua	16082	b5c35b7765a3680ceb3e70226da89db82704325a8a403e4ecf090bf2b13cfe1f
client-lua/ios/resources/dat/rightMenu/CellGradePanelItemData.lua	4342	65a4c55db1b12065f82125c3457393323a40ddbb8a4e56c9e04ff9a4757f8f21
client-lua/ios/resources/dat/rightMenu/CellInviteSuccess.lua	5612	4c3410d2e5471d48ba699a980d717b56919cfee4a7596f63cab611d2bd2b3abd
client-lua/ios/resources/dat/rightMenu/CellInviteSuccessData.lua	3107	7fae0a0aab812c9f93c5d66cf4795f781e2c5e12cb2e44b932bed7777395de84
client-lua/ios/resources/dat/rightMenu/CellItem.lua	1994	70a5515f4042a973e8c480714c39224bb47843e140d2ee0d80f529c864d38894
client-lua/ios/resources/dat/rightMenu/CellItemData.lua	1802	4c6ffb2edf210bb9f7c79b5a8fec361d54ecf552b76989f5e97b9bdafe0ea320
client-lua/ios/resources/dat/rightMenu/CellLevelSprintPanel.lua	7460	8fa8e34a820874f6e6db4b9cb0cde284f9326de58d4bf5cbe9dee7478055fc0d
client-lua/ios/resources/dat/rightMenu/CellLevelSprintPanelData.lua	3248	470c249e8101fdaa8a157f838872aeaac84cc211d8dd260b6e821fd70e88c997
client-lua/ios/resources/dat/rightMenu/CellLevelSprintPanelItem.lua	12367	31c5ccfd752d4d027a7a4d53f16c1d6445b8101179cc907318e61e33fd859318
client-lua/ios/resources/dat/rightMenu/CellLevelSprintPanelItemData.lua	3412	994f9edd42e7b0bec2a7af01989612b97c40bc14df47cf7c84b8ab44759c62fb
client-lua/ios/resources/dat/rightMenu/CellListPanel.lua	6230	e4189a7832c819051ba5d0abf9f739ea31db28368d67602130cda9b9e521a105
client-lua/ios/resources/dat/rightMenu/CellListPanelData.lua	2451	971dc375258ef3a957a8d3a376407d1e44d802883364670bedfafa81abe732b2
client-lua/ios/resources/dat/rightMenu/CellListPanelItem.lua	3488	f86c2ba5a0c103dc4b81b5322508464d5086299887ed205334f6962e47a37850
client-lua/ios/resources/dat/rightMenu/CellListPanelItemData.lua	2008	682acb4526a07ed58bb802c693b64086bfa0018bac107f9ee2470ef3c41e02e9
client-lua/ios/resources/dat/rightMenu/CellLoginActivityPanel.lua	12429	9fb36d53ee020b5485b056b98a7d844faa417a7420316fd0a9f93c0038e8f885
client-lua/ios/resources/dat/rightMenu/CellLoginActivityPanelData.lua	3277	e9fdcc26ab8738eeed22b79e1bae178b18466c09566bf6a1275d887030d17a15
client-lua/ios/resources/dat/rightMenu/CellLoveLotteryBox.lua	4177	6548463a039c72a4edb39338872e062c9944df4f2c2dd8fbfdfb04a03b665287
client-lua/ios/resources/dat/rightMenu/CellLoveLotteryBoxData.lua	2464	4a53f8280c363b676bbcf7b523b6d952a739e60313d5d3cd4cab62c4248ff22c
client-lua/ios/resources/dat/rightMenu/CellManyCollectItem.lua	7927	e9e4139a609d7cace4276db448bf8630d63d78cf2329a878b350b5202256b921
client-lua/ios/resources/dat/rightMenu/CellManyCollectItemData.lua	2010	c7409b4be4ea8145d59458cffa1eda2893134178c3c818245e62e4946146e75b
client-lua/ios/resources/dat/rightMenu/CellManyCollectPanel.lua	4649	50bde84128515fb2dff3bb0e7a4bfad94568d1f2fb9b258fb61c2bffd4f85f49
client-lua/ios/resources/dat/rightMenu/CellManyCollectPanelData.lua	4031	3a8a55c147bd09724a3d6478e4b353cb83012937c9f7e172222b1325bce868ba
client-lua/ios/resources/dat/rightMenu/CellMarkCoinItem.lua	4912	7a0137eca362b702c1bc1e83e19c3dbf69e3657370650e4b6d8366bb946afc18
client-lua/ios/resources/dat/rightMenu/CellMarkCoinItemData.lua	2210	b17706d93d92ad3812b35abe939f976db532b324f7397e15c200199eb9208b98
client-lua/ios/resources/dat/rightMenu/CellMarkCoinPanel.lua	1796	7bd04b6c3dc551a8a750b5fd08e5bcc68c832a071ad08f522769679325f56845
client-lua/ios/resources/dat/rightMenu/CellMarkCoinPanelData.lua	3018	3e12d69f17bfafea4af52f2b6b18eab63a483c571cb0e5d0d2c033f7396e5d17
client-lua/ios/resources/dat/rightMenu/CellMarryDiscount.lua	2959	87d5939c51d22e75391c391d83ac28a43bda807afa0e6bb8e0553bc1a208abf6
client-lua/ios/resources/dat/rightMenu/CellMarryDiscountData.lua	2074	11598c272de075386d15cb661d9c801ea4f5c0634a0dd498b48b694721743001
client-lua/ios/resources/dat/rightMenu/CellMonthCardPanel.lua	16733	fb608b13680f792ac197e1b52944d8527a2e5249f0e3eb6eed364037fae52871
client-lua/ios/resources/dat/rightMenu/CellMonthCardPanelData.lua	2828	512d656fbc0fa138765c0e0831909110f9f74f40faa05d8e31a6db55f42b9124
client-lua/ios/resources/dat/rightMenu/CellNewExchangeItem.lua	8346	03bfa079a8a966f017bb9b41fdaff35282f0c1270251c9651746dbfd2947a974
client-lua/ios/resources/dat/rightMenu/CellNewExchangeItemData.lua	2872	c1c389f26941ca7e76475fd7963ec744137cdadef42af0828ef6b3534bce2a63
client-lua/ios/resources/dat/rightMenu/CellNewOnLineReward.lua	6838	638a716c4099e6537f0e2bea6b39b641500e2c35b5b663d0e7c96e62b6e14d68
client-lua/ios/resources/dat/rightMenu/CellNewOnLineRewardData.lua	5773	375bcf3c747c4ca565a9acc417bdac3fea30ccc645e803382aa66de3eb83374a
client-lua/ios/resources/dat/rightMenu/CellNewTotalLogin.lua	15583	d45ea6cdd0864219432492942e2dd34008b7c4d799c6abc8c76deb0534f66833
client-lua/ios/resources/dat/rightMenu/CellNewTotalLoginData.lua	3719	0e3f6cbcdd8b17a56f95154b11d077e966f16b503197880a9de16843aaf93c26
client-lua/ios/resources/dat/rightMenu/CellOnLineReward.lua	10196	9aac9e52c5535641610a3d7134709f2499a2569bd44224a4ab161f11cb8c4c43
client-lua/ios/resources/dat/rightMenu/CellOnLineRewardData.lua	6571	23559ed61e0a84035683514dea3d2ae429cf3f820aea71035469f4292f41068e
client-lua/ios/resources/dat/rightMenu/CellOnlineRewardItem.lua	7221	164b7aeb86935e5ecdda00358689e329b2c7db8dcb67981fca1c6fe3d87110ea
client-lua/ios/resources/dat/rightMenu/CellOnlineRewardItemData.lua	2846	aea0368a547d29bcd277d20542fda798eb8648aed41709a89c37a291488b5921
client-lua/ios/resources/dat/rightMenu/CellOrderRedPack.lua	4498	45a3d7a6c666f330dd7bc8912b158efcbc2aa3f21abef48f99b4a4ade9bfcc35
client-lua/ios/resources/dat/rightMenu/CellOrderRedPackData.lua	1974	a788421dab10af71fe7d80864f3f033058d4d0e1dc813184cf8b7b6d6a7f41b6
client-lua/ios/resources/dat/rightMenu/CellPopupMenu.lua	5327	96603835338afd21f196f569257553d36ae2b4134c5c1ba36edf1f00777c9d66
client-lua/ios/resources/dat/rightMenu/CellPopupMenuData.lua	2131	0d4f2242a947c91bbeff341a07f51a5798c9eba3f17dcf2ce15f3b41687bf669
client-lua/ios/resources/dat/rightMenu/CellPreRechargePanel.lua	12848	d62e7a1e0abc71348417fc7d56308981bcb17d6457240198028f61943d63fd54
client-lua/ios/resources/dat/rightMenu/CellPreRechargePanelData.lua	2192	3229f33b6092c3369a88efe68180d3ba83fec7df3191fbb4f84d122672268318
client-lua/ios/resources/dat/rightMenu/CellRechargePacks.lua	5582	7e817c2e300b98c0a771371810e286a7cc634bcc60c9d518eb597ced51e57fd0
client-lua/ios/resources/dat/rightMenu/CellRechargePacksData.lua	2387	94b6fdcff26ed0feaf244e14d35f2fdce098ba28171641fc774cd18d14435e4d
client-lua/ios/resources/dat/rightMenu/CellRechargePanelActivity.lua	31627	4c1e9e4ec5e4b897874ae37a4905c8b51b62265dc005dba27d37ad9fcb712f18
client-lua/ios/resources/dat/rightMenu/CellRechargePanelActivityData.lua	3317	564932c318d69c73a1c95137cb87660739a5e7386c65e2bae394dd6cfb7a7981
client-lua/ios/resources/dat/rightMenu/CellSignItems.lua	4468	63cf2fedb666ca9568dbed443eeb42227b5576c5b59608dfcba044d561a8fa6b
client-lua/ios/resources/dat/rightMenu/CellSignItemsData.lua	2377	3cb61a97a68e20ace1bef3b902a4739e6f79c118a8c9585b2f9edbc09afb706d
client-lua/ios/resources/dat/rightMenu/CellStarList.lua	3555	ec5cda05d4ead86c3225b7e80589d2e03a9c868388f193232e4905c0d876f39c
client-lua/ios/resources/dat/rightMenu/CellStarListData.lua	1769	520279df66ebb8126787d89731b2795b1b94a48d55fab80d91f4a29dec573e8b
client-lua/ios/resources/dat/rightMenu/CellTenLottery.lua	3069	9302fb89201d2f9b18dd4cd314c7df646243e130ecd46bb01f45716cdfd1b3dc
client-lua/ios/resources/dat/rightMenu/CellTenLotteryData.lua	2134	5c9eaa432a5ec5a78354b052a61a9fa1ed3282d6a74cc14f8fa699658685310f
client-lua/ios/resources/dat/rightMenu/CellThematicTasks.lua	3536	2c59fa55129188e33769d3c994b45effd5004a5cfbaa2f6b631d7f31de7f3abc
client-lua/ios/resources/dat/rightMenu/CellThematicTasksData.lua	2661	81fd8dd8300bc9aa66e2d927bc88213b0c0fcd8c1f75deaf943ab8c8e025c9ee
client-lua/ios/resources/dat/rightMenu/CellTimeDiscountItem.lua	9259	e257a5d0e8ec6649e7ba9c514e95c3592e422a605b969548979c129a1feed0d3
client-lua/ios/resources/dat/rightMenu/CellTimeDiscountItemData.lua	2552	3a0c47b0b0b3b85cb215724050fb1141644b782d52db9db18c993bacf268d7bf
client-lua/ios/resources/dat/rightMenu/CellTimeDiscountPanel.lua	12395	a669df7b2d747b3a5a9255861b0801a087072df9aeca9e5ebfd2351634b81bc2
client-lua/ios/resources/dat/rightMenu/CellTimeDiscountPanelData.lua	5232	e209b0ac12ad3c5d9769ab1c6810e6b5d0e807127a5fb1a75e8b4a497c7faafd
client-lua/ios/resources/dat/rightMenu/CellTimeFirstRecharge.lua	12945	d60c298231230ae78829a550b5ebaedc3e7db37ecd53f77c6a1b3b26be1e6aff
client-lua/ios/resources/dat/rightMenu/CellTimeFirstRechargeData.lua	3948	14374e82985f7a7c1e9051cf8798aada7af928b45b5207868b6a79ea58336e54
client-lua/ios/resources/dat/rightMenu/CellTodayRechargeItem.lua	6867	10f4c141d782bcae76c356116fd2f999fcef1ade610ff63f38f03c65883770a6
client-lua/ios/resources/dat/rightMenu/CellTodayRechargeItemData.lua	4868	7ee5e854acec3dcca3ff080e71a6e7c904888b1e53ecf341151913eca1b25d99
client-lua/ios/resources/dat/rightMenu/CellTodayRechargePanel.lua	8846	be6f6b674f4dd7630ece714a890afe0e05a00794a2d40db8a064c5c7d36916a7
client-lua/ios/resources/dat/rightMenu/CellTodayRechargePanelData.lua	2953	42de331d504b726c064a6387800ba5547e9133d92a91316c4ecef373b0f4c963
client-lua/ios/resources/dat/rightMenu/CellTotalLoginPanel.lua	16306	ba3b73c73e698ad4b0cd266c7ca8adf7049192aefcedbcd30251e9a292bb7274
client-lua/ios/resources/dat/rightMenu/CellTotalLoginPanelData.lua	2863	4d7f7cccd9aa456f45d0f0e8c6b01e6518a72455c934f16f66d211a12154e8cd
client-lua/ios/resources/dat/rightMenu/CellTotalRechargeItem.lua	26895	0b0bb252f45bd1c90ab6e87d66f04c39c157d3090ea4f3a2ab706a7bb9ebcaa0
client-lua/ios/resources/dat/rightMenu/CellTotalRechargeItemData.lua	5420	2cce121c44cf2d16e978afea90beb35a0e6a3f3ce082891320625553d9072e4c
client-lua/ios/resources/dat/rightMenu/CellTotalRechargetPanel.lua	37119	a72d8d910210e2ea0e03452e23fd942af12e9fb82588ea03d2f061dcec9a80b1
client-lua/ios/resources/dat/rightMenu/CellTotalRechargetPanelData.lua	4949	bc7287c37398fd2e367822c31bb79779800b7c6c73cd860b59476422d582ff72
client-lua/ios/resources/dat/rightMenu/CellVipGiftBagList.lua	8322	338f12998f067cbe2b8ae1b5cb088b7291b8bc45b8db57b6766799ee0ab8deee
client-lua/ios/resources/dat/rightMenu/CellVipGiftBagListData.lua	2248	13207158734f99cf939d8caee94f8513d170dc9e7116f26af7b509839b25707e
client-lua/ios/resources/dat/rightMenu/WndActive.lua	15581	77d0533c248fcfe1565fbde6bb76b2420f786eb991337eb2bd5367077329416e
client-lua/ios/resources/dat/rightMenu/WndActiveData.lua	3981	1fc7cc2cdac1fe52fd3ddcb790d08c0ce0d11d5c60e9b84f527ebd97baf398ea
client-lua/ios/resources/dat/rightMenu/WndActivityRankList.lua	4628	fb2f515f86bef6552e4717b8a1a107b6efc5d935a6a842628f7f44dfd5ebac55
client-lua/ios/resources/dat/rightMenu/WndActivityRankListData.lua	4464	ef1390fdc7cb12b7649bcba9a50f440046ab969dc966b785575acc8641801977
client-lua/ios/resources/dat/rightMenu/WndAdvertising.lua	9053	7cbbe4bf8ca419e114771d433903ba9b74346657d7283f295c2ebbcd22363106
client-lua/ios/resources/dat/rightMenu/WndAdvertising1.lua	3520	ca3b1b64a01dde7972edb836d1bd385cfbaa51b7d0c953da364c63e9f4599394
client-lua/ios/resources/dat/rightMenu/WndAdvertising1Data.lua	1498	c408aa55f9c0cba9377a6c40cdca072bebc6d019474da03dcfe53fd2d93bde02
client-lua/ios/resources/dat/rightMenu/WndAdvertisingData.lua	1749	15ccf7fe79f1adc90497172b7c71c6b145536d66f65d9972a3e51e8264fd1e0d
client-lua/ios/resources/dat/rightMenu/WndAnnouncement.lua	5208	3a84d83467bd565ad1d92d2aaf2d45c7d29cf3eb4dc43460a4a1d5487fe6ed7d
client-lua/ios/resources/dat/rightMenu/WndAnnouncementData.lua	2969	3f5091def23e14532e62668163e2cdda9b7023f65b01103446a0fcfa4d9f88d1
client-lua/ios/resources/dat/rightMenu/WndApartmentAct.lua	76851	a1e34ffd43d37ee73d71e4abb089a008dc1583fc1f86f600be9b5f5ee93ffb73
client-lua/ios/resources/dat/rightMenu/WndApartmentActData.lua	24983	d77227d9746dbeed9053bc4b8446460bcd4bdc71ce052e4205a93aa9adace4ef
client-lua/ios/resources/dat/rightMenu/WndChooseStockNum.lua	4635	d9608464cd88eee49125eeeb5ba2a33a51a612251cc00582f44d291667bb0893
client-lua/ios/resources/dat/rightMenu/WndChooseStockNumData.lua	1966	d9e5b8fea9b3c50f6c5aefa6b7da112bbc137ba7e0138783d9cdc3293be2c177
client-lua/ios/resources/dat/rightMenu/WndChristmasTree.lua	19357	8af9649e237321429ddd38024089f40f849b62a74d27adb16d351b527407b476
client-lua/ios/resources/dat/rightMenu/WndChristmasTreeBag.lua	3550	a7ce4a0ca39dd61165c6c39fa8974e16dc10fe44c8fcc84f3e07f28aefe1fcad
client-lua/ios/resources/dat/rightMenu/WndChristmasTreeBagData.lua	2786	f10f56193ffc353a0e1541df07214d3d863b69e4b193d98079cf05eb982281ae
client-lua/ios/resources/dat/rightMenu/WndChristmasTreeData.lua	10138	826ddd773ec3b8765811e392657dae449d7a7f8c0d8aa8853d6a9792f812fae1
client-lua/ios/resources/dat/rightMenu/WndCollectRewardList.lua	2963	83373620b82f6d312188a6f8a2470751197f4fd1d62120f3529546a455430eea
client-lua/ios/resources/dat/rightMenu/WndCollectRewardListData.lua	3407	5a70a090dfe0dd357ddf83965cbb54ea338551aad78e8715a3c7bd664513dc2a
client-lua/ios/resources/dat/rightMenu/WndCurrentChat.lua	19375	60623e98ad667591adc243605273fbe8f0fc409a3e7053dfce180643403f6cb2
client-lua/ios/resources/dat/rightMenu/WndCurrentChatData.lua	5188	d732ad2f99ad5fcb8b0e8cc800ebac0745f469a7f967834be794a20683c02686
client-lua/ios/resources/dat/rightMenu/WndEnjoyCard.lua	4799	97892dc053de79247c7be5abb538ffb90ff0e42e52c76426293c763e5b3eca4b
client-lua/ios/resources/dat/rightMenu/WndEnjoyCardData.lua	1363	dbfb67156beaa52755cbcb528216a7e059a8da511a7b286f1f6be9a89a0c3e39
client-lua/ios/resources/dat/rightMenu/WndFreeca.lua	15509	c5306dce3d9c0e3ce55260c076e2140af2b50f422c569381a3457d264d275d7d
client-lua/ios/resources/dat/rightMenu/WndFreecaData.lua	4620	52906af86353014f62d3b79556605d36c86d4e4e55af850901df4d4804989493
client-lua/ios/resources/dat/rightMenu/WndGameActivity.lua	69729	ffe3bc53ad9b4539cdfe88acc1da37deced38bee6938014d3d048ae2513a3878
client-lua/ios/resources/dat/rightMenu/WndGameActivityData.lua	21903	ed5c864296c760b25312a6e0b1cbca72b48940bc8ffc19325106da096b0a4b67
client-lua/ios/resources/dat/rightMenu/WndLuckyGift.lua	31793	999627403ee3e46f0321acab436e23fa5e2e00e3c2d3e718fc35022f47a26eac
client-lua/ios/resources/dat/rightMenu/WndLuckyGiftData.lua	4651	dfa8bc2a95af3af841591fc6fc03377c0cca6431aaeecc67ecde91eb51bec10d
client-lua/ios/resources/dat/rightMenu/WndPlayerBack.lua	4785	a0e1a75427299e810cff16cd63495ceed0a614f24e9a78e9067eb45e895b3659
client-lua/ios/resources/dat/rightMenu/WndPlayerBackData.lua	2072	0341c43b912d7fda4d93bf8f8451377ec759fbe2d05266b9798fc78561d5b010
client-lua/ios/resources/dat/rightMenu/WndPopupMenu.lua	7394	1aacfe30b1f7443cd3463ad3e3f2fa670478b8606efdfb136c96560f8249dc08
client-lua/ios/resources/dat/rightMenu/WndPopupMenuData.lua	2405	c0a9f676b00c526fdf359cb243701d89f98f4eb7d5827162ce91dcd87578bb50
client-lua/ios/resources/dat/rightMenu/WndRedEnvelopesRain.lua	2026	21882d51eb24dea50e53d5d4c96058152e412e0061fa4b6270e97a364e840c80
client-lua/ios/resources/dat/rightMenu/WndRedEnvelopesRainData.lua	1484	fb78a37d02415079e75bb064d0d4d673031d3bc01875ec10d3354d304d87368b
client-lua/ios/resources/dat/rightMenu/WndSeckill.lua	10962	9a47cd3f555cc96d98353b136b7c4b1526a355adca26cced0b30889b3f9500ae
client-lua/ios/resources/dat/rightMenu/WndSeckillData.lua	1439	98426a45ae63f06d7f2cf43382215bbfd06414fb27c29538f6dcdb9769f01340
client-lua/ios/resources/dat/rightMenu/WndStrong.lua	17179	37b09c47a1625c0251ad9df89899e56b2590fa741224986a41bfdf13162bb121
client-lua/ios/resources/dat/rightMenu/WndStrongData.lua	5410	a3dbff7b0583c6a7d3ae673817cdcce34168540dd08001b694289a9d4d69a549
client-lua/ios/resources/dat/rightMenu/WndSuggestion.lua	7887	5c78facef54259d6c6c469ab7209610efe06a37d6e26d75adddb2d4a9512d792
client-lua/ios/resources/dat/rightMenu/WndSuggestionData.lua	2421	692fb29a19b34132e16286c13d5839f58f3355cfea86054fd0a2feeebffbec73
client-lua/ios/resources/dat/rightMenu/WndSumVacAct.lua	24048	133e911ffeac312fbb3eee3446de09ce288ddc9e2c0ac659ddf65fabc11fec6a
client-lua/ios/resources/dat/rightMenu/WndSumVacActData.lua	25341	24a218c5539ee089df5a11cf6beb81446107d6835b5fcee1e672c0533d10fee9
client-lua/ios/resources/dat/rightMenu/WndSummerReward.lua	4222	3a68bd80c90f563c2aaeabd89a0fb2609b5a26894c62ad2b242871946088e12d
client-lua/ios/resources/dat/rightMenu/WndSummerRewardData.lua	9703	edc97114c7216a55888b0c532c2de147f33c09271588a5d3a24a12926bab9b8c
client-lua/ios/resources/dat/rightMenu/WndSuona.lua	9940	9d39ac84d5225573132531fa2c80d173436c2d4b8752ba1f86ea9e0ba11feed0
client-lua/ios/resources/dat/rightMenu/WndSuonaData.lua	1640	db90d97f2170e76a0d431a4005c7c4eac28ac68a947a33f4c9eac3f84e6c8235
client-lua/ios/resources/dat/rightMenu/WndThematicTasks.lua	2128	a559eb93112e040f6890d6e56ec6725bc922a778e383f254c5912bec7cc0e88a
client-lua/ios/resources/dat/rightMenu/WndThematicTasksData.lua	3322	7b056e273c04861ce0e41c5c23b7368837c1978f712d304e0c51cf80ec4cf48d
client-lua/ios/resources/dat/rightMenu/WndUpgrade.lua	21216	4b1130f950822c5e46ca28a69c98fd6a156afa9da96945a603a72524ac292f63
client-lua/ios/resources/dat/rightMenu/WndUpgradeData.lua	2715	fe95ea1543010895c32dcbd7ce249319014806a2a3d621d7931f9c49c9936317
client-lua/ios/resources/dat/rightMenu/WndWeekCard.lua	11762	0f9ebbcf9e3c3402cce3cf5b476b126a7b85708fdb006e2325cf9409982bc99f
client-lua/ios/resources/dat/rightMenu/WndWeekCardData.lua	1905	87bff6b68ea029a0436518ea8a163c4198eb7b8b7afe679f8f3e6e140f4d2a15
client-lua/ios/resources/dat/rightMenu/WndWelfareCard.lua	7039	9b540e602e5d8d07069c51ae9635fea23bf81cfc4b5c9e4232218b1473f28fa2
client-lua/ios/resources/dat/rightMenu/WndWelfareCardData.lua	1373	257c761bce5e8d9104cd0c795c6e36bd14463dc9ba0608b5d70f742888b89177
client-lua/ios/resources/dat/rightMenu/setting/CellEnterServers.lua	3965	1a1c67307f7f5bd8f536d8fffaaf2b3ebc400fd27ac58f21ec98a3ce5601a74f
client-lua/ios/resources/dat/rightMenu/setting/CellEnterServersData.lua	2564	f5a7beaebc90b8fc586bd02ec907dd5a5e891fed7b3f561992d944ac7bf88d52
client-lua/ios/resources/dat/rightMenu/setting/WndAccountChange.lua	7053	54a54f4611e6807fd4dcdf5f9103116f29e1914c0c04974820503a59b6facec3
client-lua/ios/resources/dat/rightMenu/setting/WndAccountChangeData.lua	1731	07b61dc8b4c5763337c44932dc744a8106cc54e06219e2c9146f2befa3ed5153
client-lua/ios/resources/dat/rightMenu/setting/WndBindMail.lua	5463	961d7240f3db9f72fa351351db25a14c50a2bb6164de98a60d67664a845e2b5e
client-lua/ios/resources/dat/rightMenu/setting/WndBindMailData.lua	1702	693a259b04b3dc9274a108cb79e49b141d594d342d0ab6496ff85c97bbb59657
client-lua/ios/resources/dat/rightMenu/setting/WndGameAdvise.lua	8480	64629d39f45787c0a0cf2660b6f7d075e5530637e6979b0aeb66fcd9fa5e0c2b
client-lua/ios/resources/dat/rightMenu/setting/WndGameAdviseData.lua	1615	813fea883ba45519e8d688a9d107da5e446ac3619f9226b060fe999377daa334
client-lua/ios/resources/dat/rightMenu/setting/WndGameGift.lua	3424	55482b0fd45adcef8a2c406df0f080ac932fb5b2ee62eeb569c1d56bc53c7ef4
client-lua/ios/resources/dat/rightMenu/setting/WndGameGiftData.lua	1579	a62a68d56d86155d103872dcdf0a2c8c014c3e4ea58f45820211ed185bc4b4a7
client-lua/ios/resources/dat/rightMenu/setting/WndGameLanguage.lua	4973	17321bdd7cbe90c69cd5640000c475d637828854975816d5bbcf70ac44afa814
client-lua/ios/resources/dat/rightMenu/setting/WndGameLanguageData.lua	1426	bc12eb73a3354d6856f1351ba3911e963249311a35153d93a1ba996574be02b2
client-lua/ios/resources/dat/rightMenu/setting/WndGameNotice.lua	3770	3df53a75996dab16dcaf2d72319bd978a648855869e8bf9018aa3710644c69f4
client-lua/ios/resources/dat/rightMenu/setting/WndGameNoticeData.lua	1555	f99c87d0addfdf821a9326df15a149aa63a42e36e4483394796bc431d3aa50d5
client-lua/ios/resources/dat/rightMenu/setting/WndGameRoleSound.lua	2077	6831b41864517e61af0202050f7382194ea99025ab63aa78ed4d56a3632cf27e
client-lua/ios/resources/dat/rightMenu/setting/WndGameRoleSoundData.lua	1351	a97f557c6b6aab8a72e45061d8f8c064baaf386f286223f025c12ec27167132e
client-lua/ios/resources/dat/rightMenu/setting/WndGameShare.lua	3162	264eabcbd37879978d35c948d3781443b824d55899e5db4baaf6d2f527ea228e
client-lua/ios/resources/dat/rightMenu/setting/WndGameShareData.lua	1341	9bfd92d3e5f81368492ffbcfd672eaca9970cc3b015dd25dc6b9fc8849c42789
client-lua/ios/resources/dat/rightMenu/setting/WndModifyPassword.lua	6980	0dae797827b488f986bf025b2a55dfcd3df1a9189bf4aea09d23b7588689d5f8
client-lua/ios/resources/dat/rightMenu/setting/WndModifyPasswordData.lua	1903	6803c3d6889d41493d73d425796ccdca9f4afa88a663d700435290f7df25094e
client-lua/ios/resources/dat/rightMenu/setting/WndServersSure.lua	1160	4081fed984f1b1e6b5be9bd23c81ca7e145aeaee31e3e0ab2e3e9effe1ef5dab
client-lua/ios/resources/dat/rightMenu/setting/WndServersSureData.lua	1371	824f75e0677cdc6fd561a8cb7111889492e0d84abb6e55643d93273bf6beb146
client-lua/ios/resources/dat/rightMenu/setting/WndSetting.lua	33618	d4022ddd64c53fc96cc6946104eab865bc3b4a1ec0670b44026dd47d6d818840
client-lua/ios/resources/dat/rightMenu/setting/WndSettingData.lua	7037	25b387bca6cee69b469ad2ceafe55e1eb7321d2567ca0d50421ab5918bd87933
client-lua/ios/resources/dat/rune/CellRuneBook.lua	3929	2596a375c7c75550315a4aad072286fc70631ca406513ca27535f6f912da699d
client-lua/ios/resources/dat/rune/CellRuneBookData.lua	2224	b33cd493d01f9257614672b53cb2192af44a452b3b49b9e032c470ff925a7ff6
client-lua/ios/resources/dat/rune/CellRuneInfo.lua	8755	2d01fe2309a978f974f9c5a2c43619ee139c612dd023d952f4679ce1cdb116e1
client-lua/ios/resources/dat/rune/CellRuneInfoData.lua	2355	2cd1f5b303ea2044fbe2933fc134235d96c4727dcd207a7d1792548902875b5c
client-lua/ios/resources/dat/rune/CellRuneSellDes.lua	7869	f6b244274f544711bfa889bef8ab2e65fc6e2c0c9f0506647806302635b51467
client-lua/ios/resources/dat/rune/CellRuneSellDesData.lua	1958	3a05dda4c301f0099d7564a674f6e4d0ccf759ea1b498b7bfaee4f8e039e3d76
client-lua/ios/resources/dat/rune/CellRuneStoreItem.lua	6284	d0ec890aef5431c9ea5af741a00089d0cc9ae1410df1b57cc7bf0261b90efffd
client-lua/ios/resources/dat/rune/CellRuneStoreItemData.lua	2459	31c79b3ca6a4a6859379df76b9b3fba562bd119401ccb6d12e56ec309bcccb82
client-lua/ios/resources/dat/rune/CellRuneType.lua	2820	5418992c86c9659f7c3343be766290177565b5797ca9ff4a135eea5441b60695
client-lua/ios/resources/dat/rune/CellRuneTypeData.lua	1996	398fc2cedd246f3ea544d6cc05f02e2b5b8b047802e0d5a67a6841388d79caf0
client-lua/ios/resources/dat/rune/SceneRune.lua	26394	e902161786903adec44b36a3319238a78ed3a3ddc9fd226e6ba386b74499dc4e
client-lua/ios/resources/dat/rune/SceneRuneData.lua	24970	9870c9f2a3cbadd63b0f74b74633db3f7ee898d84b31316b2d92fffcdf501cbb
client-lua/ios/resources/dat/rune/SceneRuneLockDraw.lua	19238	cccac8bff2732dcca0ae1ddd45b8fc6ed113498483fa892762cc1b04d061ae6c
client-lua/ios/resources/dat/rune/SceneRuneLockDrawData.lua	10953	2ccc31dd8c5e5b507c511f011d658c3c094c6e970f715608f12e07dce277b386
client-lua/ios/resources/dat/rune/WndRuneBag.lua	6871	63d64c29931e70c2b4cfd57dac2413041e77f1d4c9f2f9e894b943e05b8071d4
client-lua/ios/resources/dat/rune/WndRuneBagData.lua	2496	e1600edfcd8751281129f3d68c21873e7c4c1c9aa941e0f97329aa228370be79
client-lua/ios/resources/dat/rune/WndRuneBook.lua	11977	347f3d6c6e10c5ca2208afd61f93a773c6bd016b9e0d6babeac0cbd87deb6aa6
client-lua/ios/resources/dat/rune/WndRuneBookData.lua	2299	1d8c66522939d4d45c7bde30e539f9dd68230d3cadddaa7f51e097682373b0dd
client-lua/ios/resources/dat/rune/WndRuneInfo.lua	4774	f2e342e51aedb3cff68dc15fa0d9b5f618c5f607116ea0b112d098447f23f289
client-lua/ios/resources/dat/rune/WndRuneInfoData.lua	2396	2104f4b04a4a6f8d48689ebfe2209570036359a66cbae5939cf35c4417771bf9
client-lua/ios/resources/dat/rune/WndSellDes.lua	1995	cd6d93d862579d18e2d1b8aa5bddd70edf23943845220b938f3fb27a2135d1e9
client-lua/ios/resources/dat/rune/WndSellDesData.lua	1377	59f9db4abdb2a2ac41227c22ae6b1a7377a43b774091f8b102785128ee345376
client-lua/ios/resources/dat/rune/WndSellRune.lua	11569	4387ba079f079cbf22f50035322f9dd07a3b1d4adf9d6e8013c5ce0813d65355
client-lua/ios/resources/dat/rune/WndSellRuneData.lua	5154	faa3e39890498b61fdfc5e1b86d65f102dbd0837b4ceaa939e9e0b34bf421ab1
client-lua/ios/resources/dat/rune/WndSingleSellRune.lua	3919	e683fd5f44f5ac6acf8ee818be206ea72596e11e2704de487c4786ed83eae383
client-lua/ios/resources/dat/rune/WndSingleSellRuneData.lua	2205	887d6af8c3f21f387b54de0fce0286dd1084786620d952090ceadcd6633674cb
client-lua/ios/resources/dat/sdk/base/SDK_Ad.lua	3969	9b414dc134c438d7ebcf96cf5d421ff5c37c11dbc274679263709177e979eefc
client-lua/ios/resources/dat/sdk/base/SDK_DS.lua	7042	d05731188af14ea3c0e6a26ab053f527ead0e2d2656c215bcd9e69acd69444eb
client-lua/ios/resources/dat/sdk/base/SDK_Passport.lua	4106	62af4d74d879484be0ea49cac00c04217ad3e6646e85102809fb490aff4eee5b
client-lua/ios/resources/dat/sdk/base/SDK_Plug.lua	1675	e362d1a66874a4eaff72afc3a0025597f9a0a22b2f6d039f0b6b349053f7e894
client-lua/ios/resources/dat/sdk/base/SDK_Push.lua	4524	6e7c9a5b2d4b634dd596856833c06dc13a213ddc5d0b544be396d1a509842457
client-lua/ios/resources/dat/sdk/base/SDK_SNS.lua	7099	45397650470aa34d037a26c275d980fc8e6c3310a5979c31fd3c393200bbc3b6
client-lua/ios/resources/dat/sdk/base/SDK_Talk.lua	7600	10e227d6fdd3348acf2ecb349d021b535ea6b6b9729187fe9ef5b4057cd3d4d2
client-lua/ios/resources/dat/sdk/base/SDK_Util.lua	5196	f61ffab79afc95ccd906286697c29c757a918b46fb8dceddf97f24286104e057
client-lua/ios/resources/dat/sdk/extend/DSSdkManager.lua	4164	4771fb291ad4a7b74704fa49f1865665113af7bbe3af5b022349a042f4b1797f
client-lua/ios/resources/dat/sdk/extend/PassportDefaultCallback.lua	14274	318fe1d423c2575950fb936bda45a9183690cfdfeda8e62c411a7f49f535cf5b
client-lua/ios/resources/dat/sdk/extend/PassportSdkManager.lua	40443	fbb357911713623430819e11db6965686fc6d320567a41e92d5a267d16a9c189
client-lua/ios/resources/dat/sdk/extend/PlugSDKManager.lua	2482	e9f3bfaaeef49d62155eab8340413ad7bbdb2f1f040ae82c3cf5bb871dac8000
client-lua/ios/resources/dat/sdk/extend/PushSdkManager.lua	3255	0e2a600263de7f16e3e0419c845b52782bd60bf26d56c76f3127901120c3087d
client-lua/ios/resources/dat/sdk/extend/SNSSdkManager.lua	11551	558b987e1dc33055abc0decf8b35c5aec3c679200f997a5453ea8b73d8a701c4
client-lua/ios/resources/dat/settlement/CellJJCBattleSettlement.lua	5667	fe07034c0c29707cf845bf0ef8b67624ce09dd2fde49d6d4f689b33246843add
client-lua/ios/resources/dat/settlement/CellJJCBattleSettlementData.lua	2109	09d6ab16bca7942e54ea559cd47b7491d8110665cb737faf1ee5f7a86b826c25
client-lua/ios/resources/dat/sevenDayActivity/CellSevenDayItem.lua	2983	36e11539aee3eb291c3a2b7ac894afd1f08c2b334df72cb0fea19264d993fa15
client-lua/ios/resources/dat/sevenDayActivity/CellSevenDayItemData.lua	2253	df279732a5042f14b22a4539efab57fe8f92cf0c2d38bd781ca46c32447072b7
client-lua/ios/resources/dat/sevenDayActivity/CellSevenDayTask.lua	4042	1a49eeaf1ec3bc5e964082d908454863f4a66e2d90b3c3df99c261036a724adc
client-lua/ios/resources/dat/sevenDayActivity/CellSevenDayTaskData.lua	2026	46492118fadd9a8deae53ee5b7e7ed04c9334fea08d78a551e8901343627b1a0
client-lua/ios/resources/dat/sevenDayActivity/WndSevenDayActivity.lua	23810	bbf900aea2d8dec29052c1c6289a8027496c8c80fda392fca7b51dbb067dccb8
client-lua/ios/resources/dat/sevenDayActivity/WndSevenDayActivityData.lua	9541	1beed1ce328ca0fe3d212a1ba6dd7b7e3d80dc6a1cd7be1ca34f1b1af8dead42
client-lua/ios/resources/dat/shop/CellGoodsList.lua	23013	d5ca45717f5b12ad48e79b8f80050497f6314309e7e3906615d4bdac3e5d1353
client-lua/ios/resources/dat/shop/CellGoodsListBig.lua	17205	67ca4fd1660abbe9822ea2c12d443f653ad6d7231143bdd7ed14b5dd57ab39ad
client-lua/ios/resources/dat/shop/CellGoodsListBigData.lua	1959	2500dd93b574854b97daac61c5a4878a56a6c781f33e851e9e8f9095e37832af
client-lua/ios/resources/dat/shop/CellGoodsListData.lua	2035	8828668c049f208e367a9e54507f8ff564f72ac53f48a5522311574074ac397a
client-lua/ios/resources/dat/shop/CellSelCount.lua	15193	ed77a567d31e77dde090e9e6334b763d86d9bc81c93873cdc7495b7c63087dc5
client-lua/ios/resources/dat/shop/CellSelCountData.lua	3872	9d05454a8aa0c30585a42f4132db558a360fb014598a0639934b96f4a42c94ed
client-lua/ios/resources/dat/shop/CellSelPrice.lua	9785	d29de2144631c63a33d4f243dfb9edbdcf1275a1bcad789c495ca83d69a3f4ea
client-lua/ios/resources/dat/shop/CellSelPriceData.lua	2613	928978322e7c7ba00aa1c75891e94e49f11b4bf39f94febda1a5e2facf1422c4
client-lua/ios/resources/dat/shop/CellShopFriend.lua	3618	8fd58310155184f8240b17a56e493783c557944fe2d7a917bdd5f8c1f69664c5
client-lua/ios/resources/dat/shop/CellShopFriendData.lua	2153	19598c1705aab776edcda2a4fad40c5dafd54df34a45398a211edd19727686bb
client-lua/ios/resources/dat/shop/CellShopLottery.lua	5632	21fd51470566ecc56f93fcece47c6b11a54192e2530b9d8c2abecddcd594e048
client-lua/ios/resources/dat/shop/CellShopLotteryData.lua	1781	6a05b157163dc5737f1e50d9e84edf66bd107bea0f80a1b86903138acbb183b1
client-lua/ios/resources/dat/shop/CellShopNew.lua	2392	b8c07148ce0fb0afb7ec521065386a57ebdcf66741244cffd91f42780dd7c262
client-lua/ios/resources/dat/shop/CellShopNewData.lua	1977	8c0f4fdf7cc1e892a451af52d53602950d761a6ae1b7306682fb4b880c239151
client-lua/ios/resources/dat/shop/CellShopOld.lua	3268	b9ffd57f6baed1600689a2c0188af85924724eb3390c2cf34c956707d82278da
client-lua/ios/resources/dat/shop/CellShopOldData.lua	1977	6f2f330d995615cac778b87a41500db299e1d7538e802a822f6383e5069b7d71
client-lua/ios/resources/dat/shop/CellShopPromotion.lua	6954	73ff71181ec574160cf59df44947505942fc5684ab45cacdbaf5b6c48933dfc0
client-lua/ios/resources/dat/shop/CellShopPromotionData.lua	1849	d2c75b9f4211ff8a5c7ed407b8a958956d9cc7a76fe88d6e8c2cca5717bcf4d7
client-lua/ios/resources/dat/shop/CellShopSel.lua	2153	da0887760926fff99c0abed68586ddef30d2c233b2bc53fd57b81fa3cb6a307a
client-lua/ios/resources/dat/shop/CellShopSelData.lua	2252	95dac68bd4feb939c33a7337d32e66e366bcc80a79a17bdbcb381453005eb859
client-lua/ios/resources/dat/shop/WndBuy.lua	13194	8d4f2a6254887b95d41fb034840fe388748f1574715ef791659e931169f46fee
client-lua/ios/resources/dat/shop/WndBuyData.lua	2078	6da2c1512daa95f7addededc055632d241cc5f5029d80f1598efd0e024b026f5
client-lua/ios/resources/dat/shop/WndBuyMultipleItem.lua	7803	f384ec62b012a28d8cbbbd3b8a974236f8aa0586f0a3c666137b8877b752d0d1
client-lua/ios/resources/dat/shop/WndBuyMultipleItemData.lua	2407	431a689dd85dfac08a013ac0509e22b71aa62c5b4a6d5b36dc806399530ab024
client-lua/ios/resources/dat/shop/WndCommunityShopLog.lua	6518	196c49b8ec762078ccb8c19de8e0d30f743b48bd8555bfd1f1843b1a24ba0646
client-lua/ios/resources/dat/shop/WndCommunityShopLogData.lua	3543	3cc08d7d416a462bdb2b16a2725a14a6007c013203c2840608cdd4afd7396a8d
client-lua/ios/resources/dat/shop/WndPurchase.lua	22990	e8ca71e52e22a3c40d5e88ffe38b1d831664a1a06e13df11e1c01d8b147d3fdd
client-lua/ios/resources/dat/shop/WndPurchaseData.lua	3958	7ccd07dd075051c5b20675ea961446828cd19716d7ba9bc3209c9ae2b73cad5d
client-lua/ios/resources/dat/shop/WndShop.lua	82444	77f7a6f8fc70d9038d193292fd17741aa1ac48e14eef183a670356bc88eee153
client-lua/ios/resources/dat/shop/WndShopData.lua	20306	e797936333dae158f9f3c5663a156aab6869a08e703859dada2364dfac5a0538
client-lua/ios/resources/dat/shop/WndShopGiven.lua	13485	f417b9d1289356346c19bcc3a8c5ae87302a636dc8ad86d02a99a908e216c306
client-lua/ios/resources/dat/shop/WndShopGivenData.lua	3298	8e4e1934f55fac970b6e0f85e052313292d70b34e08b265878cba7952ad27dc7
client-lua/ios/resources/dat/shop/WndShopLottery.lua	13932	ec77e0d3e4ef6f315500d8085245aaf0b3fda58afb64d3e0466534ccdfaa75af
client-lua/ios/resources/dat/shop/WndShopLotteryData.lua	1861	fa071942b33fd3c7a68b10e4eecde669671f0ff97e2cd48a7006d93c21b3c8a9
client-lua/ios/resources/dat/shop/WndShopSubCheck.lua	8293	774e55e1ae14a41f42d77410b962a0efaeb3ec7a4c77fd6c1953e4b859db5f57
client-lua/ios/resources/dat/shop/WndShopSubCheckData.lua	1454	a06bf7fd687abc365fc0e56bd7f912639d7c03f2fc2b8caa171df51c52342858
client-lua/ios/resources/dat/shop/gangsterInn/CellGangsterInn.lua	4560	2dbc5290ebe8730b226099016b6d61277eab36c857550ad55dae0a8cd9b80bda
client-lua/ios/resources/dat/shop/gangsterInn/CellGangsterInnData.lua	1873	ac25ff6c87a97d2eceaa7fd7d3d8c7dd80e3de5e18cc8c3f249d453539b247db
client-lua/ios/resources/dat/shop/gangsterInn/WndGangsterInn.lua	5728	fa9ecbb42ca911cc1f9450601025d00a081febd8aa87fabf5842df637b6b1871
client-lua/ios/resources/dat/shop/gangsterInn/WndGangsterInnActivity.lua	3956	f16e661a4116090ff4c25b019c7aefbcc280ff8809a55820d8288da16872de96
client-lua/ios/resources/dat/shop/gangsterInn/WndGangsterInnActivityData.lua	1387	369ae1d13405ee47ed06fa13b7cd3a074ec459e2839d740b36e693fe2c2c54b0
client-lua/ios/resources/dat/shop/gangsterInn/WndGangsterInnData.lua	2549	d319820d54bc245d92b645e63a469710dbfe36a1b244d35269402d3ca0dd325c
client-lua/ios/resources/dat/shop/gangsterInn/WndGangsterInnOwner.lua	2366	c56eb2a4b6426965d8047ef6242a2968f665721529aa40534f1906b21fee43ba
client-lua/ios/resources/dat/shop/gangsterInn/WndGangsterInnOwnerData.lua	1599	22d7a9dda66ea20c572943e29ecccd5f6322ba253867d76ac39823c86bff1871
client-lua/ios/resources/dat/shop/rebate/CellRebate.lua	4003	5b01a9c3d7d36b17124e17d5cbe6d8468aa471c46c8850c7268d7057ea331afd
client-lua/ios/resources/dat/shop/rebate/CellRebateData.lua	1870	af120f1f3c085d079da1e429d13dfe5dd5530dd5238435f5d67dd43818ef32ae
client-lua/ios/resources/dat/shop/rebate/CellRebateMini.lua	4297	b45986cf9bf9a4f2fd5846b26c16b2a218bc189ff157f753b9b57fc0917b6abc
client-lua/ios/resources/dat/shop/rebate/CellRebateMiniData.lua	1906	1c49e25693b16d3e90a802b99aaabb29289b5285b2f95ec1fb629a781312e1b5
client-lua/ios/resources/dat/shop/rebate/WndRebate.lua	8247	252accacbd0d64c81946b7feb645ea3a657fe0615696c5ea849e8ee1cd5b46c1
client-lua/ios/resources/dat/shop/rebate/WndRebateData.lua	2481	f55319b740e6d974a26da9df8358552d68adde961166e84fa0859092e2c84e0b
client-lua/ios/resources/dat/space/CellSpaceChoose.lua	1145	e9a6ca8bc0c5f35606bd3f6919d78ce88f9879845771505aa2a3a21c8b99308e
client-lua/ios/resources/dat/space/CellSpaceChooseData.lua	1779	d3e8bb24d2e2e9d94fa091bc0283a0f8db913b2216736e1b4bd76041f278b35f
client-lua/ios/resources/dat/space/CellSpaceDetail.lua	3330	b5133b2cab65565d0f81374fb299eb87926c7dbd0e7bd17c162ec50bd5770f85
client-lua/ios/resources/dat/space/CellSpaceDetailData.lua	1867	1861fb34b5faadd17a9154ec5cc1940bcda054ba9ffdf5c53182fa9c7f2b675b
client-lua/ios/resources/dat/space/CellSpaceFlower.lua	7829	51b62499cb1d94806ce12ff404b5295b87e568b325be266654cf9e6a9199f693
client-lua/ios/resources/dat/space/CellSpaceFlowerData.lua	2191	1a522e46d54b264e1345f87e6077cf1ad72384b81e950f146aec8c61a8832f4e
client-lua/ios/resources/dat/space/CellSpacePhoto.lua	14136	8812dac841f07f7aa1d9be9bac77c210cd64efafcc496ff584b1c35de7dc4892
client-lua/ios/resources/dat/space/CellSpacePhotoData.lua	1855	0afb8db0813a902a414af3e0a43fd5208e09aba8910d890baac24414f2dc7a0a
client-lua/ios/resources/dat/space/CellSpaceRecord.lua	10162	721f9a214713501fa21a17e411357feab014dd3c0c95495d056722fd0bf9c290
client-lua/ios/resources/dat/space/CellSpaceRecordData.lua	1875	493d9f36bd6a3bb75e220c64b3b8e09e4169c3fb011d6e62277d237e5b31550c
client-lua/ios/resources/dat/space/WndSpaceChoose.lua	10866	79a5b11f465aa92b4d1f78920842e2a86305bd3ce4bdfa6d863dfceb7c4bc7fc
client-lua/ios/resources/dat/space/WndSpaceChooseData.lua	1467	c4a885fa1bf1ce618439881eed15f3a14b9290212c3901c6e6395d3c941ad810
client-lua/ios/resources/dat/space/WndSpaceDetail.lua	19450	e71e3981ff96d5e2ee6846a5d9a0018434d01048f69fcab5deed48e54503dec4
client-lua/ios/resources/dat/space/WndSpaceDetailData.lua	1459	c289d3984e409a6e435852652b5df71f72c0b1fda7d6094dcf69b30063d8f101
client-lua/ios/resources/dat/space/WndSpaceMain.lua	30478	54a7a319f5e0a069369bb80baae3be03c5f91c84498c81e2f78db3de804f468a
client-lua/ios/resources/dat/space/WndSpaceMainData.lua	5445	fbcbe029b036af6395fcb4bbd81266f2bb0f4819163027ad8a5715283c13e5c9
client-lua/ios/resources/dat/space/WndSpaceMessage.lua	4508	9724bd7cb624d2d1743ceb99682e15b8555bf1cece65c219ce803b67bdefaf7f
client-lua/ios/resources/dat/space/WndSpaceMessageData.lua	2553	2c79aaca72e28662a5d6f1f58b38c14140867a5e99393c165f689ccf2ccdabd8
client-lua/ios/resources/dat/space/WndSpacePhoto.lua	1552	34ead4b5e0e2508d838b3a3a608d22dd0bf436f7c01acf95038231f8d7e777f8
client-lua/ios/resources/dat/space/WndSpacePhotoData.lua	1905	b31e3c26c6487c60abc7d526aef85e26cc241d5553dc80142aee4533e54c8ab1
client-lua/ios/resources/dat/space/WndSpacePutGift.lua	5826	fb7910e1c468cba4777c2bd12d489992d725b9e02fbad58d150397cd4dacf19d
client-lua/ios/resources/dat/space/WndSpacePutGiftData.lua	1433	29385d1efeab9c9decc27074f7314502b1476cd7d53feb1113eb2e40c63f9928
client-lua/ios/resources/dat/space/WndSpaceRecord.lua	6651	0bf73ea4d4e70eb742a55c217f46796d8c2b24ee71085d26e17a1648b8ee6032
client-lua/ios/resources/dat/space/WndSpaceRecordData.lua	4114	c44c3fbd87cfd83670213ce4e48df66cc2449c751b0276471236015b1589dde3
client-lua/ios/resources/dat/space/WndSpaceSendFlower.lua	3327	9b80e71164dff545ce956a85171520682e0c230e8bfd6440693f44573431e17e
client-lua/ios/resources/dat/space/WndSpaceSendFlowerData.lua	2854	421f2e805cb32970489501101defb46398343800dc5f55619e4ea597d0bda8c9
client-lua/ios/resources/dat/space/WndSpaceTape.lua	6911	edaf12a030bade6f234900936f3bc004166621ec20291306194712a748d1ceeb
client-lua/ios/resources/dat/space/WndSpaceTapeData.lua	1582	f6a45df66a5c47bd5d1f43074cc12c173030a5727393786944412344a47ae7bf
client-lua/ios/resources/dat/space/WndSpaceUploadConfirm.lua	6290	f1e0a221bc1a1f24696c2ad4e1cb611a0625848cf46058853bf88588b15a9178
client-lua/ios/resources/dat/space/WndSpaceUploadConfirmData.lua	2179	e8d3d3e047f3d29bde8bc6e75ac769461b0bd7c00ea028e06b6b1c1ad42fb4cd
client-lua/ios/resources/dat/space/WndSpaceView.lua	1178	3aeb2efe2ca8edf0acb7a1fd243110070107dc98f6394ed0b70f84d7b69b5bb8
client-lua/ios/resources/dat/space/WndSpaceViewData.lua	1307	d979d0e383cd3c9ddfd6575be66337a8e3cfd22ca916b7af0bfa1fa5a194563c
client-lua/ios/resources/dat/splash.lua	14454	6494466e728b553875610f06c35370f953f4befe278bcd590b57ee626816b6c8
client-lua/ios/resources/dat/strengthen/CellChoosePet.lua	3533	e64da9583d1f1e47d5ad3613c0019a41814f7611c9cedeb1c066f282661155f1
client-lua/ios/resources/dat/strengthen/CellChoosePetData.lua	2176	3b7cbc96dba2b5bd6acac8f594e7e9dd75d3c3cb9187f2c8d64897ced8615497
client-lua/ios/resources/dat/strengthen/CellFuseBlessList.lua	4956	6dc13126a200f3ed8974063b0155992d70d9c2cd06e0874c6bfcd00cbc091e48
client-lua/ios/resources/dat/strengthen/CellFuseBlessListData.lua	2386	f0bc2446adc700e3eaf07b56d2258372cdd3e9aa81d96b5322e663b018121314
client-lua/ios/resources/dat/strengthen/CellMountEvolution.lua	4744	44ae13d90826d76f343ebfd74bb61a765df5be038f4a3fd00e4b6314b4ebc82d
client-lua/ios/resources/dat/strengthen/CellMountEvolutionData.lua	1857	d3e23736d97e9d5d85b58b7540cb4d6f27b819b089f9a480e605b8ddf4933cdb
client-lua/ios/resources/dat/strengthen/CellPetEvolution.lua	5113	9456f26f7cf78361c7815c17079b53bf4b6601f2749c3e313b0f254ff916987f
client-lua/ios/resources/dat/strengthen/CellPetEvolutionData.lua	1795	791ebee9fb10bf892b26cdd751cb0ac463d402728cf5fd3d6292529e626826b0
client-lua/ios/resources/dat/strengthen/CellStrengthenEquip.lua	8414	9e11dfbd5a58af7a74dcd6945ff8146a3a6d156471d514e3d80e034de45d1f4a
client-lua/ios/resources/dat/strengthen/CellStrengthenEquipData.lua	8352	ccea0414afbff41ebcb2b2591d8b296ea49a1094b39bdf4c0471a622e26bb471
client-lua/ios/resources/dat/strengthen/CellStrengthenSelectTips.lua	6137	67c221b29d197391595307f83c25fdf7c55344cdd08fcb34bd8ce9d66d085dd8
client-lua/ios/resources/dat/strengthen/CellStrengthenSelectTipsData.lua	2155	d6c7620caf9d295ecfd866bfb9d539833fc3064c648b3dae39df2ab711ffdc78
client-lua/ios/resources/dat/strengthen/WndAscending.lua	113958	e165c9cdc9bfed1ac3e83bfe220bcc8b8c5db9d477b583ee58ad4d5c02b6de99
client-lua/ios/resources/dat/strengthen/WndAscendingData.lua	23034	193e5d63aa066b1afa3ad91309fbade307acd8ab817f531112cf56c39b40f47b
client-lua/ios/resources/dat/strengthen/WndAscendingTip.lua	4091	df30fc2b34eb94544c566c3cd8d9edd9f4304ad8fa5b16f457f0aadd019868c9
client-lua/ios/resources/dat/strengthen/WndAscendingTipData.lua	1334	38a666469a02c7a9f9affccca3006093b2c0ae6dce37916e352e718f6c2410a8
client-lua/ios/resources/dat/strengthen/WndChoosePet.lua	5224	81a953c032b494055958c429af060e730527ea1dee9bf07301bcd0f787aeff39
client-lua/ios/resources/dat/strengthen/WndChoosePetData.lua	1557	298385a55a975933d902edf6340a2710b297e8b7c3a81e2c1b9dd4931488c17c
client-lua/ios/resources/dat/strengthen/WndGemMountingStrengthen.lua	38390	0014ecddba3c3a162d4c125670c1bd16963f0088cfd0932d5c1506aed53e5e88
client-lua/ios/resources/dat/strengthen/WndGemMountingStrengthenData.lua	2735	c07d170eec12171d35a2892401c2bdc9b7e87be75c1c7f8d7486ab87d4f154d8
client-lua/ios/resources/dat/strengthen/WndGradeStrengthen.lua	10945	639d4f75b5333b2cd3a6c7e326474e0a71c381d087be2d7d26b38787dff80c3f
client-lua/ios/resources/dat/strengthen/WndGradeStrengthenData.lua	2098	90c28d3a16eecc171b9d591149c626a2c8c0d97fdacf798051eeacc8ac6eaa73
client-lua/ios/resources/dat/strengthen/WndImproveStrengthen.lua	33780	02ed6b40e6f12cc2e3fe58dbf9cc52d1944673bef52ac688204cd68f1c75300c
client-lua/ios/resources/dat/strengthen/WndImproveStrengthenData.lua	2955	08d19d0eb93e8c35cd9c5dc2a217c59ebd47f802e9e82f97e27a245b0e887161
client-lua/ios/resources/dat/strengthen/WndIntensifyStrengthen.lua	21431	1e0b960e38e594ac98e40dbba206869afe5be33cf52aacd13e830cc2efba1151
client-lua/ios/resources/dat/strengthen/WndIntensifyStrengthenData.lua	2419	bd897ec606b10a98632ec45ba7a116bef5ad8696c0eabbbf46187b0f3022102f
client-lua/ios/resources/dat/strengthen/WndSelectTipsStrengthen.lua	15820	24e20f736c6d68abb04ab335d2faf3835950308ba04eeea0896216e781e32bad
client-lua/ios/resources/dat/strengthen/WndSelectTipsStrengthenData.lua	2595	f4d6ac3575f58ed35b675f28ebd7f8d5ef50d35ebe3333bac4d7ef862124a3ac
client-lua/ios/resources/dat/strengthen/WndSophisticStrengthen.lua	18811	09d46f1a12f4fc5377b7d20a8239f5d95835f110980c00a0b3d5160b50687e16
client-lua/ios/resources/dat/strengthen/WndSophisticStrengthenData.lua	3262	eead1a63edd626f3a585d783e14913dc22dc28b5f9aa5760a7b5d8c1fafb4ebe
client-lua/ios/resources/dat/strengthen/WndStrengthen.lua	64342	1a5a91a10d23a4025ecccb611e958499c3f64210491a99eb437ac6cf2c55089d
client-lua/ios/resources/dat/strengthen/WndStrengthenData.lua	4849	ab2c7708244f537e28b16c7a1960f0874275212def4543da0a980ad49fad1fb8
client-lua/ios/resources/dat/strengthen/WndTransferStrengthen.lua	50850	44c40684385ff0c81afb2b96ed7edc48e25d12f8dee5a2414aa07d35381e15c0
client-lua/ios/resources/dat/strengthen/WndTransferStrengthenData.lua	2917	26fd012518940e5dcc44516144d4da556278ac96cb778680cc7cf74ce8b9f4ee
client-lua/ios/resources/dat/strengthen/WndUpgradeGem.lua	9499	b94eb882a1458535a575287f458293cc7d5702862e9b78fbe70233cb7c075630
client-lua/ios/resources/dat/strengthen/WndUpgradeGemData.lua	1817	f44c395d7b4b9b96d242a14111a84a46438c24a5891e8cfc6553e4614fe1eef3
client-lua/ios/resources/dat/taboo/CellTabooBox.lua	6948	f5111035a693f2f7020b7e9cc892ff7856a7466b1ff565fcca10a3a78d39c7e8
client-lua/ios/resources/dat/taboo/CellTabooBoxData.lua	2396	83d216683e6bdece80661338ee749231d34e8e688b3cf6bfae664350b360e215
client-lua/ios/resources/dat/taboo/CellTabooCard.lua	6956	9ee5589d23b48a93ee6ba69bb74f8463c2fb841d3badf0469cf57701dd5adaf7
client-lua/ios/resources/dat/taboo/CellTabooCardData.lua	2402	7d8c61420fc9dd145ab86d2ba49472ac55f2eae505f02c0735d17c0a4d614336
client-lua/ios/resources/dat/taboo/CellTabooMapBtn.lua	3572	d8b136f9a01a7753a261fb20da3c5da0afdd80072fd210eabad2f0f742bb19b8
client-lua/ios/resources/dat/taboo/CellTabooMapBtnData.lua	1993	edd72603331f72773b646853ce31c40718bbffb3b2c5180b14c8f691b2a04393
client-lua/ios/resources/dat/taboo/SceneTabooBattle.lua	33407	301f2cac0b69031f2ad7c935e9257aba3a1bc60da3e83ba1d37144891ea56b58
client-lua/ios/resources/dat/taboo/SceneTabooBattleData.lua	4870	ad7bfbdb2fedfe94891fe01f8175593c82cb76a4b42f88fa8a235c15c0f67461
client-lua/ios/resources/dat/taboo/SceneTabooMap.lua	5600	1276f9c5da9b7c49dd2a88a7ff0806d5b747a673b9a02162af5e57569d0606f6
client-lua/ios/resources/dat/taboo/SceneTabooMapData.lua	1695	ee6ec2975cf458312910cc242c3c741978ab13fc01af2fcecbdf3bc052840efc
client-lua/ios/resources/dat/taboo/WndTabooBoxOpen.lua	21898	59e47ec4b081924f29fac11e1a0faf52cec38d8b1ff2abb286a85fea66f01a79
client-lua/ios/resources/dat/taboo/WndTabooBoxOpenData.lua	2406	977527f9767629c4c08993308565beaa9d6994726664b217db2f75d3cc7a1f8a
client-lua/ios/resources/dat/teach/CellJumpButton.lua	2349	8b76141477936d7a49a3153337adb67c110acb73517801cec02c1681d65f8bfa
client-lua/ios/resources/dat/teach/CellJumpButtonData.lua	1788	c0adb78e94919b49a2df4a9bc403a08adf8e041b41ed1fc880cabbf95a2db59d
client-lua/ios/resources/dat/teach/CellTeachDialog.lua	11250	f23b29a4792a6f59037d136b78a2e1d82f59e180a771becb966caa3f8ce562cd
client-lua/ios/resources/dat/teach/CellTeachDialogData.lua	7892	53bc1e34d82e0803f03f438cd4fd6a5677e59fc969b0c7bcd525703764b16cc1
client-lua/ios/resources/dat/teach/Teach.lua	34402	82bc536e8f79be8674cf3a02a8c52198cbf72b1f569196732a7632dff5f7fbdb
client-lua/ios/resources/dat/teach/TeachBossMap.lua	8479	bd6cabfb5a769e85869ffc7ee54430a47f4e37dae63e252eb489fa272a90e101
client-lua/ios/resources/dat/teach/TeachFollowingFiveLevel.lua	76787	f0985a05d3ac7690ae16b7342b23f63a3be37a4a4ba8760875ec5dc35e6f09dc
client-lua/ios/resources/dat/teach/TeachGroup1.lua	140758	1ffbfe90648ddc17b7b8fe6fe91cb15c33bb5f447440419ac61862389d3b7cb1
client-lua/ios/resources/dat/teach/TeachIdDefine.lua	13437	c162bff80609bc5ae18d249a6dfd360126990732cc8033028736e5b99b161cda
client-lua/ios/resources/dat/teach/TeachPet.lua	9717	0fe70d66fc95edaa1023b3a274c4081fe8baeb6ff10dcb513a085a825d6ee24d
client-lua/ios/resources/dat/teach/TeachStepGroup1.lua	50532	10968e22c8d3a303a2053123f0376ede79837135ae22e87e3fdce5c0d52eaf28
client-lua/ios/resources/dat/teach/TeachStepGroup2.lua	64250	828aa14743b260445330999a4f6f72a26920b74e7c4e8760e67f5e567b54bad1
client-lua/ios/resources/dat/teach/TeachStepGroup3.lua	56104	058a50a52f00b0c847a6f8ee1faa57b3d84d3c0e5e7caf309ae434554111038b
client-lua/ios/resources/dat/teach/TeachStepGroup4.lua	57967	c6d85feeb02281da1aa548e1de5adf1eef8728c2f49b456bae2755cf3d264958
client-lua/ios/resources/dat/teach/TeachStepGroup5.lua	30765	fdfaa60237c5d209587ad4ab367773e315094003d24e055a97eda9f0734b2095
client-lua/ios/resources/dat/teach/TeachStrengthen.lua	12460	2c907dca9230ed3a13ac40d6ec68f3b9d3d53ca85d5de8201299d07a0ce32d95
client-lua/ios/resources/dat/teach/WndTeachJumpTalk.lua	8863	3131266c70c9d38028b702dc8dda3661ee25111c066b1c1144e41b793d7db50d
client-lua/ios/resources/dat/teach/WndTeachJumpTalkData.lua	2110	87b93eeb150b6fb74137a0fcbc49954ccdc88a97516916e84eddd6a5053d3af4
client-lua/ios/resources/dat/teach/WndTeachOpenModule.lua	10397	42f36a8a404ccdd6aab12ab31cd066f3d7577cd868432f8a6f90a4b24bdcc4d9
client-lua/ios/resources/dat/teach/WndTeachOpenModuleData.lua	1758	ea94cdf7fecb04bd9bf92191bba08e19656789c297fafba52b0f82140ddc2061
client-lua/ios/resources/dat/teach/WndTeachTalk.lua	24533	38e93713370ab068d355fcdf33ada371947ffa5a4a4f24dceb291a4592649b9c
client-lua/ios/resources/dat/teach/WndTeachTalkData.lua	2420	41fd41397cb6fd667904240ba9b4f4acedbbec429c8b9b15ab123b40b9fbd4fb
client-lua/ios/resources/dat/vip/CellFund.lua	4152	46212f4c483f204e6042d1d3433327e70faac95bc26eac90660e08cb2844845b
client-lua/ios/resources/dat/vip/CellFundData.lua	1821	bbaa9f89fe8efd0ecedcc21285677c3f84760989df66f8ffaeae1a9cc2afe951
client-lua/ios/resources/dat/vip/CellVipCountryChoose.lua	2312	b50eaf97a5e55a2dda0330ee298dda4c493db0dc027275fc63d152a78027dd85
client-lua/ios/resources/dat/vip/CellVipCountryChooseData.lua	2567	3b7dafdac56b1340dbc126ebdc4fb7d3a073bbb0b7eecfdcb02fe495c008825e
client-lua/ios/resources/dat/vip/CellVipCountryWay.lua	2356	5920a33ab47c03d6cd30d7921b582e15b9b62d334f26324c74ffbdc91cf38bab
client-lua/ios/resources/dat/vip/CellVipCountryWayData.lua	2178	b6c103eaf9e16836ec4a043ddb53fe8126b620c61a323438b429ab2f391acd44
client-lua/ios/resources/dat/vip/CellVipGiftList.lua	9203	a0e47eb0c32b95043e2015c377b84e0ba49dcf1410809b356f2b404d0b2a2471
client-lua/ios/resources/dat/vip/CellVipGiftListData.lua	2242	51bd6dc0198d79c105ec51bd0f061aea95369961c9ae9abedd449532de4e1840
client-lua/ios/resources/dat/vip/CellVipPowerList.lua	15180	b39bf62237f84eeddc7a3a5b1afd96032286df71c2b6969a1ce647ced8bab216
client-lua/ios/resources/dat/vip/CellVipPowerListData.lua	3208	6fb5e2526d9e9f37e706ff10824632c787be6d0aba7ea6ad4991ce1bb07278e8
client-lua/ios/resources/dat/vip/WndFund.lua	5445	e268f1776d18afb61aeabe0e4ca651158eeba84914f77bd2bd6ef218131f911b
client-lua/ios/resources/dat/vip/WndFundData.lua	2795	f01bb23889cf992784ddfb18fb9ebcb0af153173dc032c45d3d27bdd6e24079f
client-lua/ios/resources/dat/vip/WndRechargeSuccess.lua	8098	a4314461922c4c181362149c2291bd8de8fd649980f6214da31134b045871613
client-lua/ios/resources/dat/vip/WndRechargeSuccessData.lua	1915	ce944d07a0ffd4d6c320fab7252a9698e9c5816604de5a92e679eff59ad1a880
client-lua/ios/resources/dat/vip/WndVip.lua	39968	0ce6df0e8e1c8512468bd24d4de23cff7db031d5f5f88a4e37610fcd6d64c937
client-lua/ios/resources/dat/vip/WndVipChoose.lua	2936	de0386355a075f298eebd5dccca8a6f5ff2be8da0f87e5998026709d13f98847
client-lua/ios/resources/dat/vip/WndVipChooseData.lua	1396	c37af70fc0bd20945a6447fa9106e3da6d64ded971fec21437001e5ae9e6fe83
client-lua/ios/resources/dat/vip/WndVipChooseMail.lua	2452	b7a3d7f86ee5b25c8a266efed2a9b41067211a0a29b799cbd50cbb8409b29ff3
client-lua/ios/resources/dat/vip/WndVipChooseMailData.lua	1432	1d9622ae46a9dc40f24c43a719d446f9fd5dfe37680986c21f3c843aaee3e7b4
client-lua/ios/resources/dat/vip/WndVipCountry.lua	6344	2376bac7cb079eff6a9abe9854aaa0542fdfa71140f040b61db4a05977a4d8c4
client-lua/ios/resources/dat/vip/WndVipCountryChoose.lua	3014	c5d00a1399096f2f31b43895e322a905f8eb2e027c7451d772709fb2f29723c2
client-lua/ios/resources/dat/vip/WndVipCountryChooseData.lua	1558	889e43edbb8029e2bffd90656f1d562aa13e7c72995c5af2afd083199cc3b6ca
client-lua/ios/resources/dat/vip/WndVipCountryData.lua	1696	7d2eca0648ed81f7b75e206042672c42469294221ed7863a588119731d3bd358
client-lua/ios/resources/dat/vip/WndVipData.lua	11445	b246fc1c1b001f06d85fc3c4f7cc3d20c26b1c4b5fc62dbb782b3c5477572706
client-lua/ios/resources/dat/vip/WndVipGift.lua	21048	8518d24dd963e01ba003f08c23336845afc9c26a2755aaecae5eefeb1e4664e1
client-lua/ios/resources/dat/vip/WndVipGiftData.lua	4868	63b7afe5d98915af5781600162174c88bd8bff5873c83c5740d5324fa96f0f7b
client-lua/ios/resources/dat/vip/WndVipUp.lua	2089	7f6e41de8cad93e0f4f11c87b0fd93dec2bf46359b0cac08dd3a657a9f338b7a
client-lua/ios/resources/dat/vip/WndVipUpData.lua	1600	0d37c03bc0a017f473704ec29682ef9338d799c74961c2ec7af2d3f63d12e1ae
client-lua/ios/resources/dat/vip/WndVipWeb.lua	4065	d78c988d3cc74b0bb88ba4937b2fcc9c81665067a96a73a66aad7299c3c3ad5d
client-lua/ios/resources/dat/vip/WndVipWebData.lua	1503	6345a7a80ad8a338f39ff84a56a70069ca08499ce79854190f72c2f86f2a8191
client-lua/ios/resources/dat/voice/VoiceChat.lua	16526	9683761639040fa110f42d9e8a7b64b1f3d8fb79a56b3d68f50f2ff33db43e70
client-lua/ios/resources/dat/voice/wydVoice.lua	21739	fa274a7be1d9a481ba30cbaf66caf0829969c336208a7f58b5e660aac5de0294
client-lua/ios/resources/dat/wakeup/CellWakeupCoinUse.lua	5225	2cb90faff0ff39534ec905ec24438bb0d8c48cbe73425618ce01ff9db5d68998
client-lua/ios/resources/dat/wakeup/CellWakeupCoinUseData.lua	2270	629fac4db158023be79d9fd4df03e9b78b310db124c8708bdd88b2cff71865b4
client-lua/ios/resources/dat/wakeup/CellWakeupDetail.lua	40073	f205901ac3f8a7a0d24ed42ecb443bba16ed617bc9de32f6fb49279b0bc5fe8a
client-lua/ios/resources/dat/wakeup/CellWakeupDetailData.lua	17650	3adc7bd691c6f3dbd9ef4c65eae5345983ca7518254317af73567d5ae8fda907
client-lua/ios/resources/dat/wakeup/CellWakeupLeftItem.lua	3760	4ba429e06f00ec4176c32ae6b93d9c74cb290ec11465dcaec7fe15f4abda7274
client-lua/ios/resources/dat/wakeup/CellWakeupLeftItemData.lua	2365	ccfb0c9f786475649b460aabe1ca5b5234e280df95ca6fda3fb4b733e8d36f4c
client-lua/ios/resources/dat/wakeup/CellWakeupPowerItem.lua	3514	d5c2bc842d6af7c199a70cdfeee7250aff6312329b234d597772f785d882361b
client-lua/ios/resources/dat/wakeup/CellWakeupPowerItemData.lua	2169	17c78426185fd3c2251099cd43ba68878b7bc4afdee7e598761ef50e672a5d28
client-lua/ios/resources/dat/wakeup/CellWakeupSy.lua	5453	e689c90dc15ba2be20f4aa047c611ec5872bdc2b324f0f2e9a2b7d8d91812660
client-lua/ios/resources/dat/wakeup/CellWakeupSyData.lua	1993	da5e5d80f4d1e564774736f1769a85dfff1ab15793e832e5644ad4e0983d7170
client-lua/ios/resources/dat/wakeup/CellWakeupTask.lua	19626	f4b2a17adae51dfd89e5fe19bdf7c2705858bf439d11a064cdcb2c9d8d8b2303
client-lua/ios/resources/dat/wakeup/CellWakeupTaskData.lua	3168	09ed8a824f52ab0709a16929d6c1971aed72d89d08758b175cb4564f19f0df5f
client-lua/ios/resources/dat/wakeup/WndExtraction.lua	49659	635e882622910fae1ddc7852e3980ba516096c4288e3f12b1c4b8da396492b24
client-lua/ios/resources/dat/wakeup/WndExtractionData.lua	18868	2869b68ef512ec2fadfb06576e4095be0673612d881e3efcccd93b8af84b4346
client-lua/ios/resources/dat/wakeup/WndWakeup.lua	7191	e9f66559cc664ff99107984387b4cd0cb8d11125f2afd8f8ebb07adf29ffa499
client-lua/ios/resources/dat/wakeup/WndWakeupData.lua	13421	494959c75769455daa7a7811fe68b167b71a39452e5fe22ba0676a57dbd3df0e
client-lua/ios/resources/dat/wakeup/WndWakeupcoinJump.lua	4649	afe9374f4bf07ca05a451a8f0a9f9c0618a2fae2acd161a963b4a30d35c01e43
client-lua/ios/resources/dat/wakeup/WndWakeupcoinJumpData.lua	1846	8639ea40b24c87197886718d16cf30296bd5e68e55a56830e9c17c2388644d10
client-lua/ios/resources/dat/weChat/CellWeChat.lua	4140	49492cf0b374caf4669d32b73c287e6e6748a9b9b3410a947511ce59e181fcd4
client-lua/ios/resources/dat/weChat/CellWeChatData.lua	1814	0f4100991245225c34b3bdd458dc1e19c60c2ae25e208b8cdc06d6c8f8f6f235
client-lua/ios/resources/dat/weChat/WndComment.lua	5425	3a61bd886552755809259846e4a44d3e53f94959530d3fe0465d2936ed64962b
client-lua/ios/resources/dat/weChat/WndCommentData.lua	1443	5c0dab20c34daa1563ca259b77493760648e77550302ba4d42c78efab824eefb
client-lua/ios/resources/dat/weChat/WndWeChat.lua	4163	473052162704775878d2bea58708704de22307e64c82ea0a86786462d907bdf3
client-lua/ios/resources/dat/weChat/WndWeChatData.lua	1480	9ad7472693ea128d45a4ef14c8dd607efa273be3b190accbda3aee1d7806f100
client-lua/ios/resources_vn/dat/LocalData.lua	1466653	e3f7b032df18b67e75bd7ee11155eb344461d5b56a39364079ebb005bb360f15
client-lua/ios/resources_vn/dat/LocalData2.lua	5256606	1cbaea1f3c2fd3ad20d625b9a43c35a13b7c7b036a209aa0c0ed3256afdcbca4
client-lua/ios/resources_vn/dat/LocalData2_dny.lua	3042172	f92cd34ec21e06df40efd48ca2f0017c4d998c9fc23507a83df830a93d0cbece
client-lua/ios/resources_vn/dat/LocalData3.lua	3277218	5affae79e73fa5d14b4c9600b220c51d2142593a6fff5d7aea150f39e006cdaf
client-lua/ios/resources_vn/dat/LocalData3_dny.lua	1552935	3bc510f97cbe01f638bbc09ddf21aafeda7c3ca4839d3885108d9f481637225a
client-lua/ios/resources_vn/dat/LocalData4.lua	119701	8c83a9dfded8bb8e203fb58b3ecd0a4c8028231ca73a732a8b9b2ff8bb1fa0fd
client-lua/ios/resources_vn/dat/LocalData_dny.lua	1773429	0505ac46d2cfdcbdf326e9637311a8ae1bc5364cd0c4fa594a0887c86a8f0460
client-lua/ios/resources_vn/dat/LocalStrings.lua	561217	da00f3309d0b8b4cea53ab5b6731a0d99e9797e1648658ca8922b0d1e4a9207f
client-lua/ios/resources_vn/dat/LocalStrings_dny.lua	364320	78b6778ca517f82b6466d311f72fee398e5e5b2ba2c61f8857f72a754927377a
client-lua/ios/resources_vn/dat/ddd_bw.xml	8542	6686069ccc904443cd14f5ed13ad7d6175820816b3d14ae6b836904b1e2fb2bf
client-lua/ios/resources_vn/dat/global/ChatKeyWords.lua	1176037	f053682c4007e14eaf773bd6bdd124bee265ec085d2ca1133e86e9bac723cbf8
client-lua/ios/resources_vn/dat/global/SoundDefin.lua	16319	fdc57e9f03534577b4045417842b2dd85b7a559693844c5b19b1c5e90c9eaec4
client-lua/ios/resources_vn/dat/global/SoundDefine.lua	9880	4955218a63b3cd1a70df10af64829b04e727d66bbce33334ade60d5987494105
client-png/android/resources_vn/armatures/battle/ui/boundary.png	176562	88ff8d5ce1407217796c90b0526adcd8017444f6fc23db24ef8506163e65fa77
client-png/android/resources_vn/armatures/battle/ui/gonghuizhan.png	206100	371c04124292bb855fd86bd954a91ec76f39a23014f3b6861b728cf5b76d0040
client-png/android/resources_vn/armatures/battle/ui/ui_battle_angermax_01.png	447554	c7566c39cda2dfa7c915bd5400bd9ec8f788a2785509ebf4129bd3dd1c48ba71
client-png/android/resources_vn/armatures/copy_settlement/fail.png	106119	90b9d8214dd5ec78d0ff660e098fa38bf350b6d42e7fe6a47e3228701fe126d2
client-png/android/resources_vn/armatures/copy_settlement/over.png	195245	53e0782c7674fb603ac3b2b8ee044ac147400fc48ae28833c458dbfd8d7c7844
client-png/android/resources_vn/armatures/copy_settlement/ui_jiesuan.png	393427	1ff625b03d138e369a6a4c8aec1090caf1fa12419984c90acafef3b642030b48
client-png/android/resources_vn/armatures/copy_settlement/victory.png	347493	ade66c446947e5d1af35bcaf90940dc4781d5111b73e93b913600c7398a93db4
client-png/android/resources_vn/armatures/copy_settlement/win.png	113920	04f70ea0e11331ac6a962b4d8cb9f2277f4b8e8434df58c41f902c2ad8624c2a
client-png/android/resources_vn/armatures/copy_settlement/win2.png	192092	ad6345f60c8d12211a7ec333decc4c8edd10ad4437603404235f15d876425a8f
client-png/android/resources_vn/armatures/copy_settlement/zudui.png	417705	6801277c5e7502c4089bd52a4be3f2d541e29a790abcd40dc7dc7c009a72f4f1
client-png/android/resources_vn/armatures/teach/yindao.png	251821	03146d7d747b711b3db61e3e9f5b4eac66d5c0a7c2e9400be76e1562c83801d0
client-png/android/resources_vn/armatures/teach/yindao2.png	253990	06385edb89f6077fccaaba78f3227d969a56b14abb0a3dea05781d9c1716e24a
client-png/android/resources_vn/armatures/teach_ios/yindao.png	439547	bebc5336bce63debaa99808a88e9eab0cb0055fe153749ff376240d02c982888
client-png/android/resources_vn/armatures/teach_ios/yindao2.png	91334	a042953401d474e9bd4bb07c27a7eba32d0ddce98059594bc1b34441506479e7
client-png/android/resources_vn/armatures/ui/common_icon_jxcg.png	101469	b5c47a08844980359ae66433745b2020353bce711d8ee314238facf92b8b82e4
client-png/android/resources_vn/armatures/ui/common_titleframe_10.png	212777	f019f68d84a1595549c23cf98ac95c69526514eb0d0848c474c11233f38a7cbb
client-png/android/resources_vn/armatures/ui/ui_chengjiu_effect_01.png	152038	39f411771563a9816df75ab0b4b42f9f31f0f0182c75a162cf7a361016210b2a
client-png/android/resources_vn/armatures/ui/ui_create_button_01.png	502759	a0b60323143b51991769749e64806b1d005854c74824cfd227ff9e20f8b43452
client-png/android/resources_vn/armatures/ui/ui_danrenfuben_saodangtext_01.png	344700	cc2259c50f6dd7843732b92fd5d8543af6fb33f282536d75e1606af238194c8a
client-png/android/resources_vn/armatures/ui/ui_enaiup_effect_01.png	267322	c3c0a6cf41ee315a9d76216c3741e1d086074b6ebfb88219af36650f1459cf15
client-png/android/resources_vn/armatures/ui/ui_lvlup_effect_01.png	250452	11f202f93651732263d1f3dfbf2fdb2882d78ad135eb7de1f5560c542ecfb8ba
client-png/android/resources_vn/armatures/ui/ui_xinghun_jhcg.png	41433	f80a315126675d17cb91b83c5177f94d17cbc9cf981d3c1c938c859c0d8fad75
client-png/android/resources_vn/armatures/ui/zhaocaimao.png	85002	1bb4e1d6ba47daea080c740a0a845b427adc8f458323d05c98dab9f35b134ef0
client-png/android/resources_vn/image/ui/Hall/bag_btn_jiangli.png	3180	c2465ee18e38b7ed61c6eefeb207b7e8261e9e680809429b18c740eab0f89060
client-png/android/resources_vn/image/ui/Hall/bag_btn_jiangli_sel.png	2686	4276810fe0e5c2a6688ef3f580a60057527ba3306473856a18869d94208578fa
client-png/android/resources_vn/image/ui/Hall/bag_btn_shangdian.png	2202	b4531883425346eaab128fe11fc81183cf583b4596355a6c7bbf8e031740a232
client-png/android/resources_vn/image/ui/Hall/bag_btn_shangdian_sel.png	1908	c72e82497c443091f5236fc28b9e707667f88b714efb01f5a0a171a97d082dff
client-png/android/resources_vn/image/ui/Hall/battle_icon_jiangli.png	9794	30a48c0c408ce382b97d32f89d063d0fc90ff675dbc3ce13e8ca85e50ba61ca3
client-png/android/resources_vn/image/ui/Hall/battle_icon_jinengdaoju.png	10137	f33227a9690467f1fbf7b90f3b0f6804222c45958df5ac80ef2444f2abc3519b
client-png/android/resources_vn/image/ui/Hall/battle_icon_shijie.png	8659	640ed67264fbb2cab0ab6bd383c47bc6a2bf85d86fe7817a05293f5d7cfe42e8
client-png/android/resources_vn/image/ui/Hall/battle_icon_waiguan.png	8064	c929cd05485d7728c06d0108cdbafab0665fb97c2c9216b7b9c8ff5d44a462b0
client-png/android/resources_vn/image/ui/Hall/battle_icon_yaoqing.png	9208	6d7dbc5d5154b5b45bee9db810caf34a286ada3e0e4e0075d0986351cda73c5f
client-png/android/resources_vn/image/ui/Hall/common_icon_adventure.png	9664	67470cdbccda2bda73be8a45f330c734d6927b49608d52cdcbb36b87a53e1871
client-png/android/resources_vn/image/ui/Hall/common_icon_fangzhu02.png	3655	55ff2187b3ff915c464e47daffc16c7c85ca40f8948dc7609f1478f6c2fba97b
client-png/android/resources_vn/image/ui/Hall/common_icon_jdmx.png	6140	1f9d69b63b11fc04fe246c841c5ba2cad480dec38f1ccf32d778c822a96c27c9
client-png/android/resources_vn/image/ui/Hall/common_icon_jjdjts.png	20534	bf4622d79b548d4202b77ee553b8cba403cd4870e8572c30e60f7bc18046a18b
client-png/android/resources_vn/image/ui/Hall/common_icon_zhunbei5.png	2375	36b99a9942cd276f109941df71fd1fa9257e93eb0514abf0e56ede12e6404885
client-png/android/resources_vn/image/ui/Hall/map_icon_genggaishezhi.png	4196	c5b4e28a30557e2a0371325dd8b53a5de9314785a51d217e0a14a284c2be6e21
client-png/android/resources_vn/image/ui/anniversary/zna_wenzi01.png	23290	471fb6e93676009f184b9f3b684c30568f1865235ca5cf790199bdda8e08306a
client-png/android/resources_vn/image/ui/anniversary/zna_wenzi02.png	32093	5c0c286c93cc0732d04d22bc2cc2c94d16942a90a2e0607355afb2add26c8cb2
client-png/android/resources_vn/image/ui/anniversary/znq_icon_yh.png	11981	59c2365be63dadc64bb3ad3db76e9a024fef52770dae6d6238efdec95a9108a5
client-png/android/resources_vn/image/ui/anniversary/znq_pic_01.png	213397	25ded1b36b7201a1cda81dad12dc0dab29ab4840e248ed3fc324354773fce8c9
client-png/android/resources_vn/image/ui/anniversary/znq_pic_02.png	140459	12f537dada54d02090b2d776f2e9643bee6f6365c34894b73bfe644fd1957358
client-png/android/resources_vn/image/ui/anniversary/znq_pic_03.png	238099	69734b0819e81488f2f4a44c1d14d587c23a880a63d9df1baef4ee2f9c07cf5b
client-png/android/resources_vn/image/ui/anniversary/znq_pic_04.png	240524	cc5f195dcf8691f0ac3679af553623f6475925d44ae33e4ea479f928abc9d32c
client-png/android/resources_vn/image/ui/anniversary/znq_top.png	38208	777ad15a352f3c1255247b9c2847f8365226e20aeed0c61f08a2ad7b6c3f504e
client-png/android/resources_vn/image/ui/bag/bag_btn_baocui.png	1778	69163e711737110f8a158f8e9c689434d4bd20ccbdb06333084958903cf01093
client-png/android/resources_vn/image/ui/bag/bag_btn_baocui_sel.png	1430	df917cb323b5b74c75788c81b21c0243830da7ea81430a62a2493279d5905385
client-png/android/resources_vn/image/ui/bag/bag_btn_beibao.png	1596	81cf592c486e53a7d7fe32238fb7f5f83b514e604362b64fb5d7850fa1e112b8
client-png/android/resources_vn/image/ui/bag/bag_btn_chenghao.png	4107	2b1bfb3934977bae6fdc829fb74ca8e8f840da98249606d00e44876c74ecc4ca
client-png/android/resources_vn/image/ui/bag/bag_btn_chenghao_sel.png	3525	8629d6ff007ba7517793e9b2201131599a4b159c9ff2a365af14acdfb11b07ee
client-png/android/resources_vn/image/ui/bag/bag_btn_chushi.png	3510	1085011f8f6f0c9ae9b52065ad7ad6fe7a31d80a269ea65d5ce1dc95465d8dc4
client-png/android/resources_vn/image/ui/bag/bag_btn_chushig_sel.png	2882	a34b0c7c9e366e63f8d2a88378f0c752bc54bd3d379702219e4b972f927beed6
client-png/android/resources_vn/image/ui/bag/bag_btn_luxiang.png	2577	891449bd91e6960ef6c60aedd432db6c97441ccf4a9db9b5f39ff80e9da94404
client-png/android/resources_vn/image/ui/bag/bag_btn_luxiang_sel.png	2228	fe4e359ca1a0fdc3a8cf0e46c6fdf0ed823b4a45ce6138369d47ba5c86055dcf
client-png/android/resources_vn/image/ui/bag/bag_btn_paihang.png	4325	f51cd55d9622d1ff64099c6bb22712d2ce7bccc68170eccdc3232c302a411481
client-png/android/resources_vn/image/ui/bag/bag_btn_paihang_sel.png	3562	52efe84efedea3c766346bf6f8b38af8db04c4c1245e9aa04bb0372278a42f47
client-png/android/resources_vn/image/ui/bag/bag_btn_qfsx.png	3511	b124921ee6f85f217a83ef161b1a874b3619155306ed5e350a6f1ec8c7d58bd7
client-png/android/resources_vn/image/ui/bag/bag_btn_shizhuang.png	4004	0bd3a3b95f549ca651bcbdd5761700bd864202a347f4b4782e339b9a98e65fc1
client-png/android/resources_vn/image/ui/bag/bag_btn_shuxing.png	2648	a6fe6b4e6a598e519ecc2ab78afa10e3816614561589b110d77ac2369dcc5602
client-png/android/resources_vn/image/ui/bag/bag_btn_szsx.png	2314	967d18bf4b5c9ae8fd636d8ede1add80c74afd942461e24d11f85e9dfc530f7f
client-png/android/resources_vn/image/ui/bag/bag_btn_tuijian.png	2800	b5e3a6d479a863915de37838aa7372559b7a0f6d751f207c36313c5c4c7c0e38
client-png/android/resources_vn/image/ui/bag/bag_btn_tuijian_sel.png	2357	ad6cb4e2d89f5b72f1c8db1bb4c3308c3a85c636bf9909550ca8342979f3730f
client-png/android/resources_vn/image/ui/bag/bag_btn_yichu.png	2854	e928ccf5cf6d57f016b06b96859785bf006c6415157798f46dd08904c52bd4f2
client-png/android/resources_vn/image/ui/bag/bag_btn_yjzb.png	1647	32be3be672dd4948c53841c5adbc27e7c99d5837e8891181cf016cf283d3f597
client-png/android/resources_vn/image/ui/bag/bag_btn_zbsx.png	3365	77054fa2d572978b9ca616ed9c16d7b955c3c1f33ffc474b2017bb610a7a62d2
client-png/android/resources_vn/image/ui/bag/bag_btn_zhanji.png	4231	d9dd3bc9fb7dd005444676f911f3e767044a6769f5f958992fff812191e523d8
client-png/android/resources_vn/image/ui/bag/bag_btn_zhanji_sel.png	3562	c20ea7ec2e74863cd4cef3c6ac7508afc7299caf56de97787d3d6b49d8811f01
client-png/android/resources_vn/image/ui/bag/bag_btnyichu_sel.png	2435	85abf26f731ddf4ef8ab06d52b7b19b9e66d73c24e2a333dc3dfa16b46233f6d
client-png/android/resources_vn/image/ui/bag/bag_icon_beibao.png	2131	05a1b83b0c6444b3d71018bbac05c6e78ead995ca6be67a2a8b2a9835356a240
client-png/android/resources_vn/image/ui/bag/bag_icon_tuijian.png	4083	bac15f9c6a24331b952e877936ce0eef5129fe5bf58810354f1128108e78d87b
client-png/android/resources_vn/image/ui/bag/commom_icon_sc2.png	4076	cda966281ac3490357c0b10102cdc7345ffa7e22812fdde068b146377738e299
client-png/android/resources_vn/image/ui/bag/common_icon_bcz.png	1300	aad839a31e56b90faa69ba99039a274847c032d0603eea9ea3547172b7262c0f
client-png/android/resources_vn/image/ui/bag/common_icon_changjiu.png	3166	f78395df2258c39a8a50fbac9833c1c9f3539dd4713369b64b5f9e8c44cd5a56
client-png/android/resources_vn/image/ui/bag/common_icon_sx.png	1589	b469e3e7f83bc7f5ab29625cdf580810b5cb9f82b1fcef5ff1719f51714c382b
client-png/android/resources_vn/image/ui/bag/common_icon_szzljc.png	4647	416dff9a2f69c27090d06462b182dbe9679db8518129a8d21e0a43319aeaaa91
client-png/android/resources_vn/image/ui/bag/common_icon_xf.png	1863	24b17641cec8b7b1047ae6d95497f4ea5c1e703a08982b480dbe0c23d2bab1e0
client-png/android/resources_vn/image/ui/bag/common_icon_xx.png	1838	ea835698fd73be69fb6dd77d2702cbbfa76f7dda885f3f73cfa7812b3dbc66a7
client-png/android/resources_vn/image/ui/bag/common_icon_yichu.png	4206	6a884cb0e5ebe3ea27ed6d2daefcc5fed5a8e82e78f4ebb66a26ef51a5a86321
client-png/android/resources_vn/image/ui/bag/common_icon_yizhuangbei.png	3840	945ac571fc9d1ab3b1ab3baab57357409b2a6c801bb0e0bc2da5307285470123
client-png/android/resources_vn/image/ui/bless/qf_cs.png	2399	ff5f8599bcc8b66ba600d148f93183025f2075f14a99968d4822ab937632722d
client-png/android/resources_vn/image/ui/bless/qf_qf.png	2319	e6299de88ba8f423cdf5eef1395cb99995720ad180cb38f2b44a3e0758a907d4
client-png/android/resources_vn/image/ui/bless/qf_qfbag.png	2860	cd0a0037c791857f909ab23ecf0d01f9096152d032ac692225fbe53c68fbf8da
client-png/android/resources_vn/image/ui/bless/qf_sq.png	2653	58a1ea38938c8305e1a24cd544665c9d288715479d6f98d75c808e46407ec4e0
client-png/android/resources_vn/image/ui/bless/qf_ts.png	2442	90f29d3de6abe9933f544b46c16b5ffe99fba0c272c6e1469e75f61a3fe87d6f
client-png/android/resources_vn/image/ui/charmSpace/common_icon_bzsdxhs.png	5486	bc608a66ee5813dc5027cb33ffd7ca85885ef2eb607ce8bf2b6219129edbe6d2
client-png/android/resources_vn/image/ui/charmSpace/common_icon_zgsdxhs.png	5338	5eb54619d14abb07d99220e2e7c2a52d59aa593b6aeb46d6f147abd26bceb937
client-png/android/resources_vn/image/ui/charmSpace/common_pic_meilikj.png	40436	e718bf40a4fdba1d3775955e33d1db881c83f1542e9973f327231b00a4599073
client-png/android/resources_vn/image/ui/city/beta/commom_icon_juese_2.png	2359	fd932867a078293e4dd3a075cc87bd016df743f7497ac446577fae9793317b67
client-png/android/resources_vn/image/ui/city/beta/commom_icon_jx.png	2125	942d1e685cbdeece11887a10d9e6d0cb3a03ddf7979fe241a0d219626524aeb7
client-png/android/resources_vn/image/ui/city/beta/commom_icon_wz_beibao_2.png	908	806f3a3e53e494a466f50c3825eeca127538ce95cc12ba3f7ff16923ebb0b3c0
client-png/android/resources_vn/image/ui/city/beta/commom_icon_wz_bisai_2.png	1722	eea5ed3353f10805dc5f18de28e34af05af673db52e8b59a4b6e21a9c54e663c
client-png/android/resources_vn/image/ui/city/beta/commom_icon_wz_chengzhangjijin_2.png	3545	7a1d2f2e98cebb7c08ad9cc8c9658e15af1fa63e85c9a3f05136d38f34ebdf34
client-png/android/resources_vn/image/ui/city/beta/commom_icon_wz_chongwu_2.png	2128	e4eac4a20ec255a87358b6bc202d21f4613813d470ee7356e50bab1ee1f12ade
client-png/android/resources_vn/image/ui/city/beta/commom_icon_wz_chongzhi_2.png	1138	729611ff01290ef49252a19755dbc2562c0445b25d44356caf71ecc87c503373
client-png/android/resources_vn/image/ui/city/beta/commom_icon_wz_daoju1_2.png	1669	e11141183fce02678fb5f97fab3afdff3c9ffcc38b13800c3de987790f57a378
client-png/android/resources_vn/image/ui/city/beta/commom_icon_wz_diaoyan.png	1633	c0323f602fdf3012f069ea73d4e74acd09f51ef13e5927489a8b179124b1e7c7
client-png/android/resources_vn/image/ui/city/beta/commom_icon_wz_duanzao_2.png	1056	6312d831841fb2c24d18ce6c451353434cf6b05f38cd8fb2b009c2142391c9dd
client-png/android/resources_vn/image/ui/city/beta/commom_icon_wz_fuli_2.png	1902	bcb885cfb2b4cd876a4ae7469b370ca9f8c0476a2b5f1d1061f9d728f2052885
client-png/android/resources_vn/image/ui/city/beta/commom_icon_wz_fulik.png	2696	158c3d98eded200c894c57c252285de52f7ed31c79020036d464647ad4f152b0
client-png/android/resources_vn/image/ui/city/beta/commom_icon_wz_fulika.png	2586	1c38964c18f6492582112812148e74f4f21d348c4e0f49d52a3c126a6056c495
client-png/android/resources_vn/image/ui/city/beta/commom_icon_wz_fuwen_2.png	1461	2499a2c7ce12c2f622e2b4475db6beca5ffc423a55d1dd561d99b76aaf706d05
client-png/android/resources_vn/image/ui/city/beta/commom_icon_wz_haoyou_2.png	1691	ba05da4c6437544f87ea74518bcb90c27618dc24888c4b2202db4bd57cba3884
client-png/android/resources_vn/image/ui/city/beta/commom_icon_wz_huanhua_2.png	1742	392596b49f11fa62c6d72ed378ef5bc094fe0253b14c9f8cded89d1d7cfae9f3
client-png/android/resources_vn/image/ui/city/beta/commom_icon_wz_huishou_2.png	1697	01f3b6654c2f9dff443601f6ac2eb748444e477bf6a5c0ba7cbfdccba017eb23
client-png/android/resources_vn/image/ui/city/beta/commom_icon_wz_huodong_2.png	2327	1933d7e78a8bb8080a51f5c9af73bac7d19e9bdd9fa771492e097fb1e3fc5352
client-png/android/resources_vn/image/ui/city/beta/commom_icon_wz_jineng_2.png	2190	814060a272520914afc75b95ddb24953d457b74a4d5165fa3184d76ae5ec377c
client-png/android/resources_vn/image/ui/city/beta/commom_icon_wz_jingyingshangcheng_2.png	2803	520747f9cf120e3e432d744e40275e69a3a0540939df0f4008757a0180790ea6
client-png/android/resources_vn/image/ui/city/beta/commom_icon_wz_kapai_2.png	1046	9e3325dc22bd32db5bfd14159b3b937d78eef4b3150e5764cf9238926b17ae57
client-png/android/resources_vn/image/ui/city/beta/commom_icon_wz_meilikongjian_2.png	4416	b63559df09a15fbe97f712b827ac28fe72bad130f9960ae5048338e7a21a960c
client-png/android/resources_vn/image/ui/city/beta/commom_icon_wz_paihangbang_2.png	1187	ff69a2f5496c44e1d4593e3f5ce1b033b76e1952c218a2e42d07d9fdab98165b
client-png/android/resources_vn/image/ui/city/beta/commom_icon_wz_renwu_2.png	2019	373ba204700df0c5cda59118b111c5753eca7f13dca6cd906d1b9ea14cd0eed0
client-png/android/resources_vn/image/ui/city/beta/commom_icon_wz_shangcheng_2.png	2156	e41eae6d0f21dee3e087d98c4f7f0ba6059cd217f145b35450a70f6e669767f1
client-png/android/resources_vn/image/ui/city/beta/commom_icon_wz_shangdian_2.png	1251	9eeb32091bcb6125c98177b5160062fda903e6252ec88c7d6269aa6da2ad9868
client-png/android/resources_vn/image/ui/city/beta/commom_icon_wz_shengguang_2.png	2721	f00be0aa2a087bf1d8f02ec36550d1e8835506b58d12d678caa5a46a5a54099d
client-png/android/resources_vn/image/ui/city/beta/commom_icon_wz_shezhi_2.png	2028	411b3926b22a8e2a517593bf996d580cfe5dd12a693a074a8149e8df856854d1
client-png/android/resources_vn/image/ui/city/beta/commom_icon_wz_shouchong_2.png	2550	0c3ebbc30db8b306ca9c3db71aaa79144e445598d00c28ae614c002c9dec3d72
client-png/android/resources_vn/image/ui/city/beta/commom_icon_wz_sousuo_2.png	2067	dfc3b5547e383120cadca98ae60ba88431b80bb11952b8013b0408837d1fddbd
client-png/android/resources_vn/image/ui/city/beta/commom_icon_wz_tuijian_2.png	1508	0c0d93390db3d097da859841218814ad5763f7fb3a7fb9a31c3cb4d68e487fc0
client-png/android/resources_vn/image/ui/city/beta/commom_icon_wz_xiulian_2.png	1913	9fe8c928f6e3c11ab92c3854f66ecce92b5b8faf30a10e37ba2395777f7e15fe
client-png/android/resources_vn/image/ui/city/beta/commom_icon_wz_xuyuanchi_2.png	2870	c1b060c75374fe7ae2d30ec74ed09d5e6aae1a34d11bc04b639f54b6fed6faae
client-png/android/resources_vn/image/ui/city/beta/commom_icon_wz_yongjiuka_2.png	2781	1ad920279e11d82b0942c944004ab69c49a7f73f3784dfa0d2264f1114c8d0f6
client-png/android/resources_vn/image/ui/city/beta/commom_icon_wz_youjian_2.png	1057	5cbd526a24d84d5ba0779d230837da12041ae8a8745d2fe02916ba6132caaac7
client-png/android/resources_vn/image/ui/city/beta/commom_icon_wz_youxidaquan_2.png	3817	236482ffb8f457e3c9517287b98cd9a76eaa612a997441c1a81b1c9ed0882fea
client-png/android/resources_vn/image/ui/city/beta/commom_icon_wz_yueka_2.png	2353	3158b24c6c371c8baefe057246ba0bdfa79177893e7e260a96f432dbded1155a
client-png/android/resources_vn/image/ui/city/beta/commom_icon_wz_zhan_2.png	3201	b6f34dabb3f00a16265e91399e5419ee96db60355cee3fc0ce892e29cb5e1a15
client-png/android/resources_vn/image/ui/city/beta/commom_icon_wz_zhaohuan_2.png	1019	a870a3e1a184d7b1fcc04ceb7bbe78ae52b5319dc2f2d6db592ab7b4349f7703
client-png/android/resources_vn/image/ui/city/beta/commom_icon_wz_zhiye.png	1606	ce47c21347af9b9fe7f16e051e91f81cd8609e08bec7b5fe055dbb8a70bb3d47
client-png/android/resources_vn/image/ui/city/beta/commom_icon_wz_zuoqi_2.png	1940	364f157df3e47c8a5f89ea3703bef3902fef7f3acbd8b8c97f6e90c79ff45cc4
client-png/android/resources_vn/image/ui/city/beta/commom_icon_yaoqing_2.png	1164	e642a476bf55a336df87f5346f0ead2811adf329f050d9ec57bd6b4f01a090e0
client-png/android/resources_vn/image/ui/city/beta/commom_icon_znq_2.png	2954	e23b875dd2603768e1dd370b668d45a386282cc0b320016c95c223848138615e
client-png/android/resources_vn/image/ui/city/beta/common_icon_sctbz.png	3336	188467ad9810a8ccd314158fa19f1e007b17590511574339818e8c4b95d4edb2
client-png/android/resources_vn/image/ui/city/beta/common_icon_yjktb.png	6191	97a4de045e1f115e883cf3128210de4d585cfda78905082e6116c34aa0fffaab
client-png/android/resources_vn/image/ui/city/beta/common_icon_yjkwz.png	2764	7babd535633fd9daac2de8de8818b889556eedda9a4870bafe0669dcaf707277
client-png/android/resources_vn/image/ui/city/beta/common_icon_yktbz.png	3568	caa728ca9992df435923d826fd02f4fe5201dcc910b3f5c7c126436107620909
client-png/android/resources_vn/image/ui/city/beta/main_icon_ddxlg.png	5380	535e3d9747ad4fc8223047cff57aa726fc6f41c376a782f0a290269eca4cdbce
client-png/android/resources_vn/image/ui/city/beta/main_icon_facebook.png	7074	052a508acd15108d36e91c29e54c7335625fd05aa25ae5ad328fafc919530549
client-png/android/resources_vn/image/ui/city/beta/main_icon_football.png	1990	ad1149b1e5f3ca72dde092bcdff4416725c03c893b1eff9b177b45568153270a
client-png/android/resources_vn/image/ui/city/beta/main_icon_friend_02.png	1743	5c4c34aa651360a60e6918474e4bf3c844ad9695bb8d7052f6bd60ba64bcb49f
client-png/android/resources_vn/image/ui/city/beta/main_icon_hb2.png	2391	7245a0bdfc4736e8f71f5ecb6a81844c04c0558daaa1afefc8896fe37d0062fd
client-png/android/resources_vn/image/ui/city/beta/main_icon_luntan.png	2027	771c11298e8310e456f6aa98a2353352b4bea1f6a724ba26b4e6c0611585d4f6
client-png/android/resources_vn/image/ui/city/beta/main_icon_phsgj.png	4560	660119c0327eb291159925ee680d2ed9e7ec45ad7f6e1072e885dcd7b859ee1b
client-png/android/resources_vn/image/ui/city/beta/main_icon_qiyuandali.png	3514	5f55bcdce71b78a06ea6278a07708c0b70760c7d62c51a6c29d11d0e0d116b16
client-png/android/resources_vn/image/ui/city/beta/main_icon_qtl.png	2448	541a34dc2f2cb737142ca2f6aa7445da06daa8ce7295b77167334d2766938b1e
client-png/android/resources_vn/image/ui/city/beta/main_icon_shequ_2.png	1609	8f7bac6e5e8d16de1f97abb623bdeb435d070ca93c8125c175ce0f6c73b94ae3
client-png/android/resources_vn/image/ui/city/beta/main_icon_shezhi_02.png	2077	61957a77d801a743ebae0b47460b5527896df6d92545874356de398d527397c3
client-png/android/resources_vn/image/ui/city/beta/main_icon_stgly.png	4810	17f223656adfe3bd8cfbda057420acd3455d7bfc494375371cddf680034137e4
client-png/android/resources_vn/image/ui/city/beta/main_icon_tj2.png	1903	6146388a810fff2de4ba936c7cff6419c5c7a4084dd727b9a9d624d4eaeafb79
client-png/android/resources_vn/image/ui/city/beta/main_icon_youjian_02.png	1048	847f582ac8548bd8d22ce88968da45cd0d801e434a4c6e381793e31d7a8ee932
client-png/android/resources_vn/image/ui/city/beta/main_icon_zuji.png	2707	68bd2364727a0e8f816c51e0817bc95ea8363ca9e432781013338754ea84f6e6
client-png/android/resources_vn/image/ui/city/beta/main_pic_daozhuhuigui.png	2428	4b95b91db4b913a4eaccb4c34aa5e11fb39ee3d0b404b2735fcd851213dc06ca
client-png/android/resources_vn/image/ui/city/main_scene/name/city_icon_danrenfuben.png	6955	6480153f7e5871362c794f6a6642975cf1e3a05b69dd757a2f25566fbc561886
client-png/android/resources_vn/image/ui/city/main_scene/name/city_icon_gonghui.png	5048	d361955607097505f893b3ccc31154b151322fd0366c314770a2cb3b61beeabd
client-png/android/resources_vn/image/ui/city/main_scene/name/city_icon_jiehun.png	4760	fd3aa4f2cd2f163acd49a31a9f2015dc94c5ee6d8267ab2f0b5927872f528a3e
client-png/android/resources_vn/image/ui/city/main_scene/name/city_icon_jingjichang.png	6033	4614d38c8cc179b439f6ad2208f88c6cb6b6d3224ce3ecf0adb4cf98fee1c355
client-png/android/resources_vn/image/ui/city/main_scene/name/city_icon_paihangbang.png	4090	0a4914d06b0a8b6e8f7ccaf9d38c7c41ef2e0d10dd906143e16c588c2e4ef0e0
client-png/android/resources_vn/image/ui/city/main_scene/name/city_icon_patafuben.png	6904	b4d9677e620b2494dac6ba803ca6bc56f82708e50805747db39edb955f2d30ff
client-png/android/resources_vn/image/ui/city/main_scene/name/city_icon_richangfuben.png	4920	3631e073429f2f2c1aba484caea705678fc1ba221b423bbd7883a071a21128ec
client-png/android/resources_vn/image/ui/city/main_scene/name/city_icon_shangcheng.png	4953	be8a0da1ed18b6551eb3dad6b39ea994f5e2a332770f26dd62b8f8348f7622f6
client-png/android/resources_vn/image/ui/city/main_scene/name/city_icon_shijieboss.png	6453	eea791551631b0211e939e505b09e021be45130d97d35af96bd4b2686e74e517
client-png/android/resources_vn/image/ui/city/main_scene/name/city_icon_shitu.png	4241	06e6da291d7c31b7bce553f2535df2c13c3011d4182144db4130a606e63b2d5f
client-png/android/resources_vn/image/ui/city/main_scene/name/city_icon_wanjiadiaosu.png	7253	63519dc2c3b2c94bec7d0bfb232bc606993045f5d5298ff57cf4b25e8bd41bc8
client-png/android/resources_vn/image/ui/city/main_scene/name/city_icon_xingyunzhaohuan.png	7075	608987f965034a6a30238b86a36b870a9db5fb698db6b3fa2bbbc197b952e702
client-png/android/resources_vn/image/ui/city/main_scene/name/city_icon_yuliu.png	4116	d76db2233f02a744415e0bc1840224e47ac27595e47b9850da37fc9f45f66fa8
client-png/android/resources_vn/image/ui/city/main_scene/name/city_icon_zuduifuben.png	6806	e42c9615647a38f3af104fc7e2d0794dfeed1cb9f47079ce83c88b8da1d2d14d
client-png/android/resources_vn/image/ui/city/newMainScene/beta/commom_icon_family.png	7300	b879e34b7967e40e5911db9b5fb961400b952c3edb91252ac1e2698cf94aca86
client-png/android/resources_vn/image/ui/city/newMainScene/beta/commom_icon_horse.png	8345	a32a323eb4c9d530eae415d94e14f481b4448f3ccf49241b1a1e064d8f9a6224
client-png/android/resources_vn/image/ui/city/newMainScene/beta/commom_icon_jiaoshijie.png	7686	a49fdaebfcdbd4adc7c4c752cff95eb0196e87588cbc1f50a8f43a4e778003d8
client-png/android/resources_vn/image/ui/city/newMainScene/beta/commom_icon_juedimaoxian.png	8102	8a5d3cc6b64647d508a8f3dc4da2df24ca150dd8ad40e13557218339ab91c947
client-png/android/resources_vn/image/ui/city/newMainScene/beta/commom_icon_paihangbang.png	4247	abf15adb7f7839a3d111e31b99ec4f451c984202be8d39dda5ef1f8b756632b3
client-png/android/resources_vn/image/ui/city/newMainScene/beta/commom_icon_qmkh.png	7560	b276a9d7515e44a440d15dfeadddd3df5c2877a69d34e04c625ae530481dbbd9
client-png/android/resources_vn/image/ui/city/newMainScene/beta/commom_icon_qmkhj.png	7991	d6f83223466775172ab8a6b4c326c95126b495c767f63699e77ccc30db894720
client-png/android/resources_vn/image/ui/city/newMainScene/beta/commom_icon_summer.png	6813	a4a93d1a208274c89a9cb3ca1a954bdd4c03b4b9c7e18ea5ca5d11b07abda23f
client-png/android/resources_vn/image/ui/city/newMainScene/beta/commom_icon_wz_baoshikuancghang_2.png	2859	dade3272b6fc363f77d18e9ad070e56f6a619e5ae1152e4ba5a08fe687d2c80d
client-png/android/resources_vn/image/ui/city/newMainScene/beta/commom_icon_wz_gonghui_2.png	4047	85d476dea195aa2f844773d66f59c187a2858cd3d2e7e6607d37c54be0538ce3
client-png/android/resources_vn/image/ui/city/newMainScene/beta/commom_icon_wz_jiehundating_2.png	5726	53cdadede52f9856b3e0141dc5b76bf429e5627902c60d2e5adce178c5ee2927
client-png/android/resources_vn/image/ui/city/newMainScene/beta/commom_icon_wz_jingjichang_2.png	4989	4fc8ddd1ad2f775ee21c7e5a86d9aca74f10beea23a4a7ca8dcb8d7a9c92a48e
client-png/android/resources_vn/image/ui/city/newMainScene/beta/commom_icon_wz_maoxian_2.png	3845	509bab0e9c7382ee500d4277146d3439cb0e07baab7e46f6e72e3ef36e4f5536
client-png/android/resources_vn/image/ui/city/newMainScene/beta/commom_icon_wz_shangcheng02_2.png	3998	e66a98ae8869152d359263d414dcad2636bb5a5f751bff599e5a4ed0ff1354a0
client-png/android/resources_vn/image/ui/city/newMainScene/beta/commom_icon_wz_tiaozhan_2.png	4733	c0317ce76ea5afc919d5eab281f60508dac30793635df89557021aa224710d8e
client-png/android/resources_vn/image/ui/city/newMainScene/beta/commom_icon_wz_zhaohuan02_2.png	3498	91a663430acb308655c1bc0f3a181c604db73895adebd51a1c07d7099bc50f6e
client-png/android/resources_vn/image/ui/city/newMainScene/beta/commom_icon_xiaotuiche.png	5465	25e884e2eb106fc9bb8e166f8e19f355cea39580819a21ecbdfc90c6f7546d50
client-png/android/resources_vn/image/ui/city/newMainScene/beta/commom_icon_yuandan.png	8148	328813e2df66cba4dad13177e1255283408a00af35c444b2939f5cda7d58cd32
client-png/android/resources_vn/image/ui/city/newMainScene/beta/commom_icon_znq.png	5543	955253ebc963e911caec291d6db3b722732c8e8445a2ce317031f7bef3ace579
client-png/android/resources_vn/image/ui/city/newMainScene/beta/common_icon_merrychristmas.png	6582	3b47e78955d2722e056691cd066d785e69caed52f7a33ad4ea08d8218634bd80
client-png/android/resources_vn/image/ui/city/newMainScene/beta/main_icon_businesswoman2.png	8041	8afbae9a3e672d095aa212e5fdc0f288bb575bea00aaae64886aa3f0b720e80f
client-png/android/resources_vn/image/ui/city/newMainScene/beta/mainscene_jiaoshijie.png	27601	cba2705f9291746c080f1e8927e3dc2dbb7e747ee651921e8f432ad4676c31b9
client-png/android/resources_vn/image/ui/city/newUI/common_icon_VIP.png	811	aec0ad55498d468c2a2b8c891e93fc49850133c425514a48949a1a4118d33401
client-png/android/resources_vn/image/ui/city/newUI/common_icon_axxy2.png	9230	e2bc1950847ca776f08d70fccda972849e5e6db167760572cba93d378097feab
client-png/android/resources_vn/image/ui/city/newUI/common_icon_bstb.png	10586	c6453768deca0de5b407ba7e94408bdb9a3e8dbe5f803b9b5e66bb3ce6e90ccd
client-png/android/resources_vn/image/ui/city/newUI/common_icon_cz.png	1999	25108b3841a925ff7089426e695b8b32635f3c07cec530188eb893ab5b053409
client-png/android/resources_vn/image/ui/city/newUI/common_icon_czjj.png	9376	f5e69432af4730c03031595c4f00a85376d88fa4821ddb1d8f7923ba29f6924b
client-png/android/resources_vn/image/ui/city/newUI/common_icon_drcdsz.png	20111	c0e59265c7a279230de5417ab06aed655b420d624890b5522ee88bbe44d21de2
client-png/android/resources_vn/image/ui/city/newUI/common_icon_drcdzb.png	18179	f3067970053698a2a876315dd27f793628c91f458161cb7f33400c63332bb9ff
client-png/android/resources_vn/image/ui/city/newUI/common_icon_drcwsj.png	18639	6bb4120fad5d1ff1b3526c3960be422242d572978f3259aaa9e5ee780f5fd69b
client-png/android/resources_vn/image/ui/city/newUI/common_icon_drcwsx.png	18501	d19f45491031da21ddd49c1c22ddcb607d88e1e013ce60dc455b9b8b2a5663e8
client-png/android/resources_vn/image/ui/city/newUI/common_icon_drdzzb.png	20388	dec00747185bdacc26adb3fa1fa7c6806877c4caf9ba1f699e6e09f73fcead71
client-png/android/resources_vn/image/ui/city/newUI/common_icon_dremfb.png	22445	8033828213a953310cbb61410cf5a84e055798a6c5ad31606ab12ca2f614e48e
client-png/android/resources_vn/image/ui/city/newUI/common_icon_drqfrh.png	19908	d34f28f135c7e699ee4ca993fc744eb15d47ec5c4da6bbf4c4464e1e17b20731
client-png/android/resources_vn/image/ui/city/newUI/common_icon_drsccz.png	20056	aff8d9a0725838ebd2d6cdeab86d7d22b992d5e3e7bcd675dae4aa7a44e54da2
client-png/android/resources_vn/image/ui/city/newUI/common_icon_drtsdj.png	18019	790f195427e2c691fbd758ed2890e30a889e176dbfeb789f608a9a2953d4e58f
client-png/android/resources_vn/image/ui/city/newUI/common_icon_drtsdjj.png	18990	051bebf4acc71a7390a503ee18c33fa588be2579b9cd0fbfe9bb76cf497a3dc8
client-png/android/resources_vn/image/ui/city/newUI/common_icon_drxljn.png	21114	1cfa8d804bd935b2a312bf28eccf55a84651a64804564185fcc25e65779cfa98
client-png/android/resources_vn/image/ui/city/newUI/common_icon_drxqzb.png	16475	771eee90fc7432f84288d6de524e02951fbc09908f8b57009cfeb614c0e23cd2
client-png/android/resources_vn/image/ui/city/newUI/common_icon_drzbsx.png	17639	9e5fa7e246f43f721b057c1670386f7235dc872ce92c6ac43756749fe64ad27a
client-png/android/resources_vn/image/ui/city/newUI/common_icon_drzqsj.png	19045	2e67eb3c321573d78e6b7ea4a71718dd94f25e19391beaabb0d387631268dc32
client-png/android/resources_vn/image/ui/city/newUI/common_icon_drzqsx.png	18071	445682d9dbad8e9e9253b85350ae5555de9fd5581cc6ee54f3e78f81969059c6
client-png/android/resources_vn/image/ui/city/newUI/common_icon_fltb.png	9519	69d22adb24405c552cce0a33818268fe1d076e5b5acee3fdb01ab696d26a3e21
client-png/android/resources_vn/image/ui/city/newUI/common_icon_ghgn.png	9933	d9475a8557cf6db85fb0092ba052f131f5c6b04234dbde13545f706ae421a732
client-png/android/resources_vn/image/ui/city/newUI/common_icon_ghrw.png	11691	2aa9a825bef455af42ac4dd9d320d14fa73e33b394058fbb9041840b75a704ec
client-png/android/resources_vn/image/ui/city/newUI/common_icon_hd.png	9199	d04fe5d077036f3d653e39102de3b45fccc7536baa9f7663ee4a4b3ee548fb39
client-png/android/resources_vn/image/ui/city/newUI/common_icon_hecheng.png	9718	6594d79fbb8a140cc64e171facaf7a732e7d2f6dd9e05a13cc40d76ff17321d0
client-png/android/resources_vn/image/ui/city/newUI/common_icon_hyd.png	9389	d0472ed8994756046bbc8fdc92881b7fde854ccec5e8d2f052057de95298bf00
client-png/android/resources_vn/image/ui/city/newUI/common_icon_jjc.png	10100	f4f908ba5130f6093d7d071ce10e3b8350675e5c46dc9478863181e051f86781
client-png/android/resources_vn/image/ui/city/newUI/common_icon_jxgn.png	10159	3431d49114590a77c9c5575351eb652f5630b30e2861e81a888ad2f2f2f0bb33
client-png/android/resources_vn/image/ui/city/newUI/common_icon_jyfb.png	10244	95b0ff0b2e1ae7306f0cd2f6e25004e4909c85286caddf33ae12dc5d7c8a9091
client-png/android/resources_vn/image/ui/city/newUI/common_icon_paiweisai.png	10958	2f44420246fa61947168576cd17969e6eba8e0d640777e13f65996e1b4cf815d
client-png/android/resources_vn/image/ui/city/newUI/common_icon_phbgn.png	10018	f1c26447b0b4fe8e0344fbfadf66dcfea042732affc142f02362e8a91c66fc00
client-png/android/resources_vn/image/ui/city/newUI/common_icon_ptgn.png	11472	ea0fd1172ad011752b908c304bfe0d01dfd963528c069ee69c7f4ec90e40ee5a
client-png/android/resources_vn/image/ui/city/newUI/common_icon_pws.png	10492	4e13bf1db06b5929e3866ee7c42bd258f661f484c68546e483e552f0149da134
client-png/android/resources_vn/image/ui/city/newUI/common_icon_qd.png	1631	4a0438f7be5b01091e97d79e13d47d48241f71ce166a9e2ef0e25d5319d756da
client-png/android/resources_vn/image/ui/city/newUI/common_icon_rcgn.png	9923	a913e2c8d26bd172b0dba310c9d9fe9189c9deca0e3e366be97bb34c22fe42fb
client-png/android/resources_vn/image/ui/city/newUI/common_icon_rcrwgn.png	10304	8f4f42a276a01422b996b4985d5fde44bcc3b98a4619e3940dff3eb43eec3857
client-png/android/resources_vn/image/ui/city/newUI/common_icon_sjboss2.png	12997	e2c11e182b7e8f0806826bd443b4a3281cfb4a75e8efb08f74c58712313e5e02
client-png/android/resources_vn/image/ui/city/newUI/common_icon_sxgn.png	9928	35684562f1701a94489056355c7acc8fcc71ad05ce2ac8c3164cbe8d7ee58c39
client-png/android/resources_vn/image/ui/city/newUI/common_icon_tws.png	10832	892e8593f86ee3f95877c4a3062f9bcd7201bdfdcb54f4cc8d9b8b253c4c9105
client-png/android/resources_vn/image/ui/city/newUI/common_icon_xhxt.png	9440	b7c8533106d42a53d58962a7f36a80271ba8dae172a744ccc4965fc99bd3b141
client-png/android/resources_vn/image/ui/city/newUI/common_icon_xilian.png	10370	653a9186bb849b4d18f5c429ea16b63670d2aa43d8464ed28b4e6cd9d1631256
client-png/android/resources_vn/image/ui/city/newUI/common_icon_xqgn.png	9585	8aa84c0998f8f5c7168e4c851802961d041b9c77691eb19e6a3c2df4cd6c0e11
client-png/android/resources_vn/image/ui/city/newUI/common_icon_xyzh.png	10346	4b99cbf86058eccceb64d4c701685554d63a0d090b35d99ce0e4440e817eb5d9
client-png/android/resources_vn/image/ui/city/newUI/common_icon_zctzlb.png	6311	166875046536f33d8f5834dc63fbbb4ac9a25a5b838352f07a901db48a0ad2b9
client-png/android/resources_vn/image/ui/city/newUI/common_icon_zctzlbz.png	3083	61dbc3597b1320e9f9db126fe031fbcdf1264cd931a989db584e5d0d0d5d6fb2
client-png/android/resources_vn/image/ui/city/newUI/common_icon_zdfbgn.png	11010	13212d50db3d61bc33287e183b6b51d63e90b860f7d9e419b7fe7085bb1d3b0c
client-png/android/resources_vn/image/ui/city/newUI/common_icon_zhbd.png	5456	c4def7bcdc98d3da150f818904e806c3221a6427b9a9c33f2b82a11b8d1fc713
client-png/android/resources_vn/image/ui/city/newUI/common_icon_zhujiemianchakan.png	1271	d27903ec6e97b419d4af0e36e27437b7025bbb764b994d96a61fb60b945a5b79
client-png/android/resources_vn/image/ui/city/newUI/common_icon_zxrwgn.png	9583	649c29eaff1cba86a46f1d7640e0718a72629a961a560d14c844fdf9430a129d
client-png/android/resources_vn/image/ui/city/newUI/common_icon_zygn.png	10023	1dbe5dac43068b091516aad61bfca401f69cec439d62e4b150cc888bbf4de94a
client-png/android/resources_vn/image/ui/city/newUI/commone_icon_jhgn.png	11584	afe80f9a629758b8d72d5b0993b57d5f8b9143d357577668bc4f4329fbb552ab
client-png/android/resources_vn/image/ui/city/newUI/main_icon_beibao.png	9803	43f0ca0907caca91ec8e41057d23c4081c72bfb18bfb4eea3c488f11169b4a29
client-png/android/resources_vn/image/ui/city/newUI/main_icon_chongwu.png	8981	9b5c2cac918c823721565f56aaee784bef7edb595589b559d87a79a714201a3c
client-png/android/resources_vn/image/ui/city/newUI/main_icon_daoju.png	10464	8dba4df935ee57b05ac8f91e65728e50cbc649c29958d717bd3fbd0c29e42ea3
client-png/android/resources_vn/image/ui/city/newUI/main_icon_duanzao.png	9581	bdc39e65625efa20be4538ef3823da341b4d5443c581d2b0973d6ff0a135c61d
client-png/android/resources_vn/image/ui/city/newUI/main_icon_gonggao.png	7407	a7e9e4632bb61b7c87812fa2612c6e94d827693ff7ec803c0df44851c3740d02
client-png/android/resources_vn/image/ui/city/newUI/main_icon_haoyou.png	7419	39cd3d59b218f4fea99c605a954d82dd8849238b2a62cfd7b322f47785c8667a
client-png/android/resources_vn/image/ui/city/newUI/main_icon_jinjizhidi.png	8680	89ce116b464f7fe5899da5f0ab17c852e20aa2596b43f7ff86e52dd51eb55612
client-png/android/resources_vn/image/ui/city/newUI/main_icon_kapai.png	9104	aa5464c2b4190e72efc9db38964e08810fed45eabf164ee6727b8471e8cfc45c
client-png/android/resources_vn/image/ui/city/newUI/main_icon_meilikongjian.png	11091	50546c1b7987ecf490f445ec8482b6ec9689723b8b6913c79b075903e0144b19
client-png/android/resources_vn/image/ui/city/newUI/main_icon_qifu.png	10423	92a302bcec9f9c252846f866b481c29e0a856f8992eb946eba3635904a0184ee
client-png/android/resources_vn/image/ui/city/newUI/main_icon_renwu.png	9700	aa5e077d024de60b640e607724eb8c6129fbe9c262296cccee82711c12338584
client-png/android/resources_vn/image/ui/city/newUI/main_icon_shenggxt.png	10752	fd803a98e2eb6b93c993c2f2878a8dc0502cbae83b562e053e8a681e73aad12e
client-png/android/resources_vn/image/ui/city/newUI/main_icon_shezhi.png	7719	d41e7839da627712c1e2927246de4fa9800bece80821d83167ecee7da2b987c6
client-png/android/resources_vn/image/ui/city/newUI/main_icon_sousuo.png	9017	211efa71c3742c6cee7d4b4faf9bfaf6055c02c85b0af83d315076fe8b2deaf0
client-png/android/resources_vn/image/ui/city/newUI/main_icon_xiulian.png	9670	d95a9bf56f30a3e639c66178763d71faa5820f5af2f40e0d3144544319db0c47
client-png/android/resources_vn/image/ui/city/newUI/main_icon_yichu.png	9568	b5cda5a35f91afa531c001788a9660f69647cec37583ff44311422312de1b5cf
client-png/android/resources_vn/image/ui/city/newUI/main_icon_youjian.png	7142	15b9c9f2864f4e706dfad4e2f7b750d13fb9bcdc63ecf7372f555981982f4394
client-png/android/resources_vn/image/ui/city/newUI/main_icon_zhiyin.png	7294	63c67785149a4dd1255e8d83c2a2d8b518fed7f688380a8134ea6f3429a8dcda
client-png/android/resources_vn/image/ui/city/newUI/main_icon_zuoqi.png	9386	5d7e8e9976b3d5a503bee86697ef10d0e811e04157d8add3df6e7ddc184f0c2f
client-png/android/resources_vn/image/ui/city/newUI/maininterface_icon_jicheng.png	10023	1dbe5dac43068b091516aad61bfca401f69cec439d62e4b150cc888bbf4de94a
client-png/android/resources_vn/image/ui/combat/battle_icon_btn01.png	2556	d76cea606dd78fc147fb4772c164f33e3c81bb556eebf58b63c42af830fcedb6
client-png/android/resources_vn/image/ui/combat/battle_icon_btn02.png	2638	59a274ddfcef8af939223905cf2af0313c504730ae98f3ffe7f3556734585ce6
client-png/android/resources_vn/image/ui/combat/common_icon_baoji.png	12772	d6ddc717b92f444b6b73190cb8ec9a55d6be9ebdadf3702930121005225fff3d
client-png/android/resources_vn/image/ui/combat/common_icon_bpdtgjgw.png	17158	91a7462dc3cdfbe3d2ac85099131e3607af9c9838cdd5267b12cff6f892b7a08
client-png/android/resources_vn/image/ui/combat/common_icon_fzzddwcrw.png	14883	269cb2fde6f3beba6969eff7abe93c4c385f1a9b69fa063a6413d9c1e2a54079
client-png/android/resources_vn/image/ui/combat/common_icon_gjbxghdjb.png	16388	e1886f3667f95b165e6329a49af6cdb00a7bf914d260fa8ac862cf2cee66b194
client-png/android/resources_vn/image/ui/combat/common_icon_gpsjzyfx.png	13419	608a404f2bc961842046d1e435242856ecf1d560ee585cff6e80d5920827b739
client-png/android/resources_vn/image/ui/combat/common_icon_haiweidaonidehuihe.png	7390	86ba2d4fcf148bd1aa356d7752c786c294e7b319e85489bf9c266f22cdc09218
client-png/android/resources_vn/image/ui/combat/common_icon_jxjn.png	57274	ef427c4ec3bfe42f148366ebc54a08937c59e6dde571fe44ce4cef79fd91e2b2
client-png/android/resources_vn/image/ui/combat/common_icon_lundaonichushou.png	11942	244d5a4f787df0c1f8ac0c60e97a13ac28627de86a6d60a0c86c7a5adb5cac76
client-png/android/resources_vn/image/ui/combat/common_icon_zhandoukaishi.png	50544	d4235e86712f427cabb1c79248f9fa608d0e229ce2383950d8ecbf260d652239
client-png/android/resources_vn/image/ui/combat/common_icon_zyflgjgw.png	10790	176a3c994b6ccbf24db3794f846deff9df9724bac39a34d8d2b17689a07415f5
client-png/android/resources_vn/image/ui/combat/common_icon_zzgwtlhdjy.png	14322	c93b38bc0afdb6d496fdfe4562ad4587d487c848e01a0bb8a0f0104235434109
client-png/android/resources_vn/image/ui/combat/common_pic_xunlianyfl.png	33349	2e2f733511e66ce769ad081c25ca07b3a73e44708f178984214d6b34146c8aec
client-png/android/resources_vn/image/ui/combat/common_pic_xunlianyfx.png	39154	d63db94c054162759c64a7a0e60f9872ba9996413920ba515368c3d4cbed9f0f
client-png/android/resources_vn/image/ui/combat/common_pic_xunlianygp.png	35020	8d65f4e0c1be685f1611dd827e580ee4a6b83ba115958489a72a7c2f3a0bf155
client-png/android/resources_vn/image/ui/combat/common_pic_xunlianywk.png	36708	d6dddf0c84dda95ad583fb63b49cfd73d487c21cded773bdb0826b17fdca9ccd
client-png/android/resources_vn/image/ui/common/commom_icon_yhd.png	8229	48c47520c4ec1ec66846e65770bd64684da1482c2e53fbd57791f7727da43c5e
client-png/android/resources_vn/image/ui/common/common_icon_cjjs.png	6248	8b8e678b1b7da7eb93a6213447df421deed53b6c0da0247d25c4422c84290d44
client-png/android/resources_vn/image/ui/common/common_icon_drfb.png	6170	d37278b221e11317d0d5397bcf45eca21b32c56cbe7de44517e58d2fe71f7ed3
client-png/android/resources_vn/image/ui/common/common_icon_family.png	6102	eaf60b9626b6239b4bcb5a33d4022800d6f8b2b5d6cc8af8ca7256c50301967b
client-png/android/resources_vn/image/ui/common/common_icon_family2.png	6378	fbcb4d353282fbc19a59557efa03fcd89f5cbf224a8e9f058702dc30d781526d
client-png/android/resources_vn/image/ui/common/common_icon_fqfb.png	6775	8619ade1a277d98fb15b151bd65b1b35ea7ac1483f2f2b644c3352fe7994ea3a
client-png/android/resources_vn/image/ui/common/common_icon_fqgx.png	6165	7bda56f80ddaabfd9622b4d474a7c7f1cc23f14c87a40e5fc2d0376bfde12c39
client-png/android/resources_vn/image/ui/common/common_icon_herotower.png	5213	8e4f488063d27584a22f29c0e0ede867f6ef15c2481e2e32cca43cf0c716f14d
client-png/android/resources_vn/image/ui/common/common_icon_huanhuabox.png	6789	04d2ec85eee4aba591662e6610308e1d3259d2397cccb132401bafa0c297df62
client-png/android/resources_vn/image/ui/common/common_icon_jhs.png	7088	b2a1c43c75f27738dce2c6a12965365323dc9be11de414b9d3f5fbc495131043
client-png/android/resources_vn/image/ui/common/common_icon_jingjichang.png	7073	a863ad2012400ddcc707402dfadac0d568f999c1715ceee5904643bf0b8d5c04
client-png/android/resources_vn/image/ui/common/common_icon_jingjidating.png	6852	709c6ef5e767201503faf9f438659e4924ad72c631332f38c55146541989bb63
client-png/android/resources_vn/image/ui/common/common_icon_jingjifangji.png	6929	b1b25bbcace28d2f4e4fb3aa31451f492135a6c0539c48809ab87278df70ce0d
client-png/android/resources_vn/image/ui/common/common_icon_jjzd.png	5216	395781a31c189fcdbfa8c00f73a8f5245d5e9c423f6b49d5ce56f8c778a5593f
client-png/android/resources_vn/image/ui/common/common_icon_liusha.png	2009	42b8c093707f69bf133092afcfbc7e9aec3e2d91ca1a03a5004cfb75828c518e
client-png/android/resources_vn/image/ui/common/common_icon_mrhl.png	7132	8e1439a98cc72b7123ab1428070b2291e28633dc9c7c57f4ebc008f5811ed5eb
client-png/android/resources_vn/image/ui/common/common_icon_qifubb.png	6669	15bc2d3082f91882e162cf85ce0c7e1159db115fc85cafc7c4dc959a1d8e856d
client-png/android/resources_vn/image/ui/common/common_icon_sjboss.png	6856	0dbef47d581fe54ac1ff713226dc8050faa4d65b66a454d4f5e7620629ab48ea
client-png/android/resources_vn/image/ui/common/common_icon_stsd.png	6945	9d7b49fa6d0738b2c6aa5442598eba681648775331c142e9fdae86b6d4f5e6bb
client-png/android/resources_vn/image/ui/common/common_icon_sylz.png	6374	f23fb14b191250fb8d63ffc9015ca965958596116bd2c791bb805ba81e3a1937
client-png/android/resources_vn/image/ui/common/common_icon_szzh.png	6055	8729417b933fd636184fab18f1a23fe773763ba0b949e101a6bf1e64f692fcd7
client-png/android/resources_vn/image/ui/common/common_icon_wjxx.png	5655	e04f8b0789445d4f97f61af88159acd07167cdad3ecf728bb8ffb658cae14d1e
client-png/android/resources_vn/image/ui/common/common_icon_xkhj.png	5921	d3a88d2e82312e89333b57677bdefba137fc7a878b5f52966e4e6ff4692222f4
client-png/android/resources_vn/image/ui/common/common_icon_zyxt.png	5895	edd3a54c37d76911651989a6fdb804d967877cc9d07bf911bc28fbdc336a86d5
client-png/android/resources_vn/image/ui/common/common_scale9_zuduifb.png	6288	cca5dd82a4eb4d7640e5437dcce2b25eb9c03dce5d925485d4005ef380a58f5f
client-png/android/resources_vn/image/ui/community/bag_icon_chuxianfj.png	6662	9badd92011f1c23709ed59c938d316d4a490d3ddc37e612bd3fe5eda963da4e6
client-png/android/resources_vn/image/ui/community/bag_icon_gonghuizhanfj.png	6509	500cd54db6b754a7e40250a853786ab3deb3939134b283c80769feb7b8028dce
client-png/android/resources_vn/image/ui/community/bag_icon_ruweisaifj.png	6474	ef0e120be8c7e16aa4c60f7cd156d06c0f81f6648e10ec6ba2f1477dab1f0460
client-png/android/resources_vn/image/ui/community/bag_icon_taotaisaifj.png	6337	337e3cca1cb684da7878f8c9ae370ec75b6842120b9974ab08afaae2caf7c6b5
client-png/android/resources_vn/image/ui/community/commom_icon_jiangli_2.png	1687	6d0d42a379d1219dffe52256f4b4b669ebf7653528a3145aa5f0fa540694d5a7
client-png/android/resources_vn/image/ui/community/commom_icon_wz_dailiren_2.png	2532	53fbf877ecf71a56c431d1d08c062b516700e3265293592ec12b6d1ab188d5e4
client-png/android/resources_vn/image/ui/community/commom_icon_wz_gonghuifuben_2.png	2764	8be62880e16c36514129bcbb600d525390300ead5f12c9d7d3fa082256677e80
client-png/android/resources_vn/image/ui/community/commom_icon_wz_gonghuipaihang_2.png	4146	d68e4bf5aad12d2516ab26afb54ff7dc91abc4b500dd6b6e4f5a727700175a03
client-png/android/resources_vn/image/ui/community/commom_icon_wz_gonghuirenwu_2.png	3485	793ba70a0a490a24cffb2b621643e0d4d63c09904cf0a26c8ad0dde4cc55acdf
client-png/android/resources_vn/image/ui/community/commom_icon_wz_gonghuizhan_2.png	3185	9567fd8f383db239f7dd62576c016c84f569dd471c215537e5897a86fd5ca2e7
client-png/android/resources_vn/image/ui/community/commom_icon_wz_lijie_2.png	1646	81be9ab1b16e4d5bc5dcc04178d62fcbb647435a8c09649f94ae1405454e9d72
client-png/android/resources_vn/image/ui/community/commom_icon_wz_mubiao_2.png	1851	fe3e80c6f20e4dd729626946ce499358bfeb726dbc1118efba46532960cc2407
client-png/android/resources_vn/image/ui/community/commom_icon_wz_tabhe_2.png	1575	f288b1feb202f5a9549fea8d223de263b22ef6f2b1ceef480abfe5a252c50b45
client-png/android/resources_vn/image/ui/community/common_icon_chuxian.png	2950	ea4cc3780dc2e5faa54857b81caec088ae0bdce573332bd62dc9a84e726c2d8d
client-png/android/resources_vn/image/ui/community/common_icon_dtz.png	3890	79b4e76eadafbc32c1ec9fe6fcacf246a6259bc5c2c3df868ce49827907fbd5f
client-png/android/resources_vn/image/ui/community/common_icon_ghdt.png	3829	e31fc279d8a11ac9d47a20b016556f351876136e982c67c24d37209521f722a1
client-png/android/resources_vn/image/ui/community/common_icon_ghfb.png	6431	ce61500184f7a00e96e79628fcf156bece3a3814d0cd6fe66d772829beb749e0
client-png/android/resources_vn/image/ui/community/common_icon_ghph.png	6946	d6fd937587ae1af109b8e586a118c1964b0badb2a4cbd778671e5413c2d994f4
client-png/android/resources_vn/image/ui/community/common_icon_ghsd.png	3777	08f774e5218ab2b7733c7b734c1db350e70ccc3b64cdb264be9042f980b67885
client-png/android/resources_vn/image/ui/community/common_icon_ghth.png	11139	f0b1f3a7bebe20c23db549a0a33e66287433ec600f940935796dd46681c31b22
client-png/android/resources_vn/image/ui/community/common_icon_ghtt.png	4944	3d2c2190cd0d4280458937695cbfe1db872570bde81a0ae92e9b34fa73416570
client-png/android/resources_vn/image/ui/community/common_icon_ghz.png	5647	d993afe063f471edffb650b0c5f09753ea97779eba664cb5ad653d259e00df64
client-png/android/resources_vn/image/ui/community/common_icon_ghztt.png	9698	325f7185f5a562dd850f3eba5c0dc39453a51907c70d276a500966f3fb4dde13
client-png/android/resources_vn/image/ui/community/common_icon_ghzwz.png	6436	7782187b90ad4c6a8d3e0c8d92185478099355952d0931677e5967e7c677a356
client-png/android/resources_vn/image/ui/community/common_icon_jnxt.png	6392	de9f3a397d1df90b81346bfbd46daf483c86d4dfbfdececf9ce8212b9c27deec
client-png/android/resources_vn/image/ui/community/common_icon_jnxtz.png	7192	3d6b7150c5e63a03ccdc55d3e3b2e0ce680e9fb29ffbe7ca29f3146d79a8ce55
client-png/android/resources_vn/image/ui/community/common_icon_phztt.png	11763	627941a714c22e043b92c627267b9af8e29446bd5c96572dac4a90291d0b4e5c
client-png/android/resources_vn/image/ui/community/common_icon_ruwei.png	3126	3e6c549cdb958dc171f1cf32e916e29c1a95332f0533facd49827af82ca1c876
client-png/android/resources_vn/image/ui/community/common_icon_sdz.png	3802	7c3995afc231127458f438a7f752ff08c7a9b197949ada9a62f23bf7e4ac819b
client-png/android/resources_vn/image/ui/community/common_icon_szgjgh.png	6149	5e631a67f99c11a40f9d33f2a75dd9494359a0b1c272a6d04d24e9fe32e7f006
client-png/android/resources_vn/image/ui/community/common_icon_ttz.png	4436	0258224d280f91822e1d4f9f5b26a58acc3f5988fd83614f2c9a152ca0ea59de
client-png/android/resources_vn/image/ui/community/gonghui_biaoti01.png	6217	69039b3e800565709e673938803072bca5a0c72f522134ab466a37dd220fead5
client-png/android/resources_vn/image/ui/community/gonghui_biaoti02.png	5482	039fd29175ee5d2c0940c41c04d19dc927ca8667f1937e781a8a53d56e98eb7d
client-png/android/resources_vn/image/ui/copy/commom_icon_ytg.png	8242	82bba6640de539aba6d63548fbed6242be8e1cfbbc4ae7cd305e7d344212fd47
client-png/android/resources_vn/image/ui/copy/common_icon_drem.png	10847	314cfca63d251eacacd3c0f52f1320328866d07f4feeae78edb88c7cd8ab7eaa
client-png/android/resources_vn/image/ui/copy/common_icon_drem_sel.png	16639	8b7db4f2779fb060bafbcf28db29901c52ced3193bc5cea3f33d224b4a09af97
client-png/android/resources_vn/image/ui/copy/common_icon_drjy.png	11187	4b5a3936b942af5e16a7771c49b634f4e07a4c7c9f1bd7580166815d77057934
client-png/android/resources_vn/image/ui/copy/common_icon_drjy_sel.png	17313	1ff704afd6d7450d80e793bdfa409d2004d27082c9891f5f7ba795a1a24c58f7
client-png/android/resources_vn/image/ui/copy/common_icon_drpt.png	10127	63133d8729678e905961eceb2bfa9c4c055a6634ac56c1dc75b7c8e0e74d44fe
client-png/android/resources_vn/image/ui/copy/common_icon_drpt_sel.png	14848	2e22241905ef6c24c2e47b51e8d42239b9529685d8c154adf26eba0bc34d249b
client-png/android/resources_vn/image/ui/copy/common_icon_herotowerbtn.png	12164	cc2561e71202d6362a7fce1007c24905cdd7a64217bb2deba137aee1426c58e9
client-png/android/resources_vn/image/ui/copy/common_icon_phztt.png	11763	627941a714c22e043b92c627267b9af8e29446bd5c96572dac4a90291d0b4e5c
client-png/android/resources_vn/image/ui/copy/common_icon_towerbtn.png	11165	d44bace9c01b25e0a2958d3423cbf44e36b0ef0c5591cea32fc545f72374019f
client-png/android/resources_vn/image/ui/dailyCopy/common_icon_cwdb.png	64600	d628a93c38a05beb4a17fe47099f2d706c635d332fddb2e381ba90b63c0d45b9
client-png/android/resources_vn/image/ui/dailyCopy/common_icon_diyu6.png	4005	8d8f01118603c8afc579413b638bf40feb94b07e374fe958e3c71811fc5b28bb
client-png/android/resources_vn/image/ui/dailyCopy/common_icon_emeng5.png	3970	87a7faf866f84b1c429cf00400e251b304dc960fc3cbc4a40bce5666cd1e0847
client-png/android/resources_vn/image/ui/dailyCopy/common_icon_fsem.png	61054	5a58882c051488258b842958cf1c8a8c5e3de550d419dd7909a8bd87268c320b
client-png/android/resources_vn/image/ui/dailyCopy/common_icon_jiandan3.png	1723	75197a27dd2e4aee2790eed22233ca52fe04d84683805f9952abf74fb7217664
client-png/android/resources_vn/image/ui/dailyCopy/common_icon_jingyin4.png	3385	aa43d42486e85f3e727992704f214291dc690ab2f2d68e2c34b105b117b8a75d
client-png/android/resources_vn/image/ui/dailyCopy/common_icon_kunnan3.png	2093	dd558e7a6f7053d9b7b6a1d830a001a32597e0741c6f9acfedf1db50ca8acd54
client-png/android/resources_vn/image/ui/dailyCopy/common_icon_pt3.png	2532	ba83368da33dd7cf245e6cc1b1f7f2af52a0f31bdaa70d17620f41477cdb2349
client-png/android/resources_vn/image/ui/dailyCopy/common_icon_xdsl.png	69062	6c38d008e84df22ff2c7dc26a14019bd76675b002d6d6ad30efa517bb52cc2b3
client-png/android/resources_vn/image/ui/digGem/commom_icon_wz_baowujianding_2.png	3395	1806dbc311dabce9746794613e3df5e308e4bd29154b09c9ccd16e37195bdf7c
client-png/android/resources_vn/image/ui/digGem/commom_icon_wz_baowutujian_2.png	3324	2c1b50d74b4468f66e4f8c1935d69e6d9111e070fee09968f39eec2876c98668
client-png/android/resources_vn/image/ui/digGem/commom_icon_wz_jiaoyihang_2.png	1953	e5659a79294fccaa398a492ee45da135306fd924825fe2983c40ded12282ba01
client-png/android/resources_vn/image/ui/digGem/commom_icon_wz_kuangchangrenwu_2.png	3093	5706fa2323e1cf024323c35d1f41014e4e90643a38fa6d847988de7c7a03588b
client-png/android/resources_vn/image/ui/digGem/commom_icon_wz_wubaohuishou_2.png	1684	9755f6238128b7912bf6945cd1090f341b16faec6615d47cb4c40db46728d183
client-png/android/resources_vn/image/ui/digGem/commom_icon_wz_yiji.png	1581	957ff2f50df17eb680750b4770347cba77aa6da591a94203d9f0dd8cd5d0db07
client-png/android/resources_vn/image/ui/digGem/common_icon_maijingkuang.png	4910	d017497b638c5afd7e955c89a4fc82198e7a55ef214906b702386d451013c1c3
client-png/android/resources_vn/image/ui/digGem/common_icon_wabao.png	4294	cf03c75076613c5e5bf3cb0c0a1ba2ba6b5e2f27975faf3e8dcbc6693fc24771
client-png/android/resources_vn/image/ui/digGem/common_icon_wabaozhong.png	8438	41174c39409f609922585dec42e18377d2387d0c9184e2435c346d40be0deb97
client-png/android/resources_vn/image/ui/extraction/common_pic_jxzj.png	120771	7f6133f4bba76097448ecc82c860e7914b0025b9be0024da1a8e79b2e348550e
client-png/android/resources_vn/image/ui/football/football_text_001.png	11776	ff1c4884cf84051d22f473757570e9f5fd9b692c037d51405924bf9c7cd78b21
client-png/android/resources_vn/image/ui/football/football_text_002.png	11776	ff1c4884cf84051d22f473757570e9f5fd9b692c037d51405924bf9c7cd78b21
client-png/android/resources_vn/image/ui/gameActivity/activity_pic_baicz.png	113433	a1b625c67a7ca6d6930b7b9a7a559af2a65427a5091fd74181310126a03559e5
client-png/android/resources_vn/image/ui/gameActivity/activity_pic_cdzksp.png	86571	d44bd6bc7f64a5eba4cac54ab77d5dc53658a76b72d1929899b8080dfbdc8a03
client-png/android/resources_vn/image/ui/gameActivity/activity_pic_ckcz.png	130018	d224eddbf8b6a30965c39cab0d1f53ca813e6bc31af57c607b9164ecce98c03f
client-png/android/resources_vn/image/ui/gameActivity/activity_pic_czxl.png	135085	83462e79bd5efe73e749dec57bdfe9ec94bfa6c8fa7d460c241dbdd056dd3334
client-png/android/resources_vn/image/ui/gameActivity/activity_pic_czzs.png	140519	4aa1913fa18b21ea549e55fa7fa5b908b1435cb0f15acd10a19c214121d0182e
client-png/android/resources_vn/image/ui/gameActivity/activity_pic_czzz.png	126383	9ab6c827f41e28a97c1fb99ae4fadedafabebdbf91e7092b0d052d8c47dec97a
client-png/android/resources_vn/image/ui/gameActivity/activity_pic_dhb.png	157715	9cb0f271384f52ed907576debce3d7d3c19b06c1090343d9fa7356ec75e97fde
client-png/android/resources_vn/image/ui/gameActivity/activity_pic_djcb.png	117925	e11d9f805c7e28422514ce8588d2225ecee15ac4b13c9b53397777347a0ad969
client-png/android/resources_vn/image/ui/gameActivity/activity_pic_dyjbfcz.png	114437	9c5e2f17b26f2c90ef08be20f5a942a0ab4a5bd0a8f584c470e8bfa885568f1c
client-png/android/resources_vn/image/ui/gameActivity/activity_pic_dyjbfxf.png	114439	86a1f7f398a93d4d75a9b14c5f232ee836a576d1268249f8a542e7aa94f57142
client-png/android/resources_vn/image/ui/gameActivity/activity_pic_dyjkfcz.png	114430	9824f05943d4d2b700d2970b7e75be8f7bb53dc7cc89379011e9b3b30a9861c7
client-png/android/resources_vn/image/ui/gameActivity/activity_pic_dyjkfxf.png	114452	235d74b7bda24811c3f91f0e54596d18472b7af5010d570d5bc013561060443c
client-png/android/resources_vn/image/ui/gameActivity/activity_pic_dyjzlzw.png	116909	84462e8838116da9a99949a66cc63c192696a00f81d3e6b25ddda820136cac8f
client-png/android/resources_vn/image/ui/gameActivity/activity_pic_dzhg.png	107298	665457b42184587fdcfd01ae5cf03c532fca2f0c5e413a8f5ba8ca09f8774607
client-png/android/resources_vn/image/ui/gameActivity/activity_pic_dzpcj.png	64798	02ac658ad4564341705e9101ed5ce57947baaf5841eb43a9fd120c536a8613a4
client-png/android/resources_vn/image/ui/gameActivity/activity_pic_fhcz.png	143735	e9babeddf0f86659447f713034222ec6df361de255944b2fb1a7bd2fb0249a06
client-png/android/resources_vn/image/ui/gameActivity/activity_pic_fkbslxcz.png	119226	9bfc06a833c4ffcd5b7d3bb4fc7d56d541b33aae07668c6f0c73be736704d79b
client-png/android/resources_vn/image/ui/gameActivity/activity_pic_fqtxz.png	117722	f9d34f0809f61c2158fb104b7f9e7513ad4a23f16049269d3c35296f809737cb
client-png/android/resources_vn/image/ui/gameActivity/activity_pic_fyh.png	334261	fe604ec4a1f9c834b6d49294225498b2995e04eac11c60f972aa4c42747424bb
client-png/android/resources_vn/image/ui/gameActivity/activity_pic_gej.png	98943	628945e3ca1506d7084d8472fd17208f1f53a2186b1b6355d2ac8e10359f3a70
client-png/android/resources_vn/image/ui/gameActivity/activity_pic_ggj.png	124467	ba6b4ecd96d8695ab1d91f186bac30cf6cc07739c9883f6269344c3ea6eec9ba
client-png/android/resources_vn/image/ui/gameActivity/activity_pic_ggtlc.png	146583	ff80f543c2b492a3865caa8b5da32c1fd737b3e111fef56d264acdf569f984f6
client-png/android/resources_vn/image/ui/gameActivity/activity_pic_ghdzz.png	151535	fb7c4a6ff6ff458b163e2cf9c6c9f55e049d04a5183bf40872ef08ff0b983343
client-png/android/resources_vn/image/ui/gameActivity/activity_pic_gmcb.png	126939	ed1db184d8892a94786f4eda4833801884ff3b1ae75945cd4059e7afe0d93f69
client-png/android/resources_vn/image/ui/gameActivity/activity_pic_gq.png	122463	e1a2fb65a60fad472f92851090ec3a337c071797d09bbd6767399b4b0d6e0940
client-png/android/resources_vn/image/ui/gameActivity/activity_pic_hd.png	110956	fad3feb7d37badd904ba310d315eeb66a75e89aa588f24f3c0e30864c886568b
client-png/android/resources_vn/image/ui/gameActivity/activity_pic_hddsc.png	149358	77eebeb6e81920906039aaa9bb3129aef9fb4cefec25e93d6324b5517a2ca820
client-png/android/resources_vn/image/ui/gameActivity/activity_pic_hdect.png	136760	ace04ff1251cbcbff63c38974026c6d18f137de7dfdddca30e26f6deb23ff93c
client-png/android/resources_vn/image/ui/gameActivity/activity_pic_hdsct.png	154818	bdf8ebadf69968d3759527db9b807cab16b2d14c19e226727b7126dd9c4aa72b
client-png/android/resources_vn/image/ui/gameActivity/activity_pic_hhdj.png	68672	40764fe81e58016a373445132cf04b20e11f2b85b7309ce613aa6d7dcbd9ac67
client-png/android/resources_vn/image/ui/gameActivity/activity_pic_jglc.png	136193	dac2a34fd8dd258d3284e01ef96b843e32ef8c60fe15152fcce64cb74797e379
client-png/android/resources_vn/image/ui/gameActivity/activity_pic_jhdz.png	251008	770337276297911211ab3cb7731d4b3770c0bbf01a0489e7f69f2231ad1f8404
client-png/android/resources_vn/image/ui/gameActivity/activity_pic_jjcb.png	102157	2f1d7d016d0685e18131688079b2e8048a46b5374f426759d297ecda741d86f9
client-png/android/resources_vn/image/ui/gameActivity/activity_pic_jjdjkh.png	130131	3fbdd48ab76a4561d029d31d7f55f67a766539352dafe338eabb420226c48cf6
client-png/android/resources_vn/image/ui/gameActivity/activity_pic_jjlft.png	189886	301d30665140980b4f477c244e324697940fc28d2d4b96f8fa32051b48749afb
client-png/android/resources_vn/image/ui/gameActivity/activity_pic_jlcz.png	105590	d6e75f766d68213f2db051a8562080b64629cc5649c81c3c5ff600bb34961ab6
client-png/android/resources_vn/image/ui/gameActivity/activity_pic_jpzb.png	67563	e01b489298eb72c8db65cd9b52c01cceaf5e283da9c4bc0df0a6a22d284d5626
client-png/android/resources_vn/image/ui/gameActivity/activity_pic_jysb.png	243184	9240a157d34770baf57ab692b617d90d64fb62ed7ae8c4156e0d41995c8b01c2
client-png/android/resources_vn/image/ui/gameActivity/activity_pic_klcz.png	100012	8ad70ab649353e9f42d70b6c0b4d7a171381ff6ca0ee3931e5360f550df09c97
client-png/android/resources_vn/image/ui/gameActivity/activity_pic_kzwq.png	175526	046721a01d5a41fe5e8afa6595f62b3b108ad0f3c9dcf91275120d20869aba77
client-png/android/resources_vn/image/ui/gameActivity/activity_pic_leijichongzhi.png	146583	ff80f543c2b492a3865caa8b5da32c1fd737b3e111fef56d264acdf569f984f6
client-png/android/resources_vn/image/ui/gameActivity/activity_pic_lsyjsz.png	136391	af8be165fde9fa7880b5c515f465cde9c464ca571b0f84aa7cd0f74e23d5b86e
client-png/android/resources_vn/image/ui/gameActivity/activity_pic_lwj.png	183042	8ed130e53a99ff564e229f744c3eaef67e1186912ad05e93a373d5adbb33249a
client-png/android/resources_vn/image/ui/gameActivity/activity_pic_lxc.png	163554	529cb031d519dcec8e23b39f0a1ac55d7bbc20252d0f7cc88ea8d9935be67733
client-png/android/resources_vn/image/ui/gameActivity/activity_pic_lxcz.png	94495	169905bdd257fac41a2f5089f9658c92626d62f2ae2ed4ee6960672655b84b7c
client-png/android/resources_vn/image/ui/gameActivity/activity_pic_mfxy.png	166444	95ec0d1da468bc9803e2482278010eae099725f90c8798293bf37449ab7f5df5
client-png/android/resources_vn/image/ui/gameActivity/activity_pic_mjfl.png	217831	c2f152e5ad07ff54ed2d4adde2142df1936046565d705d67326aa80fd504a048
client-png/android/resources_vn/image/ui/gameActivity/activity_pic_mlxhb.png	99258	56a4d8a12412315b8eb0f1ff0f752925de2eab73b73ae7ff1473d150e18bdd20
client-png/android/resources_vn/image/ui/gameActivity/activity_pic_mryxb.png	134905	df941c90ffceb6cd843012202af38d0885dbf12235b2dfb173f926512b47d0f1
client-png/android/resources_vn/image/ui/gameActivity/activity_pic_pwsjl.png	264023	92e078208cc5e95ba396141742830db66ef6b9fb3ae3d14e8399775313a156f7
client-png/android/resources_vn/image/ui/gameActivity/activity_pic_qhb.png	169714	be3f29726bd51d41f925ca1d1f33b8f5ae63171a61cc6342c7441b1565787d86
client-png/android/resources_vn/image/ui/gameActivity/activity_pic_qirihongbao.png	156169	e8519203853a3864fa4a64096891dbb1e747dc8ac7c1076b9b5d50ac3742b0a5
client-png/android/resources_vn/image/ui/gameActivity/activity_pic_qmzcl.png	74524	23c90a47ff98188e1cd9b8c06273a84d079edf2feab00ffbcd65659cbc7ebf5b
client-png/android/resources_vn/image/ui/gameActivity/activity_pic_qrjlc.png	111953	b33a9217f8a60667a227b92ce151c9c15df80dc6979c7d2871e8a70202581b53
client-png/android/resources_vn/image/ui/gameActivity/activity_pic_qxwq.png	209130	7fde26b8f7a8a2895d7f5da8994d3eff43eaf81a7efff07a84b54c92ab3c3200
client-png/android/resources_vn/image/ui/gameActivity/activity_pic_qxzq.png	86383	be48b3bcdb0b7b5a294a431e61ecc783370fcfb95f82b1f96e6bfbfbe9c8486c
client-png/android/resources_vn/image/ui/gameActivity/activity_pic_qxzq2.png	172588	a94ee338c32bd778537cf67423f462be732d1eb1fbed698d2fd96012f1bf67ef
client-png/android/resources_vn/image/ui/gameActivity/activity_pic_rmjxth.png	201273	6ad96f1f82457f57dde418f756d0ed5a5cb347ece40c88003bf8eb565308f83a
client-png/android/resources_vn/image/ui/gameActivity/activity_pic_sbzsfl.png	199390	cedede2980b3aed34b9bb56586987641f6e53b9c47e0275351f2c7c50f832fe9
client-png/android/resources_vn/image/ui/gameActivity/activity_pic_scflgg.png	182452	53c7a2474d14cd17387134eae997275217fa67e2d5854a1e4f0ca344a1cae030
client-png/android/resources_vn/image/ui/gameActivity/activity_pic_sdjnh.png	113357	5a96e33938ad3d781318b66cb6bc99d6e4cb2a518e039e1d7e8b923f54644707
client-png/android/resources_vn/image/ui/gameActivity/activity_pic_sse.png	105975	7ee8a60b3706d0ecac9ff80f4b76c44fcea61315a4114d4a46923e436e77e7ae
client-png/android/resources_vn/image/ui/gameActivity/activity_pic_sxyglb.png	119625	eb27c3bcdf5e8d692ceb598a8975a7e93ac138adb955bbe1b3b0668bf625645c
client-png/android/resources_vn/image/ui/gameActivity/activity_pic_szzk.png	228960	b8c75533a22fb2e4cb5b99c0d858e77c6105c9768f956c4d97f58c58776d4679
client-png/android/resources_vn/image/ui/gameActivity/activity_pic_szzk2.png	236879	1150d207aea4dae38e374db73ba59846851df4cfae0f62f425c667bff63a7a39
client-png/android/resources_vn/image/ui/gameActivity/activity_pic_woqbcz.png	128520	fa7fe4fe3ad3da4bc833e7e1072eeac0a0185eef7b576be8ec74e05882ebafb0
client-png/android/resources_vn/image/ui/gameActivity/activity_pic_wshd.png	152442	da8066210ed09052d1d0fce26f41b5aa8478bafc7f29afd663575f8070026059
client-png/android/resources_vn/image/ui/gameActivity/activity_pic_xiao.png	173653	4988b2c065380a48371034b292520fc1922f16938230bea22fbc16abf2487cfb
client-png/android/resources_vn/image/ui/gameActivity/activity_pic_xiarigg.png	300475	b03fed4c23353d3b19981712feccc2299de78de5b27a49246d70863750006465
client-png/android/resources_vn/image/ui/gameActivity/activity_pic_xiarizq.png	234206	4bd2e00de3936df289d4ae7c3153b90ff2fcc602b2441c789fa84d4dbdba7b17
client-png/android/resources_vn/image/ui/gameActivity/activity_pic_xinzb.png	252938	8d05f27690292ee7bde063004e6f380437eb8ee7772e71836df88852b9cee2cf
client-png/android/resources_vn/image/ui/gameActivity/activity_pic_xnlc.png	144218	3b6f5328728a2d7a6a3be3b35139b141d8d2f7fd5912d392122a3c7f09e5addf
client-png/android/resources_vn/image/ui/gameActivity/activity_pic_xpdz.png	232188	659b795f9a946fa5d3a42e5973f8db8842cec7aae29171aa1dffa9a53588e5b4
client-png/android/resources_vn/image/ui/gameActivity/activity_pic_xsqg.png	276281	7b4fcaa1d4d3350c9e0677188aff44051001fef2795d5bdfd58c573884624fa7
client-png/android/resources_vn/image/ui/gameActivity/activity_pic_ydhd.png	111621	49951abeb76ddff95921f997f1b322f550d84b331cf095fd292ddc7cca9c90d9
client-png/android/resources_vn/image/ui/gameActivity/activity_pic_yk.png	220753	e123bd9d28c4004c626ec192892f9c8e29ebaeafbe161785e1a09a643d9ab513
client-png/android/resources_vn/image/ui/gameActivity/activity_pic_ykhd.png	240888	00affce57e3a868dc30dfb3169d688b3e07cbd00f91f391e4acf839d7ec6012b
client-png/android/resources_vn/image/ui/gameActivity/activity_pic_yrj.png	121844	6f8cdac3962c2139c0e2306c8dadda887f7cd1f3713b314fb5a84541a6d2faf1
client-png/android/resources_vn/image/ui/gameActivity/activity_pic_yuenantese.png	117068	d0ccfb34a25407088adcd4320024a69f816254fe26a82f0e4dccb8f9a050393c
client-png/android/resources_vn/image/ui/gameActivity/activity_pic_yuenantesetuijian.png	215702	a3377abe6fa57c18ad8f0ddcd09881c387b4920e021813b48bcf8dbb60d14c37
client-png/android/resources_vn/image/ui/gameActivity/activity_pic_yzn.png	128617	ff1e43812c166f81ab9428990f12b9dde93963b5eed1d6454731e310bf9aed66
client-png/android/resources_vn/image/ui/gameActivity/activity_pic_zbslc.png	221199	09c763f2a7eb658fd735a78a8f7bb262246bb8c13940a355cc882f2346ee21e6
client-png/android/resources_vn/image/ui/gameActivity/activity_pic_zdsb.png	231260	71905cb7fdb7f8740ede29b77facd7c153fb65ac6551b341e2644481ba1f4d53
client-png/android/resources_vn/image/ui/gameActivity/activity_pic_zjd.png	87029	052200fc3c9ebd54f0c7377c7ee3131f59cb6157067aa46b4b1d6e7564cc9e52
client-png/android/resources_vn/image/ui/gameActivity/activity_pic_zk.png	251897	2de784fae049a494fc436fe1270fdc69559e7fc249c724bb53b6782a528675eb
client-png/android/resources_vn/image/ui/gameActivity/activity_pic_zkhd.png	262951	ac6931045f89324304dc79c29ad80d35dc0ee05b4385184551d55f3fdefb77f0
client-png/android/resources_vn/image/ui/gameActivity/activity_pic_zlcb.png	128575	1f5aa273da9e1b42f166e516635e04d27ffa20dc49a31c53b758b04f5dbc80f8
client-png/android/resources_vn/image/ui/gameActivity/activity_pic_zncw.png	227348	b48eae0c48543bc6deef42587f30ba10defa63516c94e511eda3cd7480dec949
client-png/android/resources_vn/image/ui/gameActivity/activity_pic_zqsz.png	97685	654351b747c145731aa0dc10afcc164ec9eee51304da6c122c8d1c90815674e1
client-png/android/resources_vn/image/ui/gameActivity/activity_pic_zuanshi.png	141468	b5c44a9ea8ddb2da290feb4f76333e0c22402111802badce2988094852c77fc8
client-png/android/resources_vn/image/ui/gameActivity/activity_pic_zxjl.png	58858	9ac2ad75f005d5325f685e6efe7fa30efb63ef0668efdc17fd3af7c4e254877a
client-png/android/resources_vn/image/ui/gameActivity/activity_pic_zzk.png	272102	c37d323288b8fef1ddbdaafdb2fea3d26fda3889440ae4ecece6edd4e6b06610
client-png/android/resources_vn/image/ui/gameActivity/christmas/merrychristmas_icon_daojishi.png	5040	10e65e4987f5f12c6c23cf4e8914ab1d8211cfd04876cc7b73fd58615c520910
client-png/android/resources_vn/image/ui/gameActivity/christmas/merrychristmas_icon_kaiqi.png	2956	8dfea91c57e8ac59f440afd8c11d2e5a9f53fe2ca8465ca57c08c7cdc2c73e4d
client-png/android/resources_vn/image/ui/gameActivity/christmas/merrychristmas_icon_xianliang.png	4751	d16717b6fbbfa3581e4bb27cbaf3ba74d58d30c8b561c59bd214011f100e11e5
client-png/android/resources_vn/image/ui/gameActivity/christmas/merrychristmas_top.png	15011	c8eed7fedf7943de9e8f755cb5edaac33058f8fe4510a78dde690af0f73f3084
client-png/android/resources_vn/image/ui/gameActivity/commom_icon_yfq.png	8482	7333d404f877188c9ac7a72fcb11d9137a91559839a554f2dc2e2494944f9bd3
client-png/android/resources_vn/image/ui/gameActivity/common_icon_bcliangj.png	16836	a5daa01c19d23d4300880b0cbc8e2ad7cbe098a76be0d51033b583f6f12fe3c5
client-png/android/resources_vn/image/ui/gameActivity/common_icon_bcliangj1.png	18039	e67af6e16165c12cf2197e6808e92956d9e26b3e2b70214bd03a7c877b3c250f
client-png/android/resources_vn/image/ui/gameActivity/common_icon_hjmd.png	2738	f86f4ec37f7f183d4fa78e2cdefb9ab42220cd542194e8f16c53b45769730d7b
client-png/android/resources_vn/image/ui/gameActivity/common_icon_horse2.png	10916	8905b37c1fba9a7972c4b5e8a70dbb3d3a48e01b7daad2c47430181533fe830c
client-png/android/resources_vn/image/ui/gameActivity/common_icon_nc.png	17674	71c4f44ccfe7ed2491fb1fe264abcfb34a04d06a134107f8d61d59c4e7f679df
client-png/android/resources_vn/image/ui/gameActivity/holiday_picture1.png	96476	d74af1e3ff6b9adcc014f4abcd54d5a322b5dc63c097a9212f9844c71ffa9f54
client-png/android/resources_vn/image/ui/gameActivity/holiday_picture2.png	93303	9ed49f14eb5f0ffde85be5af5d9f7f7a912e7cca4c10ddad6043b3a4895f00f9
client-png/android/resources_vn/image/ui/gameActivity/holiday_picture3.png	226084	15648f799a49bb097f247e3d405da8131393f929e7bc0dd85da89b354be9a3e4
client-png/android/resources_vn/image/ui/gameActivity/holiday_picture_04.png	265495	a12c5fe9c3402c9be2007f70afdacf26ddc24dc2a5c7834bdca3237c9b5d85db
client-png/android/resources_vn/image/ui/gameActivity/holiday_top.png	9856	0725e45246d2d32774de09add237ef8882b27db96e8955f0645df307eb74ce68
client-png/android/resources_vn/image/ui/gameActivity/holiday_top01.png	4082	a1a64f6e99b893a0b626210071d9e88fb2aea8e877f0cee45756dd0befbaa65e
client-png/android/resources_vn/image/ui/gameActivity/holiday_top02.png	4327	620a649ab94eb0270c20d3c7e0154349e2a54c20161fdcd2586a47e2ecc63033
client-png/android/resources_vn/image/ui/gameActivity/holiday_top03.png	2377	ab2dc1f8e31650dcb69232358bd0230d94587ca2cf280307727d64e6440ee456
client-png/android/resources_vn/image/ui/gameActivity/holiday_top04.png	3393	08bc63fc28e29f9e2d0b11e82299c1976cba44f7475a900e3eb5d19cb4696c95
client-png/android/resources_vn/image/ui/gameActivity/holiday_top05.png	4504	b846975a87e0ad6ad1ea78ada8df0d40281c32e08de13f80fd4eba03cd2b2b8d
client-png/android/resources_vn/image/ui/gameActivity/holiday_top1.png	3765	a75cd1996b7b34ca2ad6eaee9f4bb4b9f5dd57bd47870a1d9c04ddd091532f9b
client-png/android/resources_vn/image/ui/gameActivity/holiday_top2.png	4027	0b2bd42a74827461be67421dd358c46c6f094e0964302a5db68a648dbf9a8a4d
client-png/android/resources_vn/image/ui/gameActivity/holiday_top3.png	2290	9093fa1937373f7a7895527e752db1acbf9d6c9d2eb05e7bdfd576f23ae4923e
client-png/android/resources_vn/image/ui/gameActivity/holiday_top4.png	3343	8b7e150984f6e93e6bc28d109780f0c43f9d3d7a449ecb2cbfbb33724795eca3
client-png/android/resources_vn/image/ui/gameActivity/holiday_top5.png	4370	00b927cb1b5dd3d32865ade1cce305f7950de61c94dfef4421dfbce339deb311
client-png/android/resources_vn/image/ui/gameActivity/huodong_sc.png	64185	f5c31d396f864101c61eda89346eb87ec5b29bc523a177a3cfd55551f1a6d3b1
client-png/android/resources_vn/image/ui/gameActivity/huodong_xc1.png	44258	2cfc0c857834004fbb9bd9b46054b2787be4a65b4e8d215a48cc301564b28b8c
client-png/android/resources_vn/image/ui/gameActivity/huodong_xc2.png	40054	2ec014946d0c63b0777f1042a9596b34fb923529b91b55e97a0c261d3a9d04c2
client-png/android/resources_vn/image/ui/gameActivity/jiaoshijie_bg.png	224966	d2521ae74daa03d2e0b6130e39ee00deee275ded35e4ff21ba95d68e36f98bbf
client-png/android/resources_vn/image/ui/gameActivity/jiaoshijie_top.png	19232	4bdfbd8fe9e6153b05fb5062b2d7b3f44895d3d8f77d40befa0d0a02e8c3e342
client-png/android/resources_vn/image/ui/gameActivity/lyx/activity_pic_bgtgjdd.png	202363	e76acede7d215cc10a0c6a37861219f950955858d0b1708bb24233bff020713d
client-png/android/resources_vn/image/ui/gameActivity/lyx/activity_pic_cw.png	310310	fcc67c83dfa5a644124ffbd8c3837aeb47de0ad806610a6f9dc6b25968949fdd
client-png/android/resources_vn/image/ui/gameActivity/lyx/activity_pic_hltfqh.png	357227	742411fa996aa27df18d9c0be8c1aeeec10acb5534e79a6d8e4a11ecc4092481
client-png/android/resources_vn/image/ui/gameActivity/lyx/activity_pic_wsjngc8.png	294606	7109321f99d6461c4a135109c4ec598d930137660bc81a5e29e6c6d460a8be29
client-png/android/resources_vn/image/ui/gameActivity/lyx/lyx_jz.png	47116	ecb7ea553e62077b8e55026a118a9d10a5653bc249dae8cbe920e451cf762e56
client-png/android/resources_vn/image/ui/gameActivity/lyx/lyx_pictur1.png	291405	bebbc969de24eb5c32b8c7ddb9e1d5a38bee3d46ee6e519f3fafcee273f8df2d
client-png/android/resources_vn/image/ui/gameActivity/lyx/lyx_pictur3.png	97826	3cf15b5e3a3e1197c8628c4b7b6a67ab2d0fec4608b946d6dc0ca92c6aa4cb18
client-png/android/resources_vn/image/ui/gameActivity/lyx/lyx_top.png	4103	e4860923c84791a9e6bc862a620ba623392c9f6f89ca46de0629a105f0b1d614
client-png/android/resources_vn/image/ui/gameActivity/lyx/lyx_top1.png	4103	e4860923c84791a9e6bc862a620ba623392c9f6f89ca46de0629a105f0b1d614
client-png/android/resources_vn/image/ui/gameActivity/newyear/happynewyear_top.png	7343	3035d0efd9a17606827b2a21b3d45466a1468cfb37adb6c96ed0f06b12acfe62
client-png/android/resources_vn/image/ui/gameActivity/newyear/happynewyear_top2.png	20216	45d69f6617914078336368de68a5fb7ab44e89786f2feb3d62e20cdd96d82a82
client-png/android/resources_vn/image/ui/gameActivity/threeyear/anniversary_text_001.png	18212	bf489c16f179331196777f4288ab3b94b8f17d1aa95d99d3b4384ce864f8cb1e
client-png/android/resources_vn/image/ui/hero/common_icon_yxlm.png	4870	1ca177f24eaa6aa75813a11f5c06aa70e74dfc99338431d2f91d2189136a8b00
client-png/android/resources_vn/image/ui/hero/hero_icon_16qiang.png	3224	ee855ec2fbb8ee9883a469e130536152941e0e99c97663654d4e34101aeece41
client-png/android/resources_vn/image/ui/hero/hero_icon_4qiang.png	2986	979ec1cee59cb6694e16ceeacbedd020dbaada960a5d0685fca013c505061514
client-png/android/resources_vn/image/ui/hero/hero_icon_8qiang.png	2947	bd58798cff279251230070c6de824476bc4556af234b694180e84ea0ffe58912
client-png/android/resources_vn/image/ui/hero/hero_icon_bsxx.png	3893	71e3a3270624e57a145d53cca5547ab41f844c359103846dbc9637150d8ffef2
client-png/android/resources_vn/image/ui/hero/hero_icon_canzhan.png	2930	e26a7255b02400b7e63579b7cb4b838adb91cb0c4bec4f37b6ef2014f584f483
client-png/android/resources_vn/image/ui/hero/hero_icon_duizhang.png	3491	5a1d8726663986b71eaeab4dba65d7a8824677fe87f5d53a3bd02fd384e0cabc
client-png/android/resources_vn/image/ui/hero/hero_icon_fuduizhang.png	3008	b3e485585b436bc140a1312ca8f18f5223c4d8f635402704c56c447037ad159b
client-png/android/resources_vn/image/ui/hero/hero_icon_guanjun.png	2888	2a8e79e4f9a2113aa4579047032aa87d5b77130c460321b50cb884c7c0c2137d
client-png/android/resources_vn/image/ui/hero/hero_icon_guanzhan.png	2690	1391ca970f1d7afcfe64407dd079101083312034759c41d5294d8a53df60a3a4
client-png/android/resources_vn/image/ui/hero/hero_icon_jie.png	1819	5623b77eb535d10ed23b6baa32cd7b8fdafce1854392c9bda22a1083cf002e72
client-png/android/resources_vn/image/ui/hero/hero_icon_jijun.png	3451	71385a2e690123843f75081fba56420f0ab5b9598ec7bff4aa5f0f51303d5c53
client-png/android/resources_vn/image/ui/hero/hero_icon_jingji.png	4181	4040100ddfa8879781eb2c8272f12ade0a1e32b1ee7863dd68ea01a7951bc1db
client-png/android/resources_vn/image/ui/hero/hero_icon_jxzbq.png	4736	da1475d85f5753bf3476e79ac71a7174cf02492c0f523618fb67e46d5da49da3
client-png/android/resources_vn/image/ui/hero/hero_icon_lsbq.png	4151	8c3ca366dbb5273385b3d7ade10f750bc91ffef470914b17eb13c4c0d1cd300d
client-png/android/resources_vn/image/ui/hero/hero_icon_qiquan.png	3642	3e376d6730dc66dbe9f94f915b0083dd89ba9a6a27624be0c53803edc64bb537
client-png/android/resources_vn/image/ui/hero/hero_icon_vsfu.png	1980	25ca5f4d1c5e79fe0453b4422a2997be75840a575741438a4c401d097a25c978
client-png/android/resources_vn/image/ui/hero/hero_icon_vssheng.png	2975	1f60559548a08a0cc9bb6fb08077b6476c3d5eb22387028553fd3a6f10df3f03
client-png/android/resources_vn/image/ui/hero/hero_icon_weijinru.png	2923	13ddd8ea8550fb709884ceb9224278cfc2696961706b245a3b4b1d75908e8b1b
client-png/android/resources_vn/image/ui/hero/hero_icon_yajun.png	3349	4f081be5f5c795d5599764248de229aa5fe55878c841ee89e7a8ade51e7bc42f
client-png/android/resources_vn/image/ui/hero/hero_icon_yxlsczsz.png	4318	6e0383af7add7cfbdbd12a8d477bdea9acdf2238a64905969752ee5222669091
client-png/android/resources_vn/image/ui/hero/hero_icon_yxlssh.png	2567	622a05760b5b61595301e24324395fd97668d7ea75107e9d7213d709e55ca08a
client-png/android/resources_vn/image/ui/hero/hero_icon_yxlssz.png	2647	855b438cd4ba124e2688a80c7efdae5cfb63659c8cdee7465dcf10b015a71682
client-png/android/resources_vn/image/ui/hero/hero_icon_yxlstcz.png	1653	657ee72ee488b39239ed1071bfb7f5f7698aa6ec12a69aa872fd0cc7fd1d55ba
client-png/android/resources_vn/image/ui/hero/hero_icon_yxzb.png	2752	889a3c6ad0af2a0a691a751a2d46aaed571707c8b572e6c7fea6e04bf36915b8
client-png/android/resources_vn/image/ui/hero/hero_icon_yxzdz.png	3087	725aae11546c81437b7b88431dd009a6a2bc2fafbc99db558b01572588405fad
client-png/android/resources_vn/image/ui/inn/activity_pic_hs.png	217126	07e9e41a18429066010bb0932f3427c53aa04093879b9705db95cd9e3a371d55
client-png/android/resources_vn/image/ui/inn/activity_pic_hssr.png	217590	bcced2b8563e2641a461fa68acd36364d41a555bcf01ea6a724c80829147cb03
client-png/android/resources_vn/image/ui/inn/commom_icon_hasd.png	8452	fecbada1d2c6b71eebb43e36246b7132c5bd4903623ff443d6b2781af41566db
client-png/android/resources_vn/image/ui/inn/common_icon_heissrcxl.png	19270	ae4643b3ac84b67ea52f7a478769719719d05f374eef954983a5766cdd3230ab
client-png/android/resources_vn/image/ui/inn/common_icon_lxsrcxl.png	22651	bd475485822e640ae48c968618893471d80a03df59d5e96d69375322680112de
client-png/android/resources_vn/image/ui/league/common_icon_shenhe.png	9997	99e12d88c34a5e7045b9756ed09b7fbc27cd196163ee4c19d8727bf1ae3d53e6
client-png/android/resources_vn/image/ui/league/common_icon_shezhi.png	9630	3f22006ca223d45d5bd3b9b405527ed4edd18ba2a1460865f61ab0e35a51f7e8
client-png/android/resources_vn/image/ui/loading/loading_pic_p001.png	214928	bdfe645d4ab172677a2783bc0e316b1937e73cbeee7d36904595f03816ef9191
client-png/android/resources_vn/image/ui/loading/loading_pic_p002.png	238056	3b6be097506a62e5129e5c127ffba09875caa8689574a1d4c6e801e5791086b5
client-png/android/resources_vn/image/ui/loading/loading_pic_p003.png	202973	2f4571737b85146a762f97e3b91842b96cfea23434e1d98c2202f91d3d846463
client-png/android/resources_vn/image/ui/login/common_btn_accoumt.png	466	252f501619f7843752e2968e808a5127a246d7ef3478bfe13ffe0bde2a28d676
client-png/android/resources_vn/image/ui/login/common_btn_ditu.png	354	68a8089f5dd801ad4cb2a3e53ee150465f13692998397813e259fd0a43a2c3d7
client-png/android/resources_vn/image/ui/login/common_btn_dlk.png	190	5632c41115e09a308f9e99ac446f555b40edb894b6eb537b0504e10524076d7b
client-png/android/resources_vn/image/ui/login/common_btn_facebook.png	1875	b1eb35155fc5cc2b0bcef1e156a33b0c103e5d8a4d15b4db18f95b3118a79bb6
client-png/android/resources_vn/image/ui/login/common_btn_google.png	2503	9ff6153c6285eebcc314ed5563d0104f460da4cd72ab4af87caba4a6a9a21b5f
client-png/android/resources_vn/image/ui/login/common_btn_lianjie.png	2134	bdcf823de82c2e7fdf757f22f6e3641cfc3a04cb9536c280c5f4310db6777d33
client-png/android/resources_vn/image/ui/login/common_btn_line.png	238	1008bcf0cfd93d0cce5e80c1d9a3b5cb2399932d3995c4b377a40d7f41e53746
client-png/android/resources_vn/image/ui/login/common_btn_login.png	152	c883c3ef4f55f801e0a76bc978c3e1c76f92f3165d005922d75d40a469cf8d5d
client-png/android/resources_vn/image/ui/login/common_btn_password.png	226	f5df295a0fbeb4fa410ad67905a49f754789cdedfadbe2e3ba2141b59115cb7e
client-png/android/resources_vn/image/ui/login/common_btn_registerguest.png	151	8adae21e9a2bd3b0a9d242329fc7b9cf45bf7eec0c5f4f229b8e52f9d3b1024c
client-png/android/resources_vn/image/ui/login/common_btn_tip.png	151	6026bb338f51f92dc553fcf031a295abf7efb7aed0321db3514c6d811d08f3bb
client-png/android/resources_vn/image/ui/login/login_icon_huanqu.png	5461	f1481f667573a71830b3140c427a51d3ec5f3fc2213aa45ac4b52b0f4c291797
client-png/android/resources_vn/image/ui/login/login_icon_jjyx.png	5377	8b130407bd39e1ae000b1dee4dba8c1bc3411b0a70b6104d898046258ec03d67
client-png/android/resources_vn/image/ui/login/login_icon_logo.png	22729	d4b8a6d045c9220a75793b8a5a9c8ee1e58e23303176837e0ae6a04b35be34a1
client-png/android/resources_vn/image/ui/login/login_pic_bg1.png	595280	e337688329aa1889ab4ab38e2de6c464eb5def052f2d6c8a3b2200a105dcabfa
client-png/android/resources_vn/image/ui/login/login_pic_bg2.png	573800	e94bb1a5594c91e5c90c0cf864afd2a22c545961ad4fe522008453a2708ab2ae
client-png/android/resources_vn/image/ui/lottery/common_icon_axxy.png	7858	ef4c46072426bf43e45ccbf0ebf735e4c89b881c0e44551b572e75ac7be78cb9
client-png/android/resources_vn/image/ui/lottery/event_icon_xy.png	3286	4081f0ec6401ddd860b64fda32938ab0cf7f2f29197f3bb0ee597e8033a0eeb1
client-png/android/resources_vn/image/ui/map/map0.png	3008	2012c88d28d233a48482b1f72587f88202730f8d327575ee5b54ede4190bbc27
client-png/android/resources_vn/image/ui/map/map0_not.png	2759	ace4f9095200ec7c180727a43bc8105d8ae322c5e1366b2d4e5f4b3ba7e1999f
client-png/android/resources_vn/image/ui/map/map100.png	2763	669cb96a8e0c21f27ee5b336ad63794cd1fdf300fc609e2e138f20c1ea0e8b5d
client-png/android/resources_vn/image/ui/map/map100_not.png	2544	d06fe01a2e3e78365828aa2a0dc84af6338437a0df3a9e26847ccc919cc07df3
client-png/android/resources_vn/image/ui/map/map101.png	2056	a391097b55d94376073d18ace87f4a85c8085ea171682c0bb2b060ce1eb56198
client-png/android/resources_vn/image/ui/map/map101_not.png	2010	a809421f503c2cbd1a62b60a34726299154693440327dd0a2811efca951ae62c
client-png/android/resources_vn/image/ui/map/map102.png	3147	885f5ddf997f862275d91e5b1c945efe7d55fab975ab433ab342d5f638f52c78
client-png/android/resources_vn/image/ui/map/map102_not.png	2979	9be0f9f577e0d42efafec1e022d0016ac422c91224c227eb71bda7b6ced897ad
client-png/android/resources_vn/image/ui/map/map103.png	2059	dc2280f899a498a7ace8e452100b0626fba0103a2d5638cd03f6241ec04e1f17
client-png/android/resources_vn/image/ui/map/map103_not.png	1961	fb617ce78a00d03c02560ed919e79403405ed9f262b8ed286aa87ffea20e51fa
client-png/android/resources_vn/image/ui/map/map104.png	2599	ee85250ac80180be67be3fc1e1cb152f3784f9d1d3598f05ef2a7eab6671b8e3
client-png/android/resources_vn/image/ui/map/map104_not.png	2457	2c640431cdea31273e872c24c9fc8a1572c0e04ac10586cab2ab46dc6ebeda47
client-png/android/resources_vn/image/ui/map/map105.png	2800	8ad404e561ca3fbe21b38fe4787b915596f770b06af0ad9eb36834748dadb1c6
client-png/android/resources_vn/image/ui/map/map105_not.png	2584	1553fdabaa4a856a42f03aef1986fc4b7e8a88aed1fae501745f72e0cdbf3149
client-png/android/resources_vn/image/ui/map/map106.png	2459	c2150d4ee1065479b53f9b2fe59df247cc6d5ca4a652436f8c4b4451286a9a1b
client-png/android/resources_vn/image/ui/map/map106_not.png	2226	fa9b327b1d92f21041bb8e2b42eaf2a4bd358c251b252dfd3b11b8383f2b0b20
client-png/android/resources_vn/image/ui/map/map107.png	2129	1e2f0df849ff62bbc676bbe58cdac5b5eab2f0951364eb179d149dc471b6bf9e
client-png/android/resources_vn/image/ui/map/map107_not.png	1973	a292c979746c623a753fcfe54cd91406485516d55899618cb6616278cbee7fb8
client-png/android/resources_vn/image/ui/map/map108.png	2767	1eec8b2fcaf7c1337bac7f9f3aeaa9ac26e19f6f79863a1ae1e708478ba07acf
client-png/android/resources_vn/image/ui/map/map108_not.png	2547	4663680c66ef4064b2e18bf30fff1e9f3a31b80a4d756bb6e499135d2e28b0df
client-png/android/resources_vn/image/ui/map/map109.png	3214	e3e4267fe31f2e69c8a1cc5c2f3d0d56a64b2f0d6eef7c24d563d6739b9b5d9e
client-png/android/resources_vn/image/ui/map/map109_not.png	3006	fea231d1ef887664fa4dbab6269de2688768f3a97ef3c92ef98d8608fb140460
client-png/android/resources_vn/image/ui/map/map114.png	2855	f5a00f533d2f37d6919007bdb8fae618a6564a5a7be9bae5439dde72cf25f82a
client-png/android/resources_vn/image/ui/map/map114_not.png	2618	0c1872e1498f1e4414f21f25422d5c59803cd499d9beb87e673afdddc5d8f2f2
client-png/android/resources_vn/image/ui/map/map115.png	3538	b40799528cd73a8b0886eb676ce2b45881ba89511e57e80f51b41488ca5e7fab
client-png/android/resources_vn/image/ui/map/map115_not.png	3113	df54b03b484c96042d226721679e6110c893ee282a6435d6526cdbed7d005950
client-png/android/resources_vn/image/ui/map/map116.png	2835	6dcf7a5574e5eb2fb910c319ebcbd429024340dc2c31bb5016f069cfa28b07a7
client-png/android/resources_vn/image/ui/map/map116_not.png	2511	7049144bee4cfc34fb25aa56d9635a0789d8a9e3d9f51b8969769c0c3f96c376
client-png/android/resources_vn/image/ui/map/map117.png	2690	e3b6194c550424bcd2368934704537e184b1aa472ab8b7ac39e4ffb0a37fb8fa
client-png/android/resources_vn/image/ui/map/map117_not.png	2479	6b2064adba2a158c47c4c769df5df9f85dfae03a0bc8f6edfcff663823ab775a
client-png/android/resources_vn/image/ui/map/map118.png	3043	6f0147c95bfa3d590390ae2184db1b32c14497d7355315aa5295d5ca011d56a5
client-png/android/resources_vn/image/ui/map/map118_not.png	2640	f04486c708d83c1805ad3e5bb738bec01fd8908665e86eea6899410efa489a78
client-png/android/resources_vn/image/ui/map/map119.png	3092	abb1665b62ea6d01ad8b8c4029f58bdf3eaa4862c53abe2b941ce8636697a765
client-png/android/resources_vn/image/ui/map/map119_not.png	2604	00551528a52a00b6517b11146750e7c709894d3cecd86aef209e471139c67326
client-png/android/resources_vn/image/ui/map/map120.png	3030	b9b008e394e87a800129a4bc24b932d30865ca184e0e95348e2d03e7cd9d6c2d
client-png/android/resources_vn/image/ui/map/map120_not.png	2581	b7fae0ff9824c11c358b4f12747799d8a8f960926f2b5c6aca895dc7b1e16340
client-png/android/resources_vn/image/ui/map/map121.png	3093	9ab2a6d7b7096570dd8d97f2994337bda9055b442662f03245615d539469abef
client-png/android/resources_vn/image/ui/map/map121_not.png	2604	00551528a52a00b6517b11146750e7c709894d3cecd86aef209e471139c67326
client-png/android/resources_vn/image/ui/map/map122.png	2544	3d99d04ec08ab27008acb91ea4e97000636911b9a0c13ed633a04a4c37eb3746
client-png/android/resources_vn/image/ui/map/map122_not.png	2222	6a0bfd414568bb299361f3a7a4350d3794a45943a4e31b5e1cf187e468dcff5f
client-png/android/resources_vn/image/ui/map/map123.png	2836	a2dfc8a3084ed1c1479540755b910f4609452c84a35ecbefee2e3ccd526878af
client-png/android/resources_vn/image/ui/map/map123_not.png	2607	2e20aaf15ec5085b1c98882678f72be7aea4dd0c4700402196ef0406796d4c34
client-png/android/resources_vn/image/ui/map/map124.png	4205	b20e0d94d8938845fb6f6bd31797db587cf81ae8108ca6ced51ea27049993ced
client-png/android/resources_vn/image/ui/map/map124_not.png	3664	a19a9f2b88e68067c4a95ffbdebc88515ea8a1f947e81e8dca740372cfedf05e
client-png/android/resources_vn/image/ui/map/map125.png	3171	77e634f17928c0242b3cd62407a404856a8a50202f00189582fee940010b2ced
client-png/android/resources_vn/image/ui/map/map125_not.png	2813	f21ece4809be4c00404cf364fceba9637d7ccb3640aca573df556a17db46fa9d
client-png/android/resources_vn/image/ui/map/map128.png	3345	24ea7fbc6553d2bcbc3ca9b648da53dede39e394987b55aa136149bf797fef6e
client-png/android/resources_vn/image/ui/map/map128_not.png	2979	d851e6d26cb0d5d5fae1a47f676f20eb77e368986ddc1b73c0089a5fe758a97a
client-png/android/resources_vn/image/ui/map/map130.png	2211	10435fdaf39c7bfeed115e04e0e6a263bd61153a33c62bbf362f5ae68368e9fd
client-png/android/resources_vn/image/ui/map/map130_not.png	1996	eceffad3e2a33a81e71d5dab9a013416bb9d12a4fd0ee44462a704bb30332468
client-png/android/resources_vn/image/ui/map/map131.png	2131	f61fc8fadcd33391165072fa1b55e8b8cb78b537e04c6533f98e157a3050147a
client-png/android/resources_vn/image/ui/map/map131_not.png	1948	7ae10fe99df842def1459803691f1cc1c6afc2918a7aff02198f69d9ccb5cf9e
client-png/android/resources_vn/image/ui/map/map132.png	2187	26ef1831d701c2de616fb9f094e89ced4a6ea3d19a98d901634cb935aeee8307
client-png/android/resources_vn/image/ui/map/map132_not.png	1925	51b21c589e72cea2e6ed559cd617952ad54b256271810f6af147efd60135be23
client-png/android/resources_vn/image/ui/map/map133.png	2994	d870c51abacd40bec5058ebdb2b702a8a06bd279115ea9b21cf1d36bd500ec88
client-png/android/resources_vn/image/ui/map/map133_not.png	2674	09f8863c676bb86378410d29297629634bce27ba1fc1d7866b360b820a794042
client-png/android/resources_vn/image/ui/map/map134.png	5004	45da28c1cbe56849a1708aee5c6b4f5922293bc746eb75ab9e7ed4f506f86695
client-png/android/resources_vn/image/ui/map/map134_not.png	4300	12855e33b005050ccc4551185f337ab4b41143e736961349c236899680beb486
client-png/android/resources_vn/image/ui/map/map135.png	5817	ea55ec42acbfedfa898f9d2227207b3234629185dd78368c612fd7716d2ef4cd
client-png/android/resources_vn/image/ui/map/map135_not.png	5184	4ed6818d93bac4dcc0a1420b90cd9d435827b38b9ceb27d858180f7ace85951d
client-png/android/resources_vn/image/ui/map/map57.png	2956	326f1e6a6c9d8a293e5a4a1a12da891d82111f8ec761c3e5983455b1b079fa67
client-png/android/resources_vn/image/ui/map/map57_not.png	2716	0f485f8806b334d5047459bad15d27e531adb9496e6d66e9f9a382cbd65bc475
client-png/android/resources_vn/image/ui/map/map58.png	2956	326f1e6a6c9d8a293e5a4a1a12da891d82111f8ec761c3e5983455b1b079fa67
client-png/android/resources_vn/image/ui/map/map58_not.png	2716	0f485f8806b334d5047459bad15d27e531adb9496e6d66e9f9a382cbd65bc475
client-png/android/resources_vn/image/ui/map/map59.png	2308	77b51d17dbe35f996f7bc3c2ad2fa19dbd806757820ab3af882b454f9e0cea8e
client-png/android/resources_vn/image/ui/map/map59_not.png	2087	3dc6fd72f007c8fd1414e041378527126d76b2f6f36e62d25587bb47d574ac4b
client-png/android/resources_vn/image/ui/map/map60.png	2862	6c9141aba6cfd5f4c8e9627fa74586c8d0208da11ad7b2d3c758e3685d3f9278
client-png/android/resources_vn/image/ui/map/map60_not.png	2541	6d8adf727db8f710c0d842fb12dc259a1f65f3fa83c9d6adfa982e6a059c4145
client-png/android/resources_vn/image/ui/map/map61.png	2776	ac7071d2444b0e6aabaf0015120fbf5d41800d0bb63064a8f50a2b0a2634d7b6
client-png/android/resources_vn/image/ui/map/map61_not.png	2573	560347e947e90f1efc6a4c40b9dbdedda62ea8fe7af79d071793376187de128d
client-png/android/resources_vn/image/ui/map/map62.png	2501	ba4f82ad08af4e380ec16b085ef88fbab934a7f55cafd5e55b3dc8f18a14de64
client-png/android/resources_vn/image/ui/map/map62_not.png	2405	32c3109e874019365687d3f062737512d682654d2d9ae50d1e3c6f8df2cae24f
client-png/android/resources_vn/image/ui/map/map63.png	2312	5c4b3c1a38c6bc8e6d1648e4b51ee3a7d13a059621a72b44a23418f99fb041c0
client-png/android/resources_vn/image/ui/map/map63_not.png	2161	17139fc763d53a535de89f96234e26ce353da5582ca5a2bab34ae6a7a0493634
client-png/android/resources_vn/image/ui/map/map64.png	2479	e729e5ea97a2b0c48b14402448fb0755ddd5b487a31e49353744ea00e21c674d
client-png/android/resources_vn/image/ui/map/map64_not.png	2323	543c0c448d86cd24d16624a941909bd5e7f08cdd8b7b03c45d9a79aa14a3851c
client-png/android/resources_vn/image/ui/map/map65.png	2792	42c503aeb73a34188f61def15713a08c33c7808364d09c2dbbaf11f8e8c5d730
client-png/android/resources_vn/image/ui/map/map65_not.png	2549	0676c5cac1ea2b3ff3cfb098cb7298b52fb305a9289ade325ef1767b11964265
client-png/android/resources_vn/image/ui/map/map66.png	3295	1b9bfc209f8f53c1b169e99c1a62ec60af536f433b4cbc6d4cd3bf478632a53d
client-png/android/resources_vn/image/ui/map/map66_not.png	3007	80d86171fb15eced975d5fa68cfb8227c47a38fc9ca5a8567ef893f99fa68325
client-png/android/resources_vn/image/ui/map/map67.png	1911	40619ae3e46e1eac93438515a431446fed1f8a48bdb7dd3d48f52ef170f44f22
client-png/android/resources_vn/image/ui/map/map67_not.png	1784	8801e1533b3b652f465bb05fe80aa310a54269337b755a359c5462ed67c5586c
client-png/android/resources_vn/image/ui/map/map68.png	2087	12bf7deaa454951d123bce62e9763cf5d74e389944561e8a968bc713b04cc92f
client-png/android/resources_vn/image/ui/map/map68_not.png	2039	d262828fa32ee5a49a1aadceab113034e215a9bb4f98dbdbcf4c0c7a0ffda63c
client-png/android/resources_vn/image/ui/map/map69.png	3101	89feb36c0f2476cabaa763c44bed0d4819845929115790e66733d87a30b1a54e
client-png/android/resources_vn/image/ui/map/map69_not.png	2775	3448955df56b86a70a291e052dfb469b38029d75ba1a3cf62b27034cad497b74
client-png/android/resources_vn/image/ui/map/map70.png	2944	689187fef0f92ab37fb5fd35fd490322bab1ae82394830559e6a578ca3da0225
client-png/android/resources_vn/image/ui/map/map70_not.png	2577	9ce889e91f844e8a8a06e9acc9d157db85878e5429ed0ee0b582f60e9782b4b1
client-png/android/resources_vn/image/ui/map/map71.png	2754	4827d4ccdc930e23782c6ddc1018f71cc3fa816c39f98984e06e4130489efbd7
client-png/android/resources_vn/image/ui/map/map71_not.png	2513	f0597d41b94732da75fffc6d68af416ec94145a5c9425b6200fc0044bc1b4fb5
client-png/android/resources_vn/image/ui/map/map72.png	2941	b65fd6431d4d4ad848ef341fe9ed069f8e5d5a5a32fd707bd85fd0df294b7683
client-png/android/resources_vn/image/ui/map/map72_not.png	3025	b946cabd1bef2509cf0937e9e03b1fabe47b981ba56e1dae159ecc4ea963f11a
client-png/android/resources_vn/image/ui/map/map73.png	1976	aec3b5bb42a63055bf15bc8c2b8fbf4e4d58eef3ac21be9e10eaacf2b597f80b
client-png/android/resources_vn/image/ui/map/map73_not.png	1885	f81a3c89a6117f882d562c9b54b2764135e091adf6b37315600ad4a7c7506777
client-png/android/resources_vn/image/ui/map/map74.png	2988	7b6f05ce2eaf0082f4888526809d706f6eabbb3e174c0c74b0eff33167b9dfef
client-png/android/resources_vn/image/ui/map/map74_not.png	2729	68de6333bd35f56bfee446d5b121c0c89210dc66b3540e1eabd93cb4bf58d11e
client-png/android/resources_vn/image/ui/map/map75.png	2034	8709c0fe2e699a3dfcc5a03dd81371cba355b51b9a8b0ad7d7753fe9820fdedc
client-png/android/resources_vn/image/ui/map/map75_not.png	1972	2c6d4def71d8832c279e0d3bc373c02580b9269ba8635079e10598a55edd1755
client-png/android/resources_vn/image/ui/map/map76.png	2847	6336066932b16f223228a2cc4758bee60c01d2b8234fe743d46faeebe0b64aa0
client-png/android/resources_vn/image/ui/map/map76_not.png	2749	a1c54f22cd629ce0c7a99a6b62c437591decd162e6d99a4cb4a3c7fe0bf1eef2
client-png/android/resources_vn/image/ui/map/map77.png	3186	68cf0e77c6c380ca19adf1659214bd997c241c3fad0ed9974af5823ad9cb1243
client-png/android/resources_vn/image/ui/map/map77_not.png	2838	01715b46b6786f10dd4ea794680c4b491e0c58c11388d284ceb70e52863f4df9
client-png/android/resources_vn/image/ui/map/map78.png	2248	548898dbc5353a27a2e2689c10e05ae011280d3a0a86e08db71179240b161017
client-png/android/resources_vn/image/ui/map/map78_not.png	2211	f095944cb838f6135df8020f0339cddb72941aa366f2f8afc7b987baa1311d00
client-png/android/resources_vn/image/ui/map/map79.png	3009	635fead2b1e215914f7d119c26fdbdb491389abff0ee8d11d3960f5eb38e8285
client-png/android/resources_vn/image/ui/map/map79_not.png	2728	083ee4c1ab180c147812e8134b0a6e9e6d890423ae00e43a65d1f4d6ad6b02b9
client-png/android/resources_vn/image/ui/map/map80.png	2689	37118d040f032eddd30d84b06a11fe0b3a35d4c32fce2a06ee43c97df953f848
client-png/android/resources_vn/image/ui/map/map80_not.png	2580	17f7b4e92bfc48e18afd09696859695593b1c770f925c6e313c88117cc517225
client-png/android/resources_vn/image/ui/map/map81.png	2360	0ac7fb3b2a134c5372cfdb7814df04febba0c7cb5ca9a317f1f4c2f95eef5b22
client-png/android/resources_vn/image/ui/map/map81_not.png	2149	51866f071444a3292a78ccf6178acf239b63b3fcf3522be1e57c51795a59f5eb
client-png/android/resources_vn/image/ui/map/map82.png	2631	66cd29201ca8fc2d677e8d783072022be747e3acd5c0a72113101bd82d089001
client-png/android/resources_vn/image/ui/map/map82_not.png	2513	9927fdd593c9773032b5b789d62e3681fb78e10e0946738e60e0a325a7ac3938
client-png/android/resources_vn/image/ui/map/map83.png	2829	e4469c2a41c9d65cf2bbc4c6f576d57866e84810f39bab913328baf830c6d190
client-png/android/resources_vn/image/ui/map/map83_not.png	2637	18b99e080699b48876203dfecabe295d3ae26459a238508bffe09232bfe3323d
client-png/android/resources_vn/image/ui/map/map84.png	3156	cd7ceed61ef1f40882ed722632dc22dd7009d3d3eb98a32d7ac541d0baaa5786
client-png/android/resources_vn/image/ui/map/map84_not.png	2901	2ce849d0f0b36ec8e66bda22490944a5b17f6eb3c5cef5d32af3e8f6d26f89ef
client-png/android/resources_vn/image/ui/map/map85.png	2273	cadcc1d1615560f38c322a7e7340239b4e751db8fe32977a8ad28490bd37f8d1
client-png/android/resources_vn/image/ui/map/map85_not.png	2127	d1ec5c9082faf208ce18e3b31decdab5f5121c5ccb1f32544b586f0f20098d37
client-png/android/resources_vn/image/ui/map/map86.png	2877	a8a6753b04bc28c52ffa88513f91775d94c023d76494e65f5b66ec7cddcf03a4
client-png/android/resources_vn/image/ui/map/map86_not.png	2556	b233eb8f40218851fe3a7ed4452a0da3b4c3173ad5442e2f987b0076616d18b8
client-png/android/resources_vn/image/ui/map/map87.png	2772	593865df8405d427ad7ad3106cb463dd5dd428da401af794d8d95e844336feb9
client-png/android/resources_vn/image/ui/map/map87_not.png	2520	844a4a79de7866161e144459ecce72cb7db3e34dbc286946e7b9d3a828b14bf6
client-png/android/resources_vn/image/ui/map/map88.png	2104	97e731aacbf4d53382d405c9e3c725d5dc1e2f5c8a77b24b1d3429af948d4107
client-png/android/resources_vn/image/ui/map/map88_not.png	1944	7b2d2e072bf49ecdee466be948279f195a1c70cbde4ba65a59fe1e6008ff4d78
client-png/android/resources_vn/image/ui/map/map89.png	2229	6d631216eeeac9c144aae3eec15eb328c9ec810af1a587fc9dc91aa739a5eacb
client-png/android/resources_vn/image/ui/map/map89_not.png	2003	eb6101ee8dec24fdc1da567fb37c5198d98eff0070d727d9383b2fdf3788acc8
client-png/android/resources_vn/image/ui/map/map90.png	3018	37673690f43d3b42e652fd95a9f11c3c2d6e72b4afa457386019d6e69bda688a
client-png/android/resources_vn/image/ui/map/map90_not.png	2818	1597e698bc3fce3c7123e65aa91d1a032fa6573c25ee35c0bc1811f8c736328d
client-png/android/resources_vn/image/ui/map/map91.png	2821	f1810361a804dcfb15e1d7dd3ebd0c0e574ee5e00e685a0f90198c1f4e30d969
client-png/android/resources_vn/image/ui/map/map91_not.png	2629	2a86817fe7987aa0c8ef67c28d075914ce7993cb80aec7d94f216e428829f778
client-png/android/resources_vn/image/ui/map/map92.png	2373	4f9fe86bb2e937fdb3e995735565d63f78829cb51f6278ce2f2d329899cdf4fa
client-png/android/resources_vn/image/ui/map/map92_not.png	2134	ce3787d530f83cce3c32b771e10a77eba56db79f66ce130f01ad8bf0d4e5fa30
client-png/android/resources_vn/image/ui/map/map93.png	2059	0a16d090a2a6838643e5c513c4430bc29bb05e7d5af1ee97df32ec406be0939e
client-png/android/resources_vn/image/ui/map/map93_not.png	1948	90b78cd14157a6d07fc8fa571b442f97b69844d640b8a57ca0c6cbef00135450
client-png/android/resources_vn/image/ui/map/map94.png	2883	5459e62044036ee308037fc2365b16f0c3c227d8281064583ea1f55502677080
client-png/android/resources_vn/image/ui/map/map94_not.png	2631	39b71494a48a651b6bbc8cfd0e3afe42a651bc37eea1506787a9d888b3f496fe
client-png/android/resources_vn/image/ui/map/map95.png	2603	9f3a42bc96d8aa8e3b80ab3039e33a48cff98ceb311947f900fc8bbb193b050a
client-png/android/resources_vn/image/ui/map/map95_not.png	2407	2a0b397fb9163940aa1735e1b8fc360d1cd64c613b46687aaa8bfb8e4ccf0570
client-png/android/resources_vn/image/ui/map/map96.png	2817	2fb6eaa428b088427ea0c9bf290bc7e6a76cf4fb8dc4effedb52a2b62b078503
client-png/android/resources_vn/image/ui/map/map96_not.png	2609	3f9b39b617598686ad21d4b608b7a902b909071926a914ca4cd4c496a72ad35a
client-png/android/resources_vn/image/ui/map/map97.png	2824	ec509af44e308a01181f1e060e01f87a9e3c6d6e75cb468aa5d0fe38d8bcd83d
client-png/android/resources_vn/image/ui/map/map97_not.png	2698	0ef9e78ad02f29606d0985ec4fb77969ac89b01e436d962afa98e2af3d1b7dcc
client-png/android/resources_vn/image/ui/map/map98.png	1877	f56be02c61b6746ea4131d3b7fb7a8d4a550defada1e0e027f1a3b9cdab17555
client-png/android/resources_vn/image/ui/map/map98_not.png	1690	db4883c0e725711ffdcce7a70bef90856f881fdc3b43a9ab959fe01ce3773f90
client-png/android/resources_vn/image/ui/map/map99.png	2975	2d733f38f0a07f466ca506ef6cf49b0bafffad46d3dc74c18218b28266f91f71
client-png/android/resources_vn/image/ui/map/map99_not.png	2776	d676e8114394fef1595fef541cab04a18e483ff971a9f8d13429a527d86328e7
client-png/android/resources_vn/image/ui/pet/commom_icon_cwsd.png	5696	c8bf73d3d28166c67b00fdca224dec9f2e310e2605605581ba6ac0cf59f6a06b
client-png/android/resources_vn/image/ui/pet/commom_icon_hb3.png	6594	2ae293eef0ef449e9bcedb1ae9f5b63f60764605c83c383c3b61350319d11d24
client-png/android/resources_vn/image/ui/pet/common_icon_chuzhan.png	4334	b06e69aac3928e754e6b694725c7db8f52952a805a37db7ac408e7ac8f129afe
client-png/android/resources_vn/image/ui/pet/common_icon_cw.png	2433	2ce82ede386dc09efe721ea022ee30d6f27299f1f3d16b89d417f359b91a6e11
client-png/android/resources_vn/image/ui/pet/common_icon_cwdq.png	1265	962ccb62bafd088c9033619456643ea8570e0ec9968aa1e0d4c04c413c838bf6
client-png/android/resources_vn/image/ui/pet/common_icon_cwdq2.png	2891	75a1c0b293d4b1880690ff615f678fee0c8fed94f350b6b67412c2ccaed43a55
client-png/android/resources_vn/image/ui/pet/common_icon_cwzd.png	7674	29a1f7be47ca6727e9558274d8fad00fd832d828fbcec8fee98c1295bec4e1bb
client-png/android/resources_vn/image/ui/pet/common_icon_gxhdcw.png	9323	62bebb75a96a2e67dd5797e720f04fec3a1094a7c80e94c66adcde75d56a0b16
client-png/android/resources_vn/image/ui/pet/common_icon_huanxing.png	10428	1db3d39b48334e2b530bc0a8a8e038ccd7b59ccf5be9a18f0a8a635b41b8fd1c
client-png/android/resources_vn/image/ui/pet/common_icon_jndq2.png	3828	0b0c16309ef0dfb7e6e909b4b9b760a29e556cdebe074ed3d1caaef636e47f34
client-png/android/resources_vn/image/ui/pet/common_icon_lwcg.png	8038	3a3cc8d7ba58627a2bec97b99eb46322e8451fd6b83def9b6dacad77aa2c04c8
client-png/android/resources_vn/image/ui/pet/pet_btn_cs.png	4173	c370475ea185904ea8ab35c802959593db88daed18be7dd4a4bd49c5b4fff159
client-png/android/resources_vn/image/ui/pet/pet_btn_cs_sel.png	3620	9e714d0d686e3650c951fcd1c4adacc8e20f85158ea98aaf52e3899390eca320
client-png/android/resources_vn/image/ui/pet/pet_btn_jb.png	3124	e24f557f971ca76bb98b6932c7278a09a901fccd9bca4ce50fdd4a3a2197d740
client-png/android/resources_vn/image/ui/pet/pet_btn_jb_sel.png	2512	9541ee0ada093b4c3a58593ab827925a86e8b0cfff233fbd17bedbb9527100d5
client-png/android/resources_vn/image/ui/pet/pet_btn_jh.png	3613	87345448e75657d4ef4e3c79c9e31f85c9772c5a1fa42502a043eef8a612f716
client-png/android/resources_vn/image/ui/pet/pet_btn_jh_sel.png	2988	5e3255b1aa25f76efc8240150eec5f2e3ac7d982af6fb3267528830a4e895b3f
client-png/android/resources_vn/image/ui/pet/pet_btn_jn.png	2721	db162bc990c1a14b9c8bcc8a2945f8e2e2c63270611890c5866c8b7e52dd06d3
client-png/android/resources_vn/image/ui/pet/pet_btn_jn_sel.png	2260	90d79ef3146b7a5e542e58cc632ca1772f14061a560f5f7a166677aebcef6407
client-png/android/resources_vn/image/ui/pet/pet_btn_sj.png	3871	d540b26780983c0a4e0c3eff0f53ffe3c6c2acb73e85d80407eeaae98fcfdb5e
client-png/android/resources_vn/image/ui/pet/pet_btn_sj_sel.png	3199	d4efae7140b1cf176b67c78178d7985f2ea765a567c2d191aae1d31f96e30551
client-png/android/resources_vn/image/ui/practice/common_icon_xlzzl.png	5296	9de54ee751f626876ea28eb20d0adadef348ca246a235606053194ee1dbd19bd
client-png/android/resources_vn/image/ui/pvp/common_icon_pwssaiji.png	9190	0c6ea85d7c6f6e573d2b44c965ffcb8494434578086b7f13f3a7ddd9da79c998
client-png/android/resources_vn/image/ui/rightMenu/activity/activity_pic_jrljcz.png	60423	99e49682df0c42dac6d29d6e273e769603d1f2c8f1d6865fcf4aaaa15a291b25
client-png/android/resources_vn/image/ui/rightMenu/activity/activity_pic_yjk.png	220719	4f3bacecec2c7ed2ff1d8a00e783cb009966ca338cf45f08526bc0304688ad9a
client-png/android/resources_vn/image/ui/rightMenu/activity/activity_pic_zxjl.png	186852	beef8fba5b170a345e10bfe866d82707913604b9d958956770c07bfcf0ffe758
client-png/android/resources_vn/image/ui/rune/commom_icon_wz_fuwenshangdian_2.png	2846	f009715f4bdb8391f8aa53b48e107221f74bc979a9469cb74f70fbfb3f68076f
client-png/android/resources_vn/image/ui/rune/commom_icon_wz_fuwentujian_2.png	2596	f3d5cdb69c6a851ddf2e60e845dd8dfe1de04f1e1c5470bcf0c5503a8a8080ff
client-png/android/resources_vn/image/ui/rune/common_icon_fuwentujian.png	7131	2341bead4005eadbca62504888296ac98e16b927486a193699a4244120bd0606
client-png/android/resources_vn/image/ui/rune/common_icon_fwgxhd.png	9737	e2f95122c3ac2a05935dcc8f15a78873e76e5ee9665cb8a5a82a4cab0d61cb61
client-png/android/resources_vn/image/ui/shop/common_btn_shop_biaoqian4.png	4742	98344b987bbc62c3104b5c5470ca417c6664b3a284a126e0986d439a6a0b994c
client-png/android/resources_vn/image/ui/shop/common_btn_shop_biaoqian5.png	4207	c4912a0dd1a9d430fca6eacaf9a1d337700ab8208cb0fcc03a0803e7f2811346
client-png/android/resources_vn/image/ui/shop/common_icon_smnsr.png	12922	08083d7c80ee3f2206172bdf02b304ef38509dff4e2b3a7a6d4a83c00c89cef4
client-png/android/resources_vn/image/ui/signInNum/commom_icon_qd10.png	1495	79ab90c1397867219aebb7d6c6b69abc7e217bf990ed2ee826cc9acaff1b740c
client-png/android/resources_vn/image/ui/signInNum/commom_icon_qd11.png	1363	36bd7854b6b297fbf9d319b1aba946d0a2681d04ea797a456cf837a52c5f9a9f
client-png/android/resources_vn/image/ui/signInNum/commom_icon_qd12.png	1517	f936bac44017ed82b0f90380d9c6647d8c7e22f35d42a3146007fc6da448599f
client-png/android/resources_vn/image/ui/signInNum/commom_icon_qd13.png	1546	fed71f9ae545068fd33f01ec1dbaa1e2dcdf9bf9407f9a94be9a033fba8a515f
client-png/android/resources_vn/image/ui/signInNum/commom_icon_qd14.png	1513	4e88f47716e4a16598876d2aca989c93fff383f8bfb8992ddcd91133a6d5e023
client-png/android/resources_vn/image/ui/signInNum/commom_icon_qd15.png	1550	2b5c601ee2fac0bcce053437570b2196ebae2bd17ef3d5ea24979f93c42e49a1
client-png/android/resources_vn/image/ui/space/common_icon_grxxkj.png	7535	19e71710820de585c42ac49f66a209e8f0223eec502b76b0286ca3b91fe4e517
client-png/android/resources_vn/image/ui/strengthen/common_icon_qwzz.png	1571	08a8e08d9800c5823c7827628fba4f3290d244c524edd14f344ebd0799682be2
client-png/android/resources_vn/image/ui/task/common_icon_renwu7.png	8224	aacbad748e09a832ff593cfed4de226addbc924ac235640d1a23f1d1f45096f9
client-png/android/resources_vn/image/ui/upgrade/common_icon_xgngn.png	4147	8324f478fa76206f1758c2a15d2ce81cc080754571f5c117401cdc967a16537f
client-png/android/resources_vn/image/ui/upgrade/common_icon_xgnjs.png	3240	e71ee8c3ddddb08fe7d8f3dfecda84e0f72f4df775b0b1e4d96af3349b932349
client-png/android/resources_vn/image/ui/upgrade/common_icon_xgnyg.png	2453	e4a9dbada9db006d9452959c18679930faff363edd5543d561f3462192212283
client-png/android/resources_vn/image/ui/vip/country/pay_czfs.png	4348	b164a6ae5e9413f2bb0eb91d085c3208df9744a4d347611b3cf998858165ac68
client-png/android/resources_vn/image/ui/vip/vip_privilege0.png	3981	074889b5b6a8e9972a612a8722fe205d14a02bfcd5c3fa0d036d79913e399f6b
client-png/android/resources_vn/image/ui/vip/vip_privilege00.png	3529	0ba429e469204f997b226e4af7fa5479344bd237d88a566cd1640314920a51bb
client-png/android/resources_vn/image/ui/welfare/active_pic_axyx.png	2353	31624b8853156172432f60e99f923745a0cc128ed919cc117ad448b132dad67d
client-png/android/resources_vn/image/ui/welfare/active_pic_czjj.png	2960	e32affd603b56e489e66f17a09d3b7fc4b9d70bdbfa6b2cac08a69dfed61604d
client-png/android/resources_vn/image/ui/welfare/active_pic_pws.png	2151	2ec4180b170c4bc84ff96d4c4f8810bd635de7a89330c2dfe035c6594abb7138
client-png/android/resources_vn/image/ui/welfare/active_pic_qdjl.png	3144	e00c37620c03f11f9ae0b54bde81a1b0801e6e048f16536f0e3fdb790666a593
client-png/android/resources_vn/image/ui/welfare/activity_pic_dld.png	243161	ab6c84905c173311cd5160455106c816e6405a52345bef5c58d3ada5c20952e6
client-png/android/resources_vn/image/ui/welfare/activity_pic_ghz.png	278450	70b716e88147e060a0a750a380a52f441f89323dfc0f97f48947f762dce32590
client-png/android/resources_vn/image/ui/welfare/common_icon_bs.png	5303	32f4d52be49d9580d568e5cc71b032ff4cb5229089d79ac699ac32d874db3ae0
client-png/android/resources_vn/image/ui/welfare/common_icon_dld.png	7640	18ee6eb2df875967631138ce60d561596aa569e67811b18730523baba1ca9c55
client-png/android/resources_vn/image/ui/welfare/common_icon_dzhg.png	5478	b630faae6c12c9048b950eebb6204f3a19d599402a20b2aab33118ad4264f591
client-png/android/resources_vn/image/ui/welfare/common_icon_fl.png	5708	a3c0e300e30fd1899923515ce520da2300f401b5d2ecd43c3c671f5cc1aca4ae
client-png/android/resources_vn/image/ui/welfare/common_icon_ghz.png	7042	c443015a21115121bb574a73d4af7f1f8e00d67aead0b0ba2fdf01fe4ad41b93
client-png/android/resources_vn/image/ui/welfare/common_icon_jrgonghz.png	8542	369b07556ab25a3cdfd3d60c171bb8f0fbe113b5aab14413765c46b9f6821163
client-png/android/resources_vn/image/ui/welfare/common_icon_jrpws.png	8104	b0202abdac6d94a6b6cfcc947312a5630725df7df5aa7771fc1e8d56dac90ff2
client-png/android/resources_vn/image/ui/welfare/common_pic_pws.png	269792	b102b190a146f50a5a7f6dadef21202a03555d29425935dc5e13bc79123cabf7
client-png/android/resources_vn/image/ui/welfare/common_pic_pws02.png	266235	72d642abf7230747305400fee8b873ddb5506c6a212cf247f04fbbfb0f0b6648
client-png/android/resources_vn/image/ui/welfare/common_pic_yxls.png	259444	34e8720e6678018059e38811ad9f4327a22652014004217f5b21d221b37aff2f
client-png/android/resources_vn/image/ui/welfare/hero_icon_canjbs.png	5991	4704d2674f93c4c553bd5888c974b38ddd37d4235b8dc9d0fad661228fd27e29
client-png/android/resources_vn/image/ui/welfare/welfare_pic_czjjggt.png	53742	81bbdbd950e6dde324e48657da2c73fe07a0b62b14bc53c47dd25b56fbd0e2e5
client-png/android/resources_vn/image/ui/world_boss/common_icon_tz.png	6060	3dee191b4d4547af061c57201eea92099bba1c689fab71ea594fa0a5ddd6e5f5
client-png/android/resources_vn/image/ui/world_boss/common_pic_wkqzt.png	66787	9f8ace73e1d97b080e3c5f20f607c3ccd50efee84a0cf9ed1c92b222645f900e
client-png/android/resources_vn/image/ui/world_boss/common_pic_xebl.png	148650	3423effe76e0afd130f5090cec8c5bb33b347cc77c10a80ad116d4cfff0aff03
client-png/android/resources_vn/image/ui/world_boss/worldteamboss_text_001.png	2402	9f6a5d1598f1f20d8935c59843ae7d729069c90188d7cd3d552a0c194d1617bb
client/android/resources/lua/city/WndOwnCity.lua	104285	83112634ff43cdf5ea8e71278e9d2aa6052de1bc5856bd9c761015c71f861ce0
client/android/resources_vn/armatures/battle/ui/boundary.atlas	1494	34fe6bc3aedfa0f66597fe0e7bb5d2d0b3801ead0bd318f31cfc51cb564a2fcc
client/android/resources_vn/armatures/battle/ui/boundary.json	4404	586482405de99066e5ad796323f7a096bfbeacb2474b646fa9ec286553b85e67
client/android/resources_vn/armatures/battle/ui/boundary.pkm	262160	4763723c4bcca8f8ae9a3d2b0c2d804c65bfc85664f1e9a67b954344db8519e0
client/android/resources_vn/armatures/battle/ui/boundary_alpha.pkm	262160	0e79c90668ad694f77d0408e1d1fd8ee64b25f0367e76e14a0e72055364654e2
client/android/resources_vn/armatures/battle/ui/gonghuizhan.atlas	1417	b85b69bff5ef2b40e9cc23e8e969a3cbec57c31e47c4d2d48b456d33f2daae4f
client/android/resources_vn/armatures/battle/ui/gonghuizhan.json	3104	27b692d2573c6d1843aa5857fcafee7b7dfcad2d1e8eb3498e60ad8087523085
client/android/resources_vn/armatures/battle/ui/gonghuizhan.pkm	262160	67180195c92a46d1b6455f3e54b016315ff541b5efbb2f19c7e0b41f23dfd0c5
client/android/resources_vn/armatures/battle/ui/gonghuizhan_alpha.pkm	262160	ea184cb1341cb95a5650088667950cbc5597ddda826dfa82e532c4ad3cab51be
client/android/resources_vn/armatures/battle/ui/ui_battle_angermax_01.pkm	262160	f7036b6564a4d36b0693caa9c760a00a3700baf4ee0745af17e5dab46c6a854f
client/android/resources_vn/armatures/battle/ui/ui_battle_angermax_01.plist	4443	47c383e0333f5b5ce0e35864291d2bbb3c8680a0f67374dd23839b37ede33dd1
client/android/resources_vn/armatures/battle/ui/ui_battle_angermax_01.xml	3719	5564e46f308616fe51f06618ba20602e26f00e07589c4e6fe7d8b7ddc38eacc6
client/android/resources_vn/armatures/battle/ui/ui_battle_angermax_01_alpha.pkm	262160	3ca2a37329ba0850d885850c3fb2e67aebde311f56c76405495c39182d987d93
client/android/resources_vn/armatures/copy_settlement/fail.atlas	483	50f515311d7982f9976d210ca62c858cfc79ef6526b6f3553efaa51f1f34029a
client/android/resources_vn/armatures/copy_settlement/fail.json	3681	b156be955833a74961a62c94c473e7078e8345ac2387f18d271b03a770979603
client/android/resources_vn/armatures/copy_settlement/fail.pkm	131088	fca87e1b30d2bd1e0d2356e0d34abe2119368771065af5775ab1f15fb4c88e4d
client/android/resources_vn/armatures/copy_settlement/fail_alpha.pkm	131088	faa1e37a4a9facad9678c56b052928bfaf21448570bae4646cddf396807c142c
client/android/resources_vn/armatures/copy_settlement/over.atlas	3548	6171f27fbed442555d702c9da1929dcc43926526247472317d7540f2da9badca
client/android/resources_vn/armatures/copy_settlement/over.json	23298	493522558fdc1e705eff7d00eece88c82a9e8dd0d13b9975dae193e7e2ad3459
client/android/resources_vn/armatures/copy_settlement/over.pkm	262160	b10b456ae4ff71b6e95f4750bf4e99ce8e75c84e739f3a7565dbb34088863b38
client/android/resources_vn/armatures/copy_settlement/over_alpha.pkm	262160	ea58a7112758a0565e6afb4825dc2132c890b90379b6e1908a867175c438ca9b
client/android/resources_vn/armatures/copy_settlement/ui_jiesuan.atlas	1904	6c60bab64d98133652fa4ef93972cfe2e4c6657246ed7bf817a00adc0a10b8a0
client/android/resources_vn/armatures/copy_settlement/ui_jiesuan.json	410695	c8d4392769f17b7423712d975069c1e0eaf8a0a3aaa3cc6aa3def5488e1d2865
client/android/resources_vn/armatures/copy_settlement/ui_jiesuan.pkm	524304	d79c87ccca1106864e000ed9a9a1311d4fa5997f3178c600340908e65bdc4c0d
client/android/resources_vn/armatures/copy_settlement/ui_jiesuan_alpha.pkm	524304	c08b45973d1159846ded491a4a491fe70ee7a90525a4f472a1346bf19ea303f4
client/android/resources_vn/armatures/copy_settlement/victory.atlas	2079	594ae1a91eebb3270f0603fb724befae7ae485353b0396779d9e9ae5a5cb7abd
client/android/resources_vn/armatures/copy_settlement/victory.json	67756	290395e2aa2eede2926f7f5fc0c26ab3546ab2654d524d835aa34865731c366b
client/android/resources_vn/armatures/copy_settlement/victory.pkm	262160	8deffa5d6cc45622a76179366213c57ea217c76a4d09d448fcbc22d7efa26c02
client/android/resources_vn/armatures/copy_settlement/victory_alpha.pkm	262160	31ca7acb90c5a8ee9d7b79f443fb8ef4635e613d2cad308c7bf81a70a44531ae
client/android/resources_vn/armatures/copy_settlement/win.atlas	470	2c23c0d7fafdcde5e58f5ec9436c1ee9ad92ffa1a70c25f7217330931526da51
client/android/resources_vn/armatures/copy_settlement/win.json	6568	ff79fb510e72566dbb7735cdbbb2f73460084ad343eff308ab97d31bfdc0ad0c
client/android/resources_vn/armatures/copy_settlement/win.pkm	131088	2772d3aa6ae4812c1a2b2c4d484bad82008738e775a26a0391dc7c6fae17bb2b
client/android/resources_vn/armatures/copy_settlement/win2.atlas	3560	1adb90d95a818b858abca451784bf30a3b292ed9505b9e023e4bee0e4580fa5d
client/android/resources_vn/armatures/copy_settlement/win2.json	23298	4d09be5b2972f6392e49ff0f8e682a4cc49f1cdfb3fefc2ba8fbab9ba711d0cb
client/android/resources_vn/armatures/copy_settlement/win2.pkm	262160	9751c6ebce0de80f1eb47570b00e86f51d123671db7f9a194dfa7dbc5b8eca0d
client/android/resources_vn/armatures/copy_settlement/win2_alpha.pkm	262160	fffc1aca315e00e4a7a6ef484fc800a8b4fece153729cbabbc766f45a274abd5
client/android/resources_vn/armatures/copy_settlement/win_alpha.pkm	131088	ea74da8da01fa721b110994e330be329d72baabf7c1893a0f0ed366d2589a2f8
client/android/resources_vn/armatures/copy_settlement/zudui.atlas	2320	17d0c3019c1679e4db83434ee526a86538087649ba6209186bf7b1013352dd7f
client/android/resources_vn/armatures/copy_settlement/zudui.json	70184	a1d6dc65831b6d82e84e63433c5416fd71d4a307a0aae6d270be04ffbbe6151e
client/android/resources_vn/armatures/copy_settlement/zudui.pkm	524304	c6350e2a634459a8588a1d77bda4f0d581616f59aa02b02cffbaab39afe71b04
client/android/resources_vn/armatures/copy_settlement/zudui_alpha.pkm	524304	ad972975acb58009ab9780e6be5f3093a9aadefbae4f213e40f5c4910a733eaf
client/android/resources_vn/armatures/teach/yindao.atlas	3645	308cad498f7c56c22fa47e54c886b3e6e4759eb84db987419db894071d8e1e63
client/android/resources_vn/armatures/teach/yindao.json	48164	4b82f6ceb0a117a42bde638385ff3d617ba6fef5763371dd784a37aa5390b94b
client/android/resources_vn/armatures/teach/yindao.pkm	524304	939b0ad922b6d4bc45397deb1d42bd671921336044ebace9406c2693ae15264d
client/android/resources_vn/armatures/teach/yindao2.pkm	262160	d46d661f4bcd2c98bff063eb9332616357c15de4c5ae1cbb964489d9cf8299eb
client/android/resources_vn/armatures/teach/yindao2_alpha.pkm	262160	af2d62c3f919ed7cacfc5ad284c27bb40da2133539fd5d1fce717919448c8fa0
client/android/resources_vn/armatures/teach/yindao_alpha.pkm	524304	ca9b990b96eb5780bfe7fa6d2e48330fb07bece19d1787c4c857e6313b5c70d2
client/android/resources_vn/armatures/teach_ios/yindao.atlas	3631	767bd641dd5058e342bc46fb7374e0abb293a9296f714f4e170c35b068e07267
client/android/resources_vn/armatures/teach_ios/yindao.json	48145	0a497760dfcee1e4d785ac5b3b381ca449df4c272159b0a78f97d94eb23fc40b
client/android/resources_vn/armatures/teach_ios/yindao.pkm	524304	b9a1ae23f76a10f77fca7e69ce253d3df5ba12e4c612fbec9923c4240ec1e79f
client/android/resources_vn/armatures/teach_ios/yindao2.pkm	524304	d8ebb2857a6a7a4981df92233117f55018d16b0232921124b601afaec6177ac5
client/android/resources_vn/armatures/teach_ios/yindao2_alpha.pkm	524304	a8bee850dc5cf5e07b054f0915b360f0021e2204c99207e1b2128ec84a5f0e2c
client/android/resources_vn/armatures/teach_ios/yindao_alpha.pkm	524304	519e7097fd27c98aaa2c25d5ecd01997161deb5c4e9544073890eee3b4b526b4
client/android/resources_vn/armatures/ui/common_icon_jxcg.atlas	576	27391d14eec6c1171a21d5a88eb44d92d2655d98a59b1684309637273192e0ac
client/android/resources_vn/armatures/ui/common_icon_jxcg.json	12044	0337b95c3da41b57e6eb2bc3dac54b5fff2def5d78c9cde7a0269869b29fdb44
client/android/resources_vn/armatures/ui/common_icon_jxcg.pkm	131088	30ad3b3f10aa09228588d806f907cf7fa0a2e0f986d061fd1e6a6fda393f5868
client/android/resources_vn/armatures/ui/common_icon_jxcg_alpha.pkm	131088	9e48ce334fe76a4a133cc42e13072b018ac44631aa02fe60854977e9f65ac3ee
client/android/resources_vn/armatures/ui/common_titleframe_10.atlas	4611	59bef993c3ecf16eebc2457bffdf0c944dab736e2d6886b12ebe8afae96b9cfb
client/android/resources_vn/armatures/ui/common_titleframe_10.json	23403	1f310b363854a8b9ce57010d19db5d2dbc9a7f717cc0c8dcac6cb3a5765b5451
client/android/resources_vn/armatures/ui/common_titleframe_10.pkm	131088	9560903b0bbdc5cf3be2711dd322a5ad3394a1b12956c44dac4254af2dd574fc
client/android/resources_vn/armatures/ui/common_titleframe_10_alpha.pkm	131088	4cb6a0338d9ffdd7824a4335e9a64af2c0b57b4ac0d741e623149a5b70a07752
client/android/resources_vn/armatures/ui/ui_chengjiu_effect_01.atlas	1195	7d78f82f1292aaa80575c22a283ddbbda21f4ac0922f9a62a9ec5b471fa98d60
client/android/resources_vn/armatures/ui/ui_chengjiu_effect_01.json	19897	5e9c9e83b4d4b19550846ca8b9e5ad45bfaab49bbe8ef58f6351d04810ad15a4
client/android/resources_vn/armatures/ui/ui_chengjiu_effect_01.pkm	131088	b21f30b44660f88003d39cebc524742934cd1a5d85fb9a2a05b9a8af1a6df638
client/android/resources_vn/armatures/ui/ui_chengjiu_effect_01_alpha.pkm	131088	e9347d64b865e18cc1d995ead65311bc6ad42cca2602428d9f8fe0ae73e2702d
client/android/resources_vn/armatures/ui/ui_create_button_01.pkm	262160	c31f2b404f9431744cc07aa8b9c8296e32c8554ab5edfe72807432e849c4d6c0
client/android/resources_vn/armatures/ui/ui_create_button_01.plist	5193	2020fa08626f2caa856b3fed7517245fadecbde9a36d196f12ee24de6f541af9
client/android/resources_vn/armatures/ui/ui_create_button_01.xml	4197	a714329262ea51377457049d66fd4b7ddd376c215017c0a535f809f25625fa52
client/android/resources_vn/armatures/ui/ui_create_button_01_alpha.pkm	262160	4a099444c6c09f8e3df383ea1785dffd00e1684cc3deb2343f29b779e61473fc
client/android/resources_vn/armatures/ui/ui_danrenfuben_saodangtext_01.pkm	524304	475c8b8ebda425e5a04cd98c3dbcfcf0d1e867a261ce4495574c6ab6b234f4e6
client/android/resources_vn/armatures/ui/ui_danrenfuben_saodangtext_01.plist	4143	e11540ed81951a33384611541fbb7c28da650664abaa8484d6c84be420f8c22a
client/android/resources_vn/armatures/ui/ui_danrenfuben_saodangtext_01.xml	4524	027a75d50bf4b1d30f9ab5c77d21a5cd5fe9142f4a081ca733b0fa9a6749f383
client/android/resources_vn/armatures/ui/ui_danrenfuben_saodangtext_01_alpha.pkm	524304	8cd8e7e6ffcd2e40193114a0f3103cbc5ec4bc05f77e723058cf47e6a9cbcec5
client/android/resources_vn/armatures/ui/ui_enaiup_effect_01.atlas	2498	a9e0c4072d5afa413b297a0abb5044f8b815de6df4b19af926f99e84d49cf0fa
client/android/resources_vn/armatures/ui/ui_enaiup_effect_01.json	91298	641a36db744f76d3580fe177ae0899cfd12871d91b798fe5a2cc48f27b257107
client/android/resources_vn/armatures/ui/ui_enaiup_effect_01.pkm	262160	039ba51040567fe09267e0948403a11d9acfd8dbb4c1155645a65f62b29c98b0
client/android/resources_vn/armatures/ui/ui_enaiup_effect_01_alpha.pkm	262160	af024a919322edea5b80972a190b37cb479d6f27d57cde248b929278c0d8acb1
client/android/resources_vn/armatures/ui/ui_lvlup_effect_01.atlas	1944	d6353826e9007d75d82fb2911a34cabbdf40140ef06bd0415c9eadf07c1cc6bf
client/android/resources_vn/armatures/ui/ui_lvlup_effect_01.json	47691	2330479a9740fdece767bfc9624f4c6ea9203ae095047e254ce7c65b32423360
client/android/resources_vn/armatures/ui/ui_lvlup_effect_01.pkm	131088	26c1ba96890b712906a251931fb81950c60b1cd1d17d920d7ea35f7fca80d0c6
client/android/resources_vn/armatures/ui/ui_lvlup_effect_01_alpha.pkm	131088	074c08b0dd2eb8c0d6ff65f1a43fe93fd422f92eb06458c702c88390ed74afdc
client/android/resources_vn/armatures/ui/ui_xinghun_jhcg.atlas	528	8f37b136d9e31d2e3caca869da64a60397dbdab52143304791d0537586701561
client/android/resources_vn/armatures/ui/ui_xinghun_jhcg.json	9183	fd9dd03bf11f1057a8aec2b1bcb91312bec5bfb60a2c595b2b4d982d018b0629
client/android/resources_vn/armatures/ui/ui_xinghun_jhcg.pkm	32784	4e4b185605d3a287ba13a393950661027c80ceabf671ef85581491e2b6c2fea8
client/android/resources_vn/armatures/ui/ui_xinghun_jhcg_alpha.pkm	32784	583adbfb0f8b2a7365eb0e76e8dbe3ff2f0d2b6a11b900358e9bc685557e2a21
client/android/resources_vn/armatures/ui/zhaocaimao.atlas	597	55203f019f85fec8aed0c34f22688e4b6b52623cb1f0e6578597115bd08a64ea
client/android/resources_vn/armatures/ui/zhaocaimao.json	9443	ecf3232b5bfc3ceab44042f6db1860d5b86bcaa66b64c5d6fe67b83813750dd2
client/android/resources_vn/armatures/ui/zhaocaimao.pkm	131088	fe5b67303a60d3c7a8b1f945f22c9169f98dcabb5849c5b44d45b4b1f79242de
client/android/resources_vn/armatures/ui/zhaocaimao_alpha.pkm	131088	f67a5bc5bf275a2e6777ed3c7fc2e7c757912cc1b233b8175b8af9236a75c273
client/android/resources_vn/image/ui/Hall/bag_btn_jiangli.pkm	2464	0b55977b6c76dec6e8e800bee18a2237c6169ffe4da24f8315130a9b6ec2765c
client/android/resources_vn/image/ui/Hall/bag_btn_jiangli_alpha.pkm	2464	d8f98009e94baeca33ff56f18e92665cd4ea0b7d6abec6bc927e626e149c99af
client/android/resources_vn/image/ui/Hall/bag_btn_jiangli_sel.pkm	2464	6c4b347bda0043a0af2e13154c315df4a2d628b2244e275a4229e5d9b4262c18
client/android/resources_vn/image/ui/Hall/bag_btn_jiangli_sel_alpha.pkm	2464	7c70806d4bc826bd036991f584b12be4d15f350e7d6d864e4319c0b43c895c8f
client/android/resources_vn/image/ui/Hall/bag_btn_shangdian.pkm	2464	a4ed0f31fb58263019359778e0a5f8f4af04ca9564eec534c2632a78fce01f4c
client/android/resources_vn/image/ui/Hall/bag_btn_shangdian_alpha.pkm	2464	c5b2f977644029c469b34c9490f0bdfd73a2851615d3a48dec1e8889e91bbcf4
client/android/resources_vn/image/ui/Hall/bag_btn_shangdian_sel.pkm	2464	46b3544b1b4879a0f45440b71ca27d3ebf7e7b37658ca7923b4343adb14c6278
client/android/resources_vn/image/ui/Hall/bag_btn_shangdian_sel_alpha.pkm	2464	af20ad4e5baa6900395efce8b899a8517ece16b7738fa792ccc5fc9bc10c327c
client/android/resources_vn/image/ui/Hall/battle_icon_jiangli.pkm	2904	3ac7c757f3390dd22a4a029310b453aa0d2088f0c8b99c8cdc5fa18ccc9617e9
client/android/resources_vn/image/ui/Hall/battle_icon_jiangli_alpha.pkm	2904	93fc9e6ba57d3580b3dee59b62e2f18f55ef847a64cab48e70b4bbc5ecce9276
client/android/resources_vn/image/ui/Hall/battle_icon_jinengdaoju.pkm	2464	7f0f7c7832e49366221f1809404774a55c6087803e38a0a0e5ce365bc6cd4d2a
client/android/resources_vn/image/ui/Hall/battle_icon_jinengdaoju_alpha.pkm	2464	38626d9ea4f2f28b06ac1ac6925ce45fe3d95916966eaa5b99a9e35548c9ac9a
client/android/resources_vn/image/ui/Hall/battle_icon_shijie.pkm	2752	587cb65d4c1e32489d1a8f8c5c07fa94b18603cf33c322d054ea4ae96aa2d3a0
client/android/resources_vn/image/ui/Hall/battle_icon_shijie_alpha.pkm	2752	974c3ec8a1c9e2040bb78dd26c9a5e440218f69d454587b10405ffe710fff6c1
client/android/resources_vn/image/ui/Hall/battle_icon_waiguan.pkm	2192	654cdc8a7330ed102d2c7a182a760e095ca365e42e279e780cfd2e3ace0b8331
client/android/resources_vn/image/ui/Hall/battle_icon_waiguan_alpha.pkm	2192	1d31f662a79e85a7b619f6eb068eb3151e12b9cba96cedc0bb3c05cf2243dc2b
client/android/resources_vn/image/ui/Hall/battle_icon_yaoqing.pkm	2904	bad6c3bc63e9e253edfd9a1e43535faebc83f4b465e50ceed4a7be2fb64926c0
client/android/resources_vn/image/ui/Hall/battle_icon_yaoqing_alpha.pkm	2904	da3c1cc27a7738f6b124ab1b1ffc5d2780eb4fb0ef8b57775dca3676506e9313
client/android/resources_vn/image/ui/Hall/common_icon_adventure.pkm	2896	c633a29b132f58e9b2b8396a44dab042e3dda667a14f95392525a53b8326b2d7
client/android/resources_vn/image/ui/Hall/common_icon_adventure_alpha.pkm	2896	6b373f0df669b39da6ccef4455a0023079474be4f3ec8ad7abe91498d5434326
client/android/resources_vn/image/ui/Hall/common_icon_fangzhu02.pkm	1808	2a41d0ca8da0d3962e477fcfdbc46ba200dbd7e3648ff52d322f1e6cc9e364b3
client/android/resources_vn/image/ui/Hall/common_icon_fangzhu02_alpha.pkm	1808	189b0f0ff7786450987d872dc6409043536210eb390a8aaa7ba2c703f1fa3941
client/android/resources_vn/image/ui/Hall/common_icon_jdmx.pkm	3096	47d23d3920870336a9dc94a0dcaabd8966b98dc5e0658946c5c779d6b5841c3c
client/android/resources_vn/image/ui/Hall/common_icon_jdmx_alpha.pkm	3096	038b441c96da436f2b66a10447d83dfeff4760b087cb418c8de9dbe783a92e27
client/android/resources_vn/image/ui/Hall/common_icon_jjdjts.pkm	11792	50f3853cfdde7bd5c52cdd5ab12f7cce44a5a31492b11884ca834d1f22585e90
client/android/resources_vn/image/ui/Hall/common_icon_jjdjts_alpha.pkm	11792	b6333739d01dbb117025b548b2c2924f1d755e5f953093a4bf4e30b48542098e
client/android/resources_vn/image/ui/Hall/common_icon_zhunbei5.pkm	1096	6d18c7d2defa2ed420d133b553c50f2b7fcd60c5726f5da72293c3aa85345a33
client/android/resources_vn/image/ui/Hall/common_icon_zhunbei5_alpha.pkm	1096	f822a9ec63757f1a4456e13435b75b1340dbd82d26fa08c196ee0958fcedd1c5
client/android/resources_vn/image/ui/Hall/map_icon_genggaishezhi.pkm	1416	ac843f2ee8d5bff0c90a0f58f3d24bf871ab21ca21f4ddeaebf7a4bf3fb2913f
client/android/resources_vn/image/ui/Hall/map_icon_genggaishezhi_alpha.pkm	1416	682fb68dc3b16336bb562a4ea4ff8f05ec64b4da70b00f3e6fec9e5505565ee2
client/android/resources_vn/image/ui/anniversary/zna_wenzi01.pkm	18736	97f028edc0a112ff33a6cd378776e8bc77cc0fc1bd1a4b486abdf3e4e3f3dddf
client/android/resources_vn/image/ui/anniversary/zna_wenzi01_alpha.pkm	18736	3927a9a2f2e7dd4dd37b023bf1fed5b4d76956d35347753ee75c734e974b2c4b
client/android/resources_vn/image/ui/anniversary/zna_wenzi02.pkm	21184	40fa65cc9edfb3f68e1db088e7faac84db4331ec02de662b29959bd311e70674
client/android/resources_vn/image/ui/anniversary/zna_wenzi02_alpha.pkm	21184	9536705b7fded63a057d61ecb8741acebbe1bad2b8e7d81717d432c8f115fd87
client/android/resources_vn/image/ui/anniversary/znq_icon_yh.pkm	4064	7ead9f8c091c34dc6abf8fbc2b87b48db1eda2e9479c5ffa4aa91022f9e10940
client/android/resources_vn/image/ui/anniversary/znq_icon_yh_alpha.pkm	4064	2ef80ea7f84a000841fa5a46301dc3f2223582ac6153e6892298caa881a00461
client/android/resources_vn/image/ui/anniversary/znq_pic_01.pkm	151696	acd4e2f7f1299f06ec056a9ac0af8b7653cacbdf833e4202284fd20603fce2f5
client/android/resources_vn/image/ui/anniversary/znq_pic_01_alpha.pkm	151696	4cf1c2bbc9bb5193d9f9c2814b8990dea4e07ddfbc4dd795e6e1d7b4215fc549
client/android/resources_vn/image/ui/anniversary/znq_pic_02.pkm	151696	cb0e1fa66833c589dae12eb4994ee9c676be86c9fa42e379f8ad42609ff4d2a6
client/android/resources_vn/image/ui/anniversary/znq_pic_02_alpha.pkm	151696	43b46ef249883cd7871bfe9013ebb3d4f7e3b74a1052912af2faffe62d62a525
client/android/resources_vn/image/ui/anniversary/znq_pic_03.pkm	151696	f51ba441bf45cc297c8d80f2e935383a28fde586e45a927220a97fc615e59daa
client/android/resources_vn/image/ui/anniversary/znq_pic_03_alpha.pkm	151696	b113d5c5f63895d89fd0a5a8f4e3aefb1424f216b32e56c75ff671b6d1228984
client/android/resources_vn/image/ui/anniversary/znq_pic_04.pkm	151696	0a062b52e77c813aee9c2c2be36180496af4f112b989cefc261fd39bb44958b2
client/android/resources_vn/image/ui/anniversary/znq_pic_04_alpha.pkm	151696	574c9c82aec6558b49803f19f786cd3ed64bf3a30ad87303716041e197bf15d7
client/android/resources_vn/image/ui/anniversary/znq_top.pkm	38064	39b14619b7c3e101cd8a96a4719150e05f484c83f02893964086ca8832bd9c33
client/android/resources_vn/image/ui/anniversary/znq_top_alpha.pkm	38064	47bb96ea70368cd8f47851083853605dcfb74545106396a1bd5cf2bd5e88a0e2
client/android/resources_vn/image/ui/bag/bag_btn_baocui.pkm	2464	c368b1b511c9bb58fa080774a9adb45eed9569c63b9766c2317a604e605bc399
client/android/resources_vn/image/ui/bag/bag_btn_baocui_alpha.pkm	2464	6ce58afb5324691e75a66529f08af3482371a4c8b1f600559c984ada4d550716
client/android/resources_vn/image/ui/bag/bag_btn_baocui_sel.pkm	2464	13fea7e921e5d76d151fac8e8fdca17788f67d2d3264a249857d3be0db0467e9
client/android/resources_vn/image/ui/bag/bag_btn_baocui_sel_alpha.pkm	2464	e0f6261ab3252d49395736af67cc9b828072b0e6e58edcbf0fd5f2835e2fd916
client/android/resources_vn/image/ui/bag/bag_btn_beibao.pkm	2464	1f53f3ae5a71c0561bb4b76c1078f5016779db5cb20f486319d639e698a75af6
client/android/resources_vn/image/ui/bag/bag_btn_beibao_alpha.pkm	2464	d39f51c54e4db67bc6e29ca2bbba1ae113c510480b470c18cc48fb5d82cde0d4
client/android/resources_vn/image/ui/bag/bag_btn_chenghao.pkm	2464	6e351e98e300b9818598da00ed02a4f0fe003e3e92b2f1c24992807e96fcb1f9
client/android/resources_vn/image/ui/bag/bag_btn_chenghao_alpha.pkm	2464	75b79880e173449c29a3d2fc90e81104588690867fe2a4cfeb778eaf0c88fb6d
client/android/resources_vn/image/ui/bag/bag_btn_chenghao_sel.pkm	2464	efacabff7994068a4e1ead40f2a741356441898186d447f89f12a443fbbad0ec
client/android/resources_vn/image/ui/bag/bag_btn_chenghao_sel_alpha.pkm	2464	dca67d4236af60e5676c243a1b969939da4571e1f2a9ea4b0efd3bc397c860b9
client/android/resources_vn/image/ui/bag/bag_btn_chushi.pkm	2464	70cf3d886e49a3ab323651ea906aff5db832725b6394915acb88913e5b36230d
client/android/resources_vn/image/ui/bag/bag_btn_chushi_alpha.pkm	2464	11c52963ebcbd312e9209f36e7fa0c68c6e26cf0608bd063be9907a99083a762
client/android/resources_vn/image/ui/bag/bag_btn_chushig_sel.pkm	2464	5b73182984690fe0db43adce4dbe2c4b131fe162ac8a100c7fc6938c45920541
client/android/resources_vn/image/ui/bag/bag_btn_chushig_sel_alpha.pkm	2464	447c63872947256008625e4acb195d627295f92a20fc48ba98f590c5fb5835cf
client/android/resources_vn/image/ui/bag/bag_btn_luxiang.pkm	1096	7c263208b354a428aa1516b2dafbc26bc14c317e67791a92faff9032e72a973c
client/android/resources_vn/image/ui/bag/bag_btn_luxiang_alpha.pkm	1096	3c466e102a7df3c66ddceb3e83e4f23a67709bda49d5ce696d527d87888cd20d
client/android/resources_vn/image/ui/bag/bag_btn_luxiang_sel.pkm	1096	788b1f4785bc7c925cf536e921ba8275faff873d62eebf58105fad7b69db6067
client/android/resources_vn/image/ui/bag/bag_btn_luxiang_sel_alpha.pkm	1096	836296b1d7a558e89eef0e835e073bc556ef74d7275b2d44b6a1123faee67faa
client/android/resources_vn/image/ui/bag/bag_btn_paihang.pkm	2464	4dc9c7115434a7780555e8c1499f7963ced5ca5e34d25615e0f5aa358ff557b5
client/android/resources_vn/image/ui/bag/bag_btn_paihang_alpha.pkm	2464	e73319477b214e8b3258e9529086c65d92aa6aed3152dc191e863c0dcc0937ec
client/android/resources_vn/image/ui/bag/bag_btn_paihang_sel.pkm	2464	d3b7332338241a3cc97380f650a956c80c7c64b70755b3d18771d3224db4bff7
client/android/resources_vn/image/ui/bag/bag_btn_paihang_sel_alpha.pkm	2464	47e20a1d1ebfcc986f036b03159730d45116fbf5d6c165f1ecc5f82c081923ea
client/android/resources_vn/image/ui/bag/bag_btn_qfsx.pkm	1936	2c82f4321f1abbad84452547cdafe70d9151b57c03ad6f6a621e272b7943fcce
client/android/resources_vn/image/ui/bag/bag_btn_qfsx_alpha.pkm	1936	ee433f1377e02b45edd584ca0809e28a0e2c9ef6ee4d6d72f64b6110e6b9340d
client/android/resources_vn/image/ui/bag/bag_btn_shizhuang.pkm	2464	47f698284b0e9e94c40ceb38ad8f74488675bbadd855a28852b94e502f611606
client/android/resources_vn/image/ui/bag/bag_btn_shizhuang_alpha.pkm	2464	1d13b23ded6b1a34257dfcac7258b875743abc668dad21dcd655c5ddc3edfc58
client/android/resources_vn/image/ui/bag/bag_btn_shuxing.pkm	1096	93357c3c4f5fac8284916efbb089c4897d3d75453753fc447eb3c04d7983e4be
client/android/resources_vn/image/ui/bag/bag_btn_shuxing_alpha.pkm	1096	96981a07ed8f2aeb88faff4ce6c454c2a751691a91875b80864f52842ed8a84a
client/android/resources_vn/image/ui/bag/bag_btn_szsx.pkm	896	c304698f5b85a6cd7acdc87497f023c98ed83afb5b0a50cbc85ab2ababc8b402
client/android/resources_vn/image/ui/bag/bag_btn_szsx_alpha.pkm	896	bda638d1038da4e3e761f1e041e6879d9a00568c4530934e05be463e2c401a75
client/android/resources_vn/image/ui/bag/bag_btn_tuijian.pkm	2464	333ca606b59e43a945d3492a55c41035e8ed9650a346dd40104a23a0817ad850
client/android/resources_vn/image/ui/bag/bag_btn_tuijian_alpha.pkm	2464	a43e7dace4f309682d8b41264f13289123fb8d8b69d16f1e7a298b828948323f
client/android/resources_vn/image/ui/bag/bag_btn_tuijian_sel.pkm	2464	9ec62e5d87f42231894884ca488977d9ae2f9bce3cf2e3cf73e5cf8c7eac16a7
client/android/resources_vn/image/ui/bag/bag_btn_tuijian_sel_alpha.pkm	2464	5365e3fc21fca8a869523a92a1221ec6b90df5d92282adbe918d36bd872b996c
client/android/resources_vn/image/ui/bag/bag_btn_yichu.pkm	1096	d45f88fa7547bcd87edce1e4b22ed0288b7ea4e261d08370319dd5d9791f3caa
client/android/resources_vn/image/ui/bag/bag_btn_yichu_alpha.pkm	1096	ce9426a4739f15ee97da2f8f9b6a5d56a88d5a07e4b5441ceec0f1945ae7a284
client/android/resources_vn/image/ui/bag/bag_btn_yjzb.pkm	896	0f02d0d66b334a1866ba80e0fbc37ff4a8fc2efbf17b84a9c501b627f1a62ebc
client/android/resources_vn/image/ui/bag/bag_btn_yjzb_alpha.pkm	896	d3753008e2b94dbcaad75948436f7b34ca787d90827507c8ec5419cfb758d43d
client/android/resources_vn/image/ui/bag/bag_btn_zbsx.pkm	1936	c91bea5ca0c541d8ea4197d6f053d9b98e064ddfd8537e29a025d410d744c6d7
client/android/resources_vn/image/ui/bag/bag_btn_zbsx_alpha.pkm	1936	3702fbb2d98b5822e1a88791a382ed6aba452c8409ecb23816c7a1a7a73d536e
client/android/resources_vn/image/ui/bag/bag_btn_zhanji.pkm	2464	39e36441fb6ee717394509502ee4650dcbc7d80d1dfafe3f8c2948648d958135
client/android/resources_vn/image/ui/bag/bag_btn_zhanji_alpha.pkm	2464	ba293c38ce3511aa4de116b06c6eb278745681b1cadb89cc1431f63697196d83
client/android/resources_vn/image/ui/bag/bag_btn_zhanji_sel.pkm	2464	014b329285b5c811a8b58e174b7a06a50432de62d3dad741ad1a317abf239528
client/android/resources_vn/image/ui/bag/bag_btn_zhanji_sel_alpha.pkm	2464	dcdedc1c05b5fc11381f8e03276aed091c4b07475d08a8815ac70b1729ac6388
client/android/resources_vn/image/ui/bag/bag_btnyichu_sel.pkm	1096	f7527b33f3e9bb8165809be03c59fb75d2f3d809132b9d143036ef2543f7102b
client/android/resources_vn/image/ui/bag/bag_btnyichu_sel_alpha.pkm	1096	d53a612688985f7af0e99d7ddf8b0034c43a30882693e1a44b90225ceb5a217c
client/android/resources_vn/image/ui/bag/bag_icon_beibao.pkm	1456	b127ff58c321435e94dbc8b2fbd06568678f59abc5d972adf48e005878a0a529
client/android/resources_vn/image/ui/bag/bag_icon_beibao_alpha.pkm	1456	dc40308454546f76a94351dd0936ed1676d2eade7fbc2a4f35383d7757a8c9ab
client/android/resources_vn/image/ui/bag/bag_icon_tuijian.pkm	2056	8d54e433a0626cd9f244d301b4ab3d8c1034e5e04604657f09a6155df78d65da
client/android/resources_vn/image/ui/bag/bag_icon_tuijian_alpha.pkm	2056	7c0acc3971a89fefb8f30a26753e1ed5999f230fc525fd606038e99b20bf2402
client/android/resources_vn/image/ui/bag/commom_icon_sc2.pkm	1776	3bc1c1d3acf31c4918b4c981991449a946ce5d24eb5ab550c6e8ba79f3a2f0b1
client/android/resources_vn/image/ui/bag/commom_icon_sc2_alpha.pkm	1776	83a14c761acd308d4960d7f8bd7e8821c2d8dd62b0208fa3f0615197f7aea9d9
client/android/resources_vn/image/ui/bag/common_icon_bcz.pkm	784	046b2798cfc9db0d7b72d5db1067da1ca2b8a08b764a31b1ab09d06b0e95b500
client/android/resources_vn/image/ui/bag/common_icon_bcz_alpha.pkm	784	1b6a4962d25a79e65867a305044349fce2c8af7c216d0bfb3e00d3e6165dc6c2
client/android/resources_vn/image/ui/bag/common_icon_changjiu.pkm	1456	f4f79afab4790eef3f6eb243fe5ad21cfde251ed835e5f5568160205a405d9ab
client/android/resources_vn/image/ui/bag/common_icon_changjiu_alpha.pkm	1456	4b2dc43d3f6fc9eb41eef3736381cbf5c84cdaf0f85924cf1f1ec82a263a3b2b
client/android/resources_vn/image/ui/bag/common_icon_sx.pkm	784	669cadde72cba865aa110f9a5c772447e4f216003d23c6c26b03c9f4c02971c3
client/android/resources_vn/image/ui/bag/common_icon_sx_alpha.pkm	784	5b6d0084bc0c5d48f2fd4c44effbe5d257ed240c51c30aaf175a555045458993
client/android/resources_vn/image/ui/bag/common_icon_szzljc.pkm	2768	199fa2dd184443cff75a8af3fdba78896db5c5d9745684b9bf2ecae8f0696f77
client/android/resources_vn/image/ui/bag/common_icon_szzljc_alpha.pkm	2768	b00654f67bb5870f546d165251623a42c1acf58797b3e75d412cf8c145aac115
client/android/resources_vn/image/ui/bag/common_icon_xf.pkm	784	a9e2592224a9050ed6838603c5ebc69ba5378b947d7191e966da33d89a393703
client/android/resources_vn/image/ui/bag/common_icon_xf_alpha.pkm	784	3361860a8c618526ad660ede4cd947d3cc53a6504fc16c82b43bd3569e8e2ff4
client/android/resources_vn/image/ui/bag/common_icon_xx.pkm	784	8c15f90eab9cc52de14f5702cb5f26cc70f46714725c09384768cc8e7f51bd73
client/android/resources_vn/image/ui/bag/common_icon_xx_alpha.pkm	784	3f7fb1c4a00cccb32071de42bf316ab447af51cc4e452b7fe5e46a17bc39fedf
client/android/resources_vn/image/ui/bag/common_icon_yichu.pkm	1688	e700edf24825b7e98fffa679ef7d383af3f3203cbb4600c3db81c92e42161379
client/android/resources_vn/image/ui/bag/common_icon_yichu_alpha.pkm	1688	30bba049b42850bd32a758e4b6e927efc860f128304876951126b9252626971c
client/android/resources_vn/image/ui/bag/common_icon_yizhuangbei.pkm	2056	5bb35e1865a83071136c24de950bfcf9100c9f3af40d47c1bb5c27d44930e4f3
client/android/resources_vn/image/ui/bag/common_icon_yizhuangbei_alpha.pkm	2056	6080fb09f7944439799b05532c7c83611b2fd9fe82a1b798baeed4bbf6fe3ff7
client/android/resources_vn/image/ui/bless/qf_cs.pkm	1080	5a23ccec2094bd847780f17990d08c5fb5ec1120544005b3d1da146af5a51516
client/android/resources_vn/image/ui/bless/qf_cs_alpha.pkm	1080	c8b88b1116f74602c5811a95ea3b8240c8016b72e96c40c5209d8e09e493298e
client/android/resources_vn/image/ui/bless/qf_qf.pkm	912	91f8facc86d0ed00208a430bc0364f68f3cc8a0140900bcc0218f7dc51f1eaaa
client/android/resources_vn/image/ui/bless/qf_qf_alpha.pkm	912	a70dea23f8c9e20ca26f5277ba306bd9cb7e50327e1a83dbc7a5c33fce138429
client/android/resources_vn/image/ui/bless/qf_qfbag.pkm	1080	c74b40cfa47acc0c92b04c941481092a49301cc6a4fc3107207a2045b73aab16
client/android/resources_vn/image/ui/bless/qf_qfbag_alpha.pkm	1080	a1c5d4064b1857526eef2babb863f44b8c6dd53f9bf7824f7f67bdd6a11a5c53
client/android/resources_vn/image/ui/bless/qf_sq.pkm	1080	5d0cca358bd9b0d093ff485e780abd5c84f27ff18b7402795e814f6c9d43ff7f
client/android/resources_vn/image/ui/bless/qf_sq_alpha.pkm	1080	4952ce6f65275af3c8ac8395dd9e44b801f2d5aaaa38fda7ed1afdf4c08bb346
client/android/resources_vn/image/ui/bless/qf_ts.pkm	1136	3bdbc5e5a341e55a7b3ac5dacdecd49eddb77dfcb9e472e8ff278abe8608279f
client/android/resources_vn/image/ui/bless/qf_ts_alpha.pkm	1136	6ba73ee18691463d0667e41197826e905d90e59e95b06aba9393e3f78605b367
client/android/resources_vn/image/ui/charmSpace/common_icon_bzsdxhs.pkm	2144	6d948042eca49b4ecd85f31b9209c6d0c8e4eb461e60c57cd9da3b98a7341871
client/android/resources_vn/image/ui/charmSpace/common_icon_bzsdxhs_alpha.pkm	2144	56728fdb5a0b26eee37d459c00fcb6dad54f9be669c59ccacb42b15cdc36375d
client/android/resources_vn/image/ui/charmSpace/common_icon_zgsdxhs.pkm	2144	d699da2276889ce72a81204696f957ee1845bd9b230f671f8daa80f2ec8bd2d5
client/android/resources_vn/image/ui/charmSpace/common_icon_zgsdxhs_alpha.pkm	2144	7a767127db189cc04b339650288a76e0dc9530c8debf72a5ead42752be492da4
client/android/resources_vn/image/ui/charmSpace/common_pic_meilikj.pkm	41752	01884d0d7a5fe3a4a616f9abb59095d2ad7d34d46d1e5c604bbe772d01b08b74
client/android/resources_vn/image/ui/charmSpace/common_pic_meilikj_alpha.pkm	41752	3138b00c15496fc0d0c6f8068e640a206c3a7373b972cde144c61b4232657f3a
client/android/resources_vn/image/ui/city/beta/commom_icon_juese_2.pkm	1192	4ded0fc71944b5712a3e82c2bbff3bdab4102eacccb529ee633051d8d998ba5b
client/android/resources_vn/image/ui/city/beta/commom_icon_juese_2_alpha.pkm	1192	a4f9483f0ab2f44581b131fab08d4aea7439c0b1adbfad95ce975e0e876d8e42
client/android/resources_vn/image/ui/city/beta/commom_icon_jx.pkm	800	f88ba34cd97b7ef9cc1cb00616f7eda5b8ffe0247b4bf8573ba0b30fbe5e10d5
client/android/resources_vn/image/ui/city/beta/commom_icon_jx_alpha.pkm	800	c95cd62008e5f5e3eab11150070c57048a0b2df27e0c018aaa7cfdefaeb0bba6
client/android/resources_vn/image/ui/city/beta/commom_icon_wz_beibao_2.pkm	352	1641f55005e282c0ed7ad2232c155aaf2fb8ca492db94960e1570473829adeef
client/android/resources_vn/image/ui/city/beta/commom_icon_wz_beibao_2_alpha.pkm	352	8209d39246463635033bbc0d6db2145feedaaa31f32df9b5292c1333e95558b2
client/android/resources_vn/image/ui/city/beta/commom_icon_wz_bisai_2.pkm	632	b30e41f02c1210846e387ca6cee8626359bf6f790dc5f1d203ce9c6e426c4a3d
client/android/resources_vn/image/ui/city/beta/commom_icon_wz_bisai_2_alpha.pkm	632	763e45e651ca27c5c0ffe8a72c822e7546037d9f18844f847276649485f69cd1
client/android/resources_vn/image/ui/city/beta/commom_icon_wz_chengzhangjijin_2.pkm	1296	671653e01d6a9c7c6734bfc27cefb5f2fe7faec28ee57a59a8914f34ce586ee8
client/android/resources_vn/image/ui/city/beta/commom_icon_wz_chengzhangjijin_2_alpha.pkm	1296	e951c1ebe82bc9e36ca8bb4bc829a753de3751d2af66166bd9d2f42653910622
client/android/resources_vn/image/ui/city/beta/commom_icon_wz_chongwu_2.pkm	912	9c2526a9b4f8f179a6dc25ab2627fc7c2752577d7170d9802c75a14f6a7edbbe
client/android/resources_vn/image/ui/city/beta/commom_icon_wz_chongwu_2_alpha.pkm	912	4a244e92cf165329d18b66bb430fa985e9236edc93a4630838d2279e6bd8831f
client/android/resources_vn/image/ui/city/beta/commom_icon_wz_chongzhi_2.pkm	464	96d5c1714fa7afecc396ba4a4b38319d709fe4baa29ac132e1f596d2d7763662
client/android/resources_vn/image/ui/city/beta/commom_icon_wz_chongzhi_2_alpha.pkm	464	937b871b91fd988eb95c9be11c226f919e791dc4100aa2cde748ee262f0e8314
client/android/resources_vn/image/ui/city/beta/commom_icon_wz_daoju1_2.pkm	632	41572020c128dd0b183287523af28f25bb9884a337d2d0c8d63c802639dd09f4
client/android/resources_vn/image/ui/city/beta/commom_icon_wz_daoju1_2_alpha.pkm	632	651a4f14c87f0cefc0747842211896d7478f078bab054581810b61b4c60ce6d0
client/android/resources_vn/image/ui/city/beta/commom_icon_wz_diaoyan.pkm	632	33d01bd2b0b68531260f65bf3d9187c534826a5413034c645b0347095732ac86
client/android/resources_vn/image/ui/city/beta/commom_icon_wz_diaoyan_alpha.pkm	632	ee42362a307efef6368e97918c71abf8a83cbbdce2e4dcb98781cacc400b50b8
client/android/resources_vn/image/ui/city/beta/commom_icon_wz_duanzao_2.pkm	464	eb31e4dee05ceb8bac81bb6f5c58c62f82620b3f3139234d57afa0572c090bd8
client/android/resources_vn/image/ui/city/beta/commom_icon_wz_duanzao_2_alpha.pkm	464	8e02b4abdf19edb657b6f3cd32dcc3993e492cb7b75f6c26f6a53ddbc5220aba
client/android/resources_vn/image/ui/city/beta/commom_icon_wz_fuli_2.pkm	744	3d42ce00a92b4a53c6128a566aa6ddee528bbbf9a8a24577ee3fd0a158c71fb0
client/android/resources_vn/image/ui/city/beta/commom_icon_wz_fuli_2_alpha.pkm	744	8103f2eccdf66a4ec90c77992c083e958510ac995a51b540d220f5a81bcc26d3
client/android/resources_vn/image/ui/city/beta/commom_icon_wz_fulik.pkm	1024	35886a7c76fba91575ec2f47f41b6bd7ce6aad9db89a1412fae638ec77eda648
client/android/resources_vn/image/ui/city/beta/commom_icon_wz_fulik_alpha.pkm	1024	c91331b5a749f0fab7bd076cda5525c4365f586f05e032e356c230d24afdc77b
client/android/resources_vn/image/ui/city/beta/commom_icon_wz_fulika.pkm	1136	f2c0217a5fc78cb6577edf8b1cde2d0151c0195cd6319142dcad4b1708232b32
client/android/resources_vn/image/ui/city/beta/commom_icon_wz_fulika_alpha.pkm	1136	683387b487b427fe40ce36652b703fbfa2a08f0ad55b0a9dd2d90661652e3d75
client/android/resources_vn/image/ui/city/beta/commom_icon_wz_fuwen_2.pkm	632	9d82b122b1417ab013dcfd2cc4aa48526f048048851c67e8a398856611d5da13
client/android/resources_vn/image/ui/city/beta/commom_icon_wz_fuwen_2_alpha.pkm	632	1ffa52d87aabd0d6f6b9c97143a28dd5a3bb250cc58ad7a8811e0bf6a969b98a
client/android/resources_vn/image/ui/city/beta/commom_icon_wz_haoyou_2.pkm	632	fe81c7f6525fbff5291da8e4778f219b1ba650afc3570b76efca4653d7be9091
client/android/resources_vn/image/ui/city/beta/commom_icon_wz_haoyou_2_alpha.pkm	632	17bac66cc0a801ce7b114f109039d2a328aa1c2e574e874c9d51309af8a94d3d
client/android/resources_vn/image/ui/city/beta/commom_icon_wz_huanhua_2.pkm	632	e8d112fa9ffba2d12b55dd7c22506f82b81f3d7c1c58db698ae049d81af990ca
client/android/resources_vn/image/ui/city/beta/commom_icon_wz_huanhua_2_alpha.pkm	632	13f75d65dd4a5d74fa4ccb4d7ec37cda32ef3bd1b34cfc1a10351a62be66ffec
client/android/resources_vn/image/ui/city/beta/commom_icon_wz_huishou_2.pkm	632	4106a3dae3add322ceafa315a40fc9f9f687b975d719ecc62aada8fae28daa49
client/android/resources_vn/image/ui/city/beta/commom_icon_wz_huishou_2_alpha.pkm	632	1d6dd66575ffb023706d6a5243b19cbb1787bb69fe02b97f83753aceb7068756
client/android/resources_vn/image/ui/city/beta/commom_icon_wz_huodong_2.pkm	856	f05353d617bcd95969f3b66e7777994d707045040b252472c125a61e158b8b5a
client/android/resources_vn/image/ui/city/beta/commom_icon_wz_huodong_2_alpha.pkm	856	b729aac4dd1552d8515ccc56fc2bf74fe946c2f38fa0d730405a3b138bc499a6
client/android/resources_vn/image/ui/city/beta/commom_icon_wz_jineng_2.pkm	912	00d8fa486b959831a556f595dd6c71e8d9aadac8ad17d52e2ae562d83e7f0866
client/android/resources_vn/image/ui/city/beta/commom_icon_wz_jineng_2_alpha.pkm	912	050d952a5ef99b2029de7b006b99031505195dee2bd3604c17347646e7c528bc
client/android/resources_vn/image/ui/city/beta/commom_icon_wz_jingyingshangcheng_2.pkm	1136	755461ea71520c024cb5e5133e4b6bdabd8d176fe57fb191066ec5139b34963c
client/android/resources_vn/image/ui/city/beta/commom_icon_wz_jingyingshangcheng_2_alpha.pkm	1136	37f8dc5719fab48145126d1471a81370c058032cdb713e5a109f15038850e881
client/android/resources_vn/image/ui/city/beta/commom_icon_wz_kapai_2.pkm	408	8709a1fd83780f53991e5e15d85f203760730571943b940a2d8b50affe647dbf
client/android/resources_vn/image/ui/city/beta/commom_icon_wz_kapai_2_alpha.pkm	408	36a318dbe518dbb89cc1654d8ec5cae94d0240899c76dd5790d6e6431e73021b
client/android/resources_vn/image/ui/city/beta/commom_icon_wz_meilikongjian_2.pkm	1456	8b76cdd85268a98faa66ce59dc205662e16d5ed1a7992c4345afcd3b6056a43e
client/android/resources_vn/image/ui/city/beta/commom_icon_wz_meilikongjian_2_alpha.pkm	1456	a86de104e312c07459b0d7d9ba8bff29ed5c1b4a0f921284483e9cb253c2f116
client/android/resources_vn/image/ui/city/beta/commom_icon_wz_paihangbang_2.pkm	520	310fff3ca2dae31c5763cbf6a78f06422f7cbffd6007ee59656c36e4367f62b2
client/android/resources_vn/image/ui/city/beta/commom_icon_wz_paihangbang_2_alpha.pkm	520	a51b6cfc0ba2f15abaa6770bea04df703aef08a076c166a65010514aa051b2ac
client/android/resources_vn/image/ui/city/beta/commom_icon_wz_renwu_2.pkm	856	4e0f202b175539fe4afbc63aae38b1ce7b09e73ba850ea92331c4b138f28bc57
client/android/resources_vn/image/ui/city/beta/commom_icon_wz_renwu_2_alpha.pkm	856	973028258af5525612a45551fd3cca47698e9c5464835c14472332ace53cb975
client/android/resources_vn/image/ui/city/beta/commom_icon_wz_shangcheng_2.pkm	856	43d8b4d45927306fdac763aaa476d47165987ccfe46ebe4a88749e72b0d69bb2
client/android/resources_vn/image/ui/city/beta/commom_icon_wz_shangcheng_2_alpha.pkm	856	6262746f9482568c01f6fae317ae8e251b28d4ffaec396185341eb7a0eb5807e
client/android/resources_vn/image/ui/city/beta/commom_icon_wz_shangdian_2.pkm	520	125ca08fbe46acb326acaf5f198f9f93cd08abe6814ca205505164afeed19ce6
client/android/resources_vn/image/ui/city/beta/commom_icon_wz_shangdian_2_alpha.pkm	520	0c109fd45d1e3815dec31d731f50e1643625635faafb1ae66fb765687f79614e
client/android/resources_vn/image/ui/city/beta/commom_icon_wz_shengguang_2.pkm	1024	5fd597e88b848bf10290fe6e01fdb9cf029fc5a11de82a75c405252ab6718f7a
client/android/resources_vn/image/ui/city/beta/commom_icon_wz_shengguang_2_alpha.pkm	1024	585b71d487d387743433784fbfa16facd74393d826dc043139878703b06455fa
client/android/resources_vn/image/ui/city/beta/commom_icon_wz_shezhi_2.pkm	688	fbd29ca69b5c60101580a3326ef3594bc44f74d3233b588fcb1650a1c559c151
client/android/resources_vn/image/ui/city/beta/commom_icon_wz_shezhi_2_alpha.pkm	688	1d620b02ce8f7ae18f89776678b1f3d7271b33f9b6349f2acd69f7f01e105ee3
client/android/resources_vn/image/ui/city/beta/commom_icon_wz_shouchong_2.pkm	968	9adfdc64581df2bbb098be696c6624de3ec94ef809e8b3b85b2bb3685c5caaf1
client/android/resources_vn/image/ui/city/beta/commom_icon_wz_shouchong_2_alpha.pkm	968	ea6ad0911f0409604bf41a99606fcf297969806b1bcf45d53d49769d2a57c29b
client/android/resources_vn/image/ui/city/beta/commom_icon_wz_sousuo_2.pkm	968	d81f88ecdf9c646bfa9ae51e4dd89921c9f76f7d09306ffb3edace1bd5305ae6
client/android/resources_vn/image/ui/city/beta/commom_icon_wz_sousuo_2_alpha.pkm	968	ab93a3e41d5d50f799c808468ca56b337376143b4e8292e7ffff83551d68889a
client/android/resources_vn/image/ui/city/beta/commom_icon_wz_tuijian_2.pkm	632	b25d69d29b3aa26b0acc488627066107046febcd41d36851f184e2478f16aa87
client/android/resources_vn/image/ui/city/beta/commom_icon_wz_tuijian_2_alpha.pkm	632	a7fd936169a3d4b1f5b16db0281389295de7e241347a403985d7cd12d21bc158
client/android/resources_vn/image/ui/city/beta/commom_icon_wz_xiulian_2.pkm	1136	878aa81fddceb89634c9e502569708eeea55e8dc89fd3c016cdc37cd7b8d74d5
client/android/resources_vn/image/ui/city/beta/commom_icon_wz_xiulian_2_alpha.pkm	1136	be14644546515f65db518326024d802c7012d304a662ea0b2d5b3cef0e84e0cf
client/android/resources_vn/image/ui/city/beta/commom_icon_wz_xuyuanchi_2.pkm	896	1ff9ff68dfe4f487f760bf41474cbf5dd7d49add1cce4438a6b39fa5ccf4599d
client/android/resources_vn/image/ui/city/beta/commom_icon_wz_xuyuanchi_2_alpha.pkm	896	91b139f081554d7d71cb9a9708b041834e50455d9e40a92d665ac7f320a89ab1
client/android/resources_vn/image/ui/city/beta/commom_icon_wz_yongjiuka_2.pkm	1080	cc0a663573466fd46e72af6914bb89689fda68222c4cef405a3c86b075ce744d
client/android/resources_vn/image/ui/city/beta/commom_icon_wz_yongjiuka_2_alpha.pkm	1080	d9510d302dec515b3f91912039629c65e171ec10cb18c0d21b835917276ee947
client/android/resources_vn/image/ui/city/beta/commom_icon_wz_youjian_2.pkm	464	9f80fbb80e0381fcedd5aa1c1aa8aabf5077ac208b0d9333692187f89e366526
client/android/resources_vn/image/ui/city/beta/commom_icon_wz_youjian_2_alpha.pkm	464	cd04f204b167a1e4b5ab952b9c5e8869bf3bfde4c5868e3102751c1b6a09d277
client/android/resources_vn/image/ui/city/beta/commom_icon_wz_youxidaquan_2.pkm	1640	958c69a3d6a26fd5ed153ada14dc13223c353880fa5b02812bb87ae29938c1bf
client/android/resources_vn/image/ui/city/beta/commom_icon_wz_youxidaquan_2_alpha.pkm	1640	14e44cc13efdcf5336e3215228b0f723e00e9d05d9d3c4f4c7cc0f9df24bcbb1
client/android/resources_vn/image/ui/city/beta/commom_icon_wz_yueka_2.pkm	856	93cf74d9c2ab1b9d230236fe917af8cb34d07dae46dc86a82c231f75ed33a05c
client/android/resources_vn/image/ui/city/beta/commom_icon_wz_yueka_2_alpha.pkm	856	1441536ccb7ff6ed9578a3351c5e8395f4ab833056b76fdbbc7efd60e883da71
client/android/resources_vn/image/ui/city/beta/commom_icon_wz_zhan_2.pkm	976	a5f4101708477b545d8ac370ad16abee75fda3fa6202dd240fad01cd3c2a6b85
client/android/resources_vn/image/ui/city/beta/commom_icon_wz_zhan_2_alpha.pkm	976	ea9fb8190a16c3a6a34e99f41d13fc0df1b29ddf9e8a5e679256b8e6a8764783
client/android/resources_vn/image/ui/city/beta/commom_icon_wz_zhaohuan_2.pkm	408	ad9b496390f7094492384785f599c033e40c3ecf56c9d01b5bd7bb2a78c9e681
client/android/resources_vn/image/ui/city/beta/commom_icon_wz_zhaohuan_2_alpha.pkm	408	a4072e0b3523a27ab481532e5b16dd4fecaf1f3c87d8203663892277c3e6fbc2
client/android/resources_vn/image/ui/city/beta/commom_icon_wz_zhiye.pkm	632	49cf9f77aa5a53881b7d13012f2d8dfbf5fbdd0d5b301dc0de3675af021bea13
client/android/resources_vn/image/ui/city/beta/commom_icon_wz_zhiye_alpha.pkm	632	a9adea57cf96e4f81d38d6f37cb55847386ffdb6204e2d26bee0c9f9e5243bc2
client/android/resources_vn/image/ui/city/beta/commom_icon_wz_zuoqi_2.pkm	744	deaf6591cbc0a8e6f67b72a9d08aedd1035753eb52597ff1c323a0e471bab020
client/android/resources_vn/image/ui/city/beta/commom_icon_wz_zuoqi_2_alpha.pkm	744	82fb02365a1b453ccc6cce5d29bcdf9ca56a09862d71a99815f2aa08441d0f2e
client/android/resources_vn/image/ui/city/beta/commom_icon_yaoqing_2.pkm	632	06ad8701443924d10f7d52dca2d23821a1c43370dbe0946708eb7a53b07f1370
client/android/resources_vn/image/ui/city/beta/commom_icon_yaoqing_2_alpha.pkm	632	3e3783e7ea7ad233406c79321d609d9a0aafd500dfdce689755409aa968663a0
client/android/resources_vn/image/ui/city/beta/commom_icon_znq_2.pkm	1136	ee372bff8e08d670b23abab466e8a01fb0dd619eeb752f1487fddc15581917c0
client/android/resources_vn/image/ui/city/beta/commom_icon_znq_2_alpha.pkm	1136	a7f1b958ba68b280d9a6935592f22130a288b20a784262b132984d8d90ede59c
client/android/resources_vn/image/ui/city/beta/common_icon_sctbz.pkm	1080	733624f3d61acb2b6f2779b88e6d928f28b9b079e7b1fde0e84a9ff705e87eba
client/android/resources_vn/image/ui/city/beta/common_icon_sctbz_alpha.pkm	1080	19a555db0a4d1e8373496c638fdecb6a38aae69688dc05ffcf24efa6553cfa9e
client/android/resources_vn/image/ui/city/beta/common_icon_yjktb.pkm	3712	c67ff8594ddcee7eb75d50ee10de5f69d7dbf927e014cbfeb6e2ba13fbe585da
client/android/resources_vn/image/ui/city/beta/common_icon_yjktb_alpha.pkm	3712	a796f215aaed57a7fd354e27c1fa51e697c0fd0d8841b977a73c0b81a493dbe8
client/android/resources_vn/image/ui/city/beta/common_icon_yjkwz.pkm	832	f06637f20703c1bada146f251e2a55998bb0cfd9e03cd07956300e304d3be7d9
client/android/resources_vn/image/ui/city/beta/common_icon_yjkwz_alpha.pkm	832	20cc575f956ff4a5d611e5ec73fd1f143a8f806fe02a06c1faa7d22590cc5c35
client/android/resources_vn/image/ui/city/beta/common_icon_yktbz.pkm	1360	8417e0fcd8ea584c021f8fc1c9e7f301c97c00b39cd07d5631ba3a3a206aeaa5
client/android/resources_vn/image/ui/city/beta/common_icon_yktbz_alpha.pkm	1360	fd83ca06ece1fdd09a79f6c5ad63b44e1293d996248be11f010836d32cb4db0f
client/android/resources_vn/image/ui/city/beta/main_icon_ddxlg.pkm	2368	f478c0f88c4a6fea0e118a5a3268e204a43269f958af26cd2999064e3793e641
client/android/resources_vn/image/ui/city/beta/main_icon_ddxlg_alpha.pkm	2368	6b11317615b272689e0fd60289b64642918565342908444f198da72456c3cf52
client/android/resources_vn/image/ui/city/beta/main_icon_facebook.pkm	2608	dde84a5f06048ef96f5dc4d2a511a108457bc23a319cb3965eb5d71e08e66988
client/android/resources_vn/image/ui/city/beta/main_icon_facebook_alpha.pkm	2608	fc489d9e044cf99beb74c9cd7e1c6194e6b431bc8a720aa23e9e1f09c39ccac3
client/android/resources_vn/image/ui/city/beta/main_icon_football.pkm	784	70018d72598f3599ea0c177130829b4630f2215d9955738782c08a9e27018fca
client/android/resources_vn/image/ui/city/beta/main_icon_football_alpha.pkm	784	6618df4c4fdf2bbd825be1b81d8e18561bcbe276ae0af74a02b441348d88c779
client/android/resources_vn/image/ui/city/beta/main_icon_friend_02.pkm	632	8d13e58ddb0fa9d50cb060d9de77fb116532ea3d959ff7faf61e305da7744ddd
client/android/resources_vn/image/ui/city/beta/main_icon_friend_02_alpha.pkm	632	cd622ed3c8517d48f645af4d04935bd6518f0bf330b67208fe07018e084ff016
client/android/resources_vn/image/ui/city/beta/main_icon_hb2.pkm	832	7929a4e9a82013d0f514ea7b61bfb714f13bb0dfa88db018f95a881e98ae8aa5
client/android/resources_vn/image/ui/city/beta/main_icon_hb2_alpha.pkm	832	3794a461ce147ddc6557dab762750de3b909103d0738c1d74709f3fb57fa718a
client/android/resources_vn/image/ui/city/beta/main_icon_luntan.pkm	744	63fa1752ec90c45e8b6ad4bad528036bac4732436dc90a66f8fd10ac9a30610a
client/android/resources_vn/image/ui/city/beta/main_icon_luntan_alpha.pkm	744	52a45f5726c176a7f60ac81ff2efb279a39d51526121f525259645de92064f62
client/android/resources_vn/image/ui/city/beta/main_icon_phsgj.pkm	2088	be46aa7d3a6dfa3d2b5ff0d873d1a3f052263875e5b7f0aba70a5ee994c032c7
client/android/resources_vn/image/ui/city/beta/main_icon_phsgj_alpha.pkm	2088	5f0c6506aacf9332cb9a541f6dae39fd16f9354672b84d22711a1b9431e98d36
client/android/resources_vn/image/ui/city/beta/main_icon_qiyuandali.pkm	1248	e9f953220a7cae942ee61071f641f82a4fda9e9bd842441e0adbc181940c8c93
client/android/resources_vn/image/ui/city/beta/main_icon_qiyuandali_alpha.pkm	1248	434fab99970e861575eb31947398ff761cea01445148ecd2916da99bd6034077
client/android/resources_vn/image/ui/city/beta/main_icon_qtl.pkm	832	20788a9f22b898171d397f10224fdd3a17bc5d806e700a7d82b898a18502e0a9
client/android/resources_vn/image/ui/city/beta/main_icon_qtl_alpha.pkm	832	81a401322086729b7fbb98623a8603ee5f95e6f55c51216afb700115adb5bb63
client/android/resources_vn/image/ui/city/beta/main_icon_shequ_2.pkm	632	b93a4ad094430f5989e39d889bd7dbdf6838499fa76272fcdc27af549d167ec0
client/android/resources_vn/image/ui/city/beta/main_icon_shequ_2_alpha.pkm	632	5753fe078000a433bc9affa953b52da46607ef1d50091d2379ba9313e693e57a
client/android/resources_vn/image/ui/city/beta/main_icon_shezhi_02.pkm	744	a537f467348eeae57b95d43313f865908893414b3538dc858749b23fda846993
client/android/resources_vn/image/ui/city/beta/main_icon_shezhi_02_alpha.pkm	744	f64318497a630252f906e9ab80c2439fb587642d52579f84704a7d1a5b72512f
client/android/resources_vn/image/ui/city/beta/main_icon_stgly.pkm	2368	dfba77d954c6621578ab153077cefb237ede9080dea8d2fe515087a6a2a9b8f7
client/android/resources_vn/image/ui/city/beta/main_icon_stgly_alpha.pkm	2368	dee1271827ebdd4a95d5fb0c2d4ceb2fb58ee478a29d81358ee0ba9c3cc9e067
client/android/resources_vn/image/ui/city/beta/main_icon_tj2.pkm	744	f59f68883afd8491301805bf2b49baff792e10ca7a455facd148b24f46c26bc3
client/android/resources_vn/image/ui/city/beta/main_icon_tj2_alpha.pkm	744	75b5c67c1e263989f3333945fafd59600b0e5d004024b0b8f750aaace9826746
client/android/resources_vn/image/ui/city/beta/main_icon_youjian_02.pkm	520	e8af83cdc91b3e45db9d69a74946e2fa6f52bc07bf9c34163e1d5cf45eaad99c
client/android/resources_vn/image/ui/city/beta/main_icon_youjian_02_alpha.pkm	520	2d3c468d24eeaa651123416f224fc961ccfa76d209f8116b096a264b426afd0c
client/android/resources_vn/image/ui/city/beta/main_icon_zuji.pkm	1024	0cbcad0d2608ead0f3ce8e4dd833865081dc5a682c6230c63fb28a6b0cabfc52
client/android/resources_vn/image/ui/city/beta/main_icon_zuji_alpha.pkm	1024	38f3551b49f62512472fe50461a6904cbafc648c4e4b38072c966a1bae59eda3
client/android/resources_vn/image/ui/city/beta/main_pic_daozhuhuigui.pkm	1248	796114fb236215d80e54ad474accfbfd95e8b8ea84c382259f7cbc274c7762ad
client/android/resources_vn/image/ui/city/beta/main_pic_daozhuhuigui_alpha.pkm	1248	63163c8985dee06bbbd33d7b158402f60e34db17b5f7ebc000c4ccb55eecfc1d
client/android/resources_vn/image/ui/city/main_scene/name/city_icon_danrenfuben.pkm	2736	588b71ac97fa480e5355afb0bc0711cc7fea58d367b49e66a3ba591303cb8fa3
client/android/resources_vn/image/ui/city/main_scene/name/city_icon_danrenfuben_alpha.pkm	2736	48596be103f08e05dc4b290023826bac4fbee2d707b95ddf74191e89cb1fbd79
client/android/resources_vn/image/ui/city/main_scene/name/city_icon_gonghui.pkm	2176	1fe71e60dc30365cf48177c28a95c2f1365539c5c9c78b0a2aefa05414fd99d1
client/android/resources_vn/image/ui/city/main_scene/name/city_icon_gonghui_alpha.pkm	2176	66252460e5d1536c8364c65bf6309dcf64b5a779090f8c14192631301557c246
client/android/resources_vn/image/ui/city/main_scene/name/city_icon_jiehun.pkm	2176	506c9484782d581c44cb9e309a731a96e36b8d7d73780a164ff489af140b59c8
client/android/resources_vn/image/ui/city/main_scene/name/city_icon_jiehun_alpha.pkm	2176	d2d1da80c5cb92450ee2776e3da88bb3af1a19e88d21c891faf3bc99ffb0fbd0
client/android/resources_vn/image/ui/city/main_scene/name/city_icon_jingjichang.pkm	2736	de73e15677ed5453fd0e9193a2ae63453ff119091f49e4152e04403dec1123ab
client/android/resources_vn/image/ui/city/main_scene/name/city_icon_jingjichang_alpha.pkm	2736	c8b92e393c288d23ebffd19c301600bebe5ba3906b5fcc491c5c55bea01bd7e4
client/android/resources_vn/image/ui/city/main_scene/name/city_icon_paihangbang.pkm	2736	968c8789c694941c597619fb94377e009699d721f8856c340d7947a538734241
client/android/resources_vn/image/ui/city/main_scene/name/city_icon_paihangbang_alpha.pkm	2736	108ce92f53faf47a1c537f50cbfed3f0fab7e6d1071c0ca02929635eb547e147
client/android/resources_vn/image/ui/city/main_scene/name/city_icon_patafuben.pkm	2736	fa7cba1c1404e51f1241ad9d2641e69209defe4a464c1190ab5685d20f57bbdd
client/android/resources_vn/image/ui/city/main_scene/name/city_icon_patafuben_alpha.pkm	2736	2fc651868d289d6bdf974313ba764bfd45f8334173bce21209f3e375e9c56c87
client/android/resources_vn/image/ui/city/main_scene/name/city_icon_richangfuben.pkm	2736	dc208ad7b81e8dcf08f160481aec79c99ce5c8a8dd31251c5a0ac462512f0df7
client/android/resources_vn/image/ui/city/main_scene/name/city_icon_richangfuben_alpha.pkm	2736	dd7aaf0a999dc0728e403bf1afd2fbf17713078537c510e71e94d8ef5e3a05e7
client/android/resources_vn/image/ui/city/main_scene/name/city_icon_shangcheng.pkm	2176	b6e1e8180c94f2ba8bd6dbfda516addaa94f633f40421065c45444cd3aa620bf
client/android/resources_vn/image/ui/city/main_scene/name/city_icon_shangcheng_alpha.pkm	2176	7ccf1be60796ce69f1e60f6f72b2de3bdb7d3f603585e4568dee81d8baca86ed
client/android/resources_vn/image/ui/city/main_scene/name/city_icon_shijieboss.pkm	2736	607efb58da873b1e187bcf73613a214c35aeb089a3e2132d966144df4c0751e1
client/android/resources_vn/image/ui/city/main_scene/name/city_icon_shijieboss_alpha.pkm	2736	0220959e596fe14642ac7bfb1743c320118644da029a059b7e1eb3a3b635e04d
client/android/resources_vn/image/ui/city/main_scene/name/city_icon_shitu.pkm	2176	63a41016e391526f9fb40ac79ea4beed5dc4ff4c34b603d735506b710db0b0cf
client/android/resources_vn/image/ui/city/main_scene/name/city_icon_shitu_alpha.pkm	2176	e2d9262979b8631ea70784133db2e85b11b64454abbec386c6cb223067af26f0
client/android/resources_vn/image/ui/city/main_scene/name/city_icon_wanjiadiaosu.pkm	2736	ddd0e6d8bd7be5c52424ef4266fe429af0e67746009b99ecc96a1ed2fc1dd595
client/android/resources_vn/image/ui/city/main_scene/name/city_icon_wanjiadiaosu_alpha.pkm	2736	024dde0346fa58ec8789d726c320c4a4c856e3570884f8945616fc56932ed20d
client/android/resources_vn/image/ui/city/main_scene/name/city_icon_xingyunzhaohuan.pkm	2736	8d8f63878fce6dcb32c6e82e724621009b86c78fcc867c81fa703fc9d3f02992
client/android/resources_vn/image/ui/city/main_scene/name/city_icon_xingyunzhaohuan_alpha.pkm	2736	608ee6e23fb10e10e41999a7330981c8336fd36dc428f1f4c5edcaeaf2ac236d
client/android/resources_vn/image/ui/city/main_scene/name/city_icon_yuliu.pkm	2176	0f42b11d78f641007eb7fa1a0977125972c93769c835eabe9b00985ae06398e3
client/android/resources_vn/image/ui/city/main_scene/name/city_icon_yuliu_alpha.pkm	2176	ce3e6d215b38492b96840b1370c238acfe77244fa739694f3ee00d4022a3421b
client/android/resources_vn/image/ui/city/main_scene/name/city_icon_zuduifuben.pkm	2736	b60f73dd1a4b706eca02104fb9cfba74ee33ddbc15410318ec7eee7f7f043e5c
client/android/resources_vn/image/ui/city/main_scene/name/city_icon_zuduifuben_alpha.pkm	2736	0053489e4923e05a5cdb192dd449dd3cec21083b668e6f86438e3fa0646d89c4
client/android/resources_vn/image/ui/city/newMainScene/beta/commom_icon_family.pkm	3296	161c888a878812371cfa1cc80db0c7e55311f44450edd82180a24d16a9bf661c
client/android/resources_vn/image/ui/city/newMainScene/beta/commom_icon_family_alpha.pkm	3296	0118ed13686bc6652dea7e20cf2037caa7289f13c6d19a43fb96f1a37356be0e
client/android/resources_vn/image/ui/city/newMainScene/beta/commom_icon_horse.pkm	3296	d64a8e46d99e433861c1d01ba5b035c92d97b7b8c4afdc90867f6a9f363341c6
client/android/resources_vn/image/ui/city/newMainScene/beta/commom_icon_horse_alpha.pkm	3296	67877ee21bdc988409998efde4fdbdb30e27d95b6423c609f5467191982adf82
client/android/resources_vn/image/ui/city/newMainScene/beta/commom_icon_jiaoshijie.pkm	3296	4e280ef82a3e19174f5fbe2a457b15f2ecb61bceac11004cc61127fb35cc255e
client/android/resources_vn/image/ui/city/newMainScene/beta/commom_icon_jiaoshijie_alpha.pkm	3296	1a55effbb6d6ba046e5ae80c77f9fc5237af3eac502c42f1b447fd78995f7085
client/android/resources_vn/image/ui/city/newMainScene/beta/commom_icon_juedimaoxian.pkm	3296	1f4c781f1494136c76affd9f457510b1f9ab9ac1a08b433514ebfa28753eab0d
client/android/resources_vn/image/ui/city/newMainScene/beta/commom_icon_juedimaoxian_alpha.pkm	3296	76fbbcdb0cf24f17771aa370997fa395f85228d2e13c24256a8a971d2c01e3d3
client/android/resources_vn/image/ui/city/newMainScene/beta/commom_icon_paihangbang.pkm	2576	351c76c0612a8869adc3b97cb18163568039361458a054e7f9c63c61917d844d
client/android/resources_vn/image/ui/city/newMainScene/beta/commom_icon_paihangbang_alpha.pkm	2576	0f9d6f0f44b4405c749a56a3819515bc2ddeadb1532badb2c1f84e4931e447f8
client/android/resources_vn/image/ui/city/newMainScene/beta/commom_icon_qmkh.pkm	3296	9d00919490c585308707ac5b5b11a2659f7382fe5f5921ab89d7ae3c822f8952
client/android/resources_vn/image/ui/city/newMainScene/beta/commom_icon_qmkh_alpha.pkm	3296	b4dbcbb09161e7b822e02768c7e05aff851ceee185d564396c25f78313e4111a
client/android/resources_vn/image/ui/city/newMainScene/beta/commom_icon_qmkhj.pkm	3136	cb2e5466c16fd2d52218f2cb6d75b526a271d2053afa0cde6ceebef481254f5e
client/android/resources_vn/image/ui/city/newMainScene/beta/commom_icon_qmkhj_alpha.pkm	3136	2f8942674d1413ce932c1e5b2c2a5976132cf85977a8f8671a7f277b763c901a
client/android/resources_vn/image/ui/city/newMainScene/beta/commom_icon_summer.pkm	3296	ed923e0b5fbe4b5857c54664d9495a49a678cafda008150f6ca5698de723bfdb
client/android/resources_vn/image/ui/city/newMainScene/beta/commom_icon_summer_alpha.pkm	3296	d5c5615a843cadee087c3f6be66cddfa99d8a1a5284389a1b74a36c480882235
client/android/resources_vn/image/ui/city/newMainScene/beta/commom_icon_wz_baoshikuancghang_2.pkm	1776	4233577483c499027aa255d6d532c261761cf04de3c6cdf9295d1f40e30ea2d0
client/android/resources_vn/image/ui/city/newMainScene/beta/commom_icon_wz_baoshikuancghang_2_alpha.pkm	1776	9522d6b59a886a44993e9375736b60239f8ea21df678424b19c4d1577b6e3db1
client/android/resources_vn/image/ui/city/newMainScene/beta/commom_icon_wz_gonghui_2.pkm	1936	cf78cb98ee28761a5dc2827f235ea7c3f5213a71f2f4f8762c173e079cadba11
client/android/resources_vn/image/ui/city/newMainScene/beta/commom_icon_wz_gonghui_2_alpha.pkm	1936	57a1aadbfe9dc2f9a90deb93ab875ee3f297242023a9cc499eb1a4c118843ef6
client/android/resources_vn/image/ui/city/newMainScene/beta/commom_icon_wz_jiehundating_2.pkm	3296	2321d8cfee031a0dfcf8355c442a9623be0d87205f859ff5c825ba7fe024112d
client/android/resources_vn/image/ui/city/newMainScene/beta/commom_icon_wz_jiehundating_2_alpha.pkm	3296	6bc8dbe86f20925168fa4cb71ed4082c41664b2e240c83a1413784f7ca49aaec
client/android/resources_vn/image/ui/city/newMainScene/beta/commom_icon_wz_jingjichang_2.pkm	2816	d775698d57fb8f02463e140f4320096d6fd79e67791b68ccbc9655cc9a7c8109
client/android/resources_vn/image/ui/city/newMainScene/beta/commom_icon_wz_jingjichang_2_alpha.pkm	2816	a895ff614a2945367239a4895f1add857be3a106eea0637bd156e13a27e50040
client/android/resources_vn/image/ui/city/newMainScene/beta/commom_icon_wz_maoxian_2.pkm	1936	371bcabe0d0f52e2f908169583f1b17fea529151cff003ccbea8c7aa13313078
client/android/resources_vn/image/ui/city/newMainScene/beta/commom_icon_wz_maoxian_2_alpha.pkm	1936	4097bcfb4266229d38d01f78ddd7d31fe09efb3eac9b2dfac8492e02d1c1db85
client/android/resources_vn/image/ui/city/newMainScene/beta/commom_icon_wz_shangcheng02_2.pkm	1936	66333735ed14a0c8874e851c893de96dd5860124f64e1b15465b6a961a9e005d
client/android/resources_vn/image/ui/city/newMainScene/beta/commom_icon_wz_shangcheng02_2_alpha.pkm	1936	abe8bf2e8ff4e691b6e2f906202bd92217f260d729b09350689dfdfbf8358b6e
client/android/resources_vn/image/ui/city/newMainScene/beta/commom_icon_wz_tiaozhan_2.pkm	1936	beec76d0cfbd7c7cf9ed5c430d051d9d0ac967cbd8d3f2d7719277af093933f4
client/android/resources_vn/image/ui/city/newMainScene/beta/commom_icon_wz_tiaozhan_2_alpha.pkm	1936	c74fcd4fa50359ecfa94cdc27d6626ecddfa11ff04d4db1558af303eb087cc2d
client/android/resources_vn/image/ui/city/newMainScene/beta/commom_icon_wz_zhaohuan02_2.pkm	1424	39ff4fab8bb4d3485ec7ad502262459e333e0ce886e00024d66b8f9034e071c9
client/android/resources_vn/image/ui/city/newMainScene/beta/commom_icon_wz_zhaohuan02_2_alpha.pkm	1424	8a38ed88a00bcb86e14f04253c341c0fe2abddc706f133cab1962f56f52e91a6
client/android/resources_vn/image/ui/city/newMainScene/beta/commom_icon_xiaotuiche.pkm	3296	910c681c4cd2f84a9da0a3ceeea34be0a81717d62fc3c5739fa8f53eb273b0dc
client/android/resources_vn/image/ui/city/newMainScene/beta/commom_icon_xiaotuiche_alpha.pkm	3296	6eaaf1da13e38cc990612a061b45d52c95c7ad8cc9bf39d8d1bcdbd6d450b419
client/android/resources_vn/image/ui/city/newMainScene/beta/commom_icon_yuandan.pkm	3136	246d53b4774bc54593dde529342214e3388e396ad002db0eb5bce8c8354c3155
client/android/resources_vn/image/ui/city/newMainScene/beta/commom_icon_yuandan_alpha.pkm	3136	e3b4c71bffa88d75815d3248c978ed2d366e5b28ed65e593f10b37e6b1183b86
client/android/resources_vn/image/ui/city/newMainScene/beta/commom_icon_znq.pkm	2576	669ee4737078d62eb7f1d4d1fe578457933a980ac206fa69e9bf9d02dc997dc9
client/android/resources_vn/image/ui/city/newMainScene/beta/commom_icon_znq_alpha.pkm	2576	3a7e1e0f1657cfef6bda001ea0b2a30bd2e704a72e1ce71bee969cb0b9151ca8
client/android/resources_vn/image/ui/city/newMainScene/beta/common_icon_merrychristmas.pkm	3136	4550fdddae2e271fef0de372529267c1ebb9c40788e977e2e687ec748327a97b
client/android/resources_vn/image/ui/city/newMainScene/beta/common_icon_merrychristmas_alpha.pkm	3136	8ae3029eb918b0a629c4e1a0d35b7df083001a892f63263712f1e59e8988e2c8
client/android/resources_vn/image/ui/city/newMainScene/beta/main_icon_businesswoman2.pkm	3296	7bdeac00c3d6a73648dad76365a8e583fb533e004caa2e6195234c88a2d69eac
client/android/resources_vn/image/ui/city/newMainScene/beta/main_icon_businesswoman2_alpha.pkm	3296	e2201b77130bfa8d67b9240bc92aeb074768e538d74fc95e290e8ac06fabb4bd
client/android/resources_vn/image/ui/city/newMainScene/beta/mainscene_jiaoshijie.pkm	18560	02c6a553bd2aff86c292764469039c061f09b37598d7835be0e253e13fb92aea
client/android/resources_vn/image/ui/city/newMainScene/beta/mainscene_jiaoshijie_alpha.pkm	18560	fcd65cb06b98867dccc182c8eff6f354fdf6d45d9c4369a317d7fbe35720a7de
client/android/resources_vn/image/ui/city/newUI/common_icon_VIP.pkm	208	afb5497fe5e357f67d35e46b2548c7c02c4f9ebe974b14749d7bbe2b54bab271
client/android/resources_vn/image/ui/city/newUI/common_icon_VIP_alpha.pkm	208	f65f198868081ebc1964271ebb91f3b54e7b6ddf05742d6e6ec7e2f707f851ab
client/android/resources_vn/image/ui/city/newUI/common_icon_axxy2.pkm	3712	c92acf9b4bf9adef737029aa0ee98acc16e0b5fddb6b6dab036e46c8ff8d6794
client/android/resources_vn/image/ui/city/newUI/common_icon_axxy2_alpha.pkm	3712	fe48a2e2a4660e628bcd46fc7fa52562e5afa05b3bb1ac89d1add0862de265f6
client/android/resources_vn/image/ui/city/newUI/common_icon_bstb.pkm	3712	46bfcef3675c1fecbde60e58a628a12c7865cfd28c08ffe31f5659cab0bb38d1
client/android/resources_vn/image/ui/city/newUI/common_icon_bstb_alpha.pkm	3712	561886f3cad34e732043e9e73d1d38e8cc73378346d21d9fdd99a7161cde9259
client/android/resources_vn/image/ui/city/newUI/common_icon_cz.pkm	688	ca8bf532b376e45d43d3e0dca6e1d6c6af75514aa16bb6956ca2f4ca687afdf3
client/android/resources_vn/image/ui/city/newUI/common_icon_cz_alpha.pkm	688	b67783d22d7468a622a884e20228e76c61b106c9cddfdb45d1859b07e968c9c4
client/android/resources_vn/image/ui/city/newUI/common_icon_czjj.pkm	3712	4ea552ba10b696ba9e3fcc7dd9fe7135d567b116f7164ab64d38880dd6eb1c35
client/android/resources_vn/image/ui/city/newUI/common_icon_czjj_alpha.pkm	3712	586a867bc47cc4348155b204ed48eda51b10cf90eb9c0916797a316a11d0bd5d
client/android/resources_vn/image/ui/city/newUI/common_icon_drcdsz.pkm	7216	427cabecdd75631aa4d3ab266fddd2de258021f3e655e905be5352c9816ce040
client/android/resources_vn/image/ui/city/newUI/common_icon_drcdsz_alpha.pkm	7216	662061d1b8d99cfdc99feac2a0c411919f05a1d4cba2add06ea3ca33fdfb9a17
client/android/resources_vn/image/ui/city/newUI/common_icon_drcdzb.pkm	7216	5effb666dfc549e6017875dae4c498ebd8f2f5a2ff533ed494f1e1fe18c575ec
client/android/resources_vn/image/ui/city/newUI/common_icon_drcdzb_alpha.pkm	7216	ff9598749212e70cdead1c5d1074340e068dd8a96c0899448af894583f99a614
client/android/resources_vn/image/ui/city/newUI/common_icon_drcwsj.pkm	7216	ebb18edf1ccbcafeb24fcf8553715186b5f8d659a30d32a0a2e7c281c57e9f28
client/android/resources_vn/image/ui/city/newUI/common_icon_drcwsj_alpha.pkm	7216	f90ac31dc1566900d20400ab4ad92a4153ef138e9684523f03115c4ac1f9f706
client/android/resources_vn/image/ui/city/newUI/common_icon_drcwsx.pkm	7216	133b342fbdb194e80ce06df4b9809c171960fb29eb149d0666eefdaec448b024
client/android/resources_vn/image/ui/city/newUI/common_icon_drcwsx_alpha.pkm	7216	102c2fdf5abd10617f27006637e75fe500e062fd5a6d943f5e97d1af43652aa4
client/android/resources_vn/image/ui/city/newUI/common_icon_drdzzb.pkm	7216	2e8865def8d1f2a48afb5f060db9370625cfba06dfbccef4477c90e3f7d6d6f3
client/android/resources_vn/image/ui/city/newUI/common_icon_drdzzb_alpha.pkm	7216	81e9d6065ac3ec601bcc6500ba2912ece38498220888a2012e98e895fa60d9d7
client/android/resources_vn/image/ui/city/newUI/common_icon_dremfb.pkm	7216	8c1d2674ff726b24b16709abc48320a4d1e0622c057bf119316a8fc53396ca67
client/android/resources_vn/image/ui/city/newUI/common_icon_dremfb_alpha.pkm	7216	0b53530522ef9f9f54e4f756c2bfb59365c1e584e8e3cc579dd9ebf8150257fd
client/android/resources_vn/image/ui/city/newUI/common_icon_drqfrh.pkm	7216	0633f7efdd42fde269badeac7f60f87cac122d08776b86f918112d751a4c8577
client/android/resources_vn/image/ui/city/newUI/common_icon_drqfrh_alpha.pkm	7216	db198127403997b99abf8d3d54b72434209b5fd2ee3b3b6646c35d2f5a0f04d3
client/android/resources_vn/image/ui/city/newUI/common_icon_drsccz.pkm	7216	967be9476f163fcd9412d8c9121c1f884612f632a80a6a401dab5300df8ab7eb
client/android/resources_vn/image/ui/city/newUI/common_icon_drsccz_alpha.pkm	7216	23b842fc93466b19abd10cd9087fb2e5bcc302900855abb21d37c35a72a7d194
client/android/resources_vn/image/ui/city/newUI/common_icon_drtsdj.pkm	7216	a3c948e7a148079f102ee2e775e62cee2781af28cce00cffeb418e97a5cd9bda
client/android/resources_vn/image/ui/city/newUI/common_icon_drtsdj_alpha.pkm	7216	a57366fd183f84924fe061450e791edd9ad42f811579a8ecdddf6c7a134981be
client/android/resources_vn/image/ui/city/newUI/common_icon_drtsdjj.pkm	7216	fd388257dc1d5a018b213ce6466e59d0bbbcf9dc7b08f1f15b39aed5bdea6fd8
client/android/resources_vn/image/ui/city/newUI/common_icon_drtsdjj_alpha.pkm	7216	d1a3702b3ef240a20102742dfc8bd51893750e4bf6db9bb68de8d7682abe263e
client/android/resources_vn/image/ui/city/newUI/common_icon_drxljn.pkm	7216	723287bdd395dfe416b446de3816622844c109b4276d857cf5a09083fe5fa76c
client/android/resources_vn/image/ui/city/newUI/common_icon_drxljn_alpha.pkm	7216	2fb286fb909eb1eb9694c2408a9d1c243f83e9008a3e3ba649945c5299403da4
client/android/resources_vn/image/ui/city/newUI/common_icon_drxqzb.pkm	7216	3604ed7355f87d2e0acfeadf844d0581c501e75585329613f7a92fc3a056119b
client/android/resources_vn/image/ui/city/newUI/common_icon_drxqzb_alpha.pkm	7216	fb2acccd7eff00488cd3e044d2b8b072a6d694d163a99e16d58e7449f21007b2
client/android/resources_vn/image/ui/city/newUI/common_icon_drzbsx.pkm	7216	b64430287a2d492b123acf9a039d91bca7a0228352e71298bc356e6f315ff305
client/android/resources_vn/image/ui/city/newUI/common_icon_drzbsx_alpha.pkm	7216	5e7b6e677a910cba58514f758fb7afbea9043123a67d261fa1012512f2bd17a8
client/android/resources_vn/image/ui/city/newUI/common_icon_drzqsj.pkm	7216	faf7637b4b1a333db3da93e7f5f9386c36e996886b7b300c069eefbf17159d12
client/android/resources_vn/image/ui/city/newUI/common_icon_drzqsj_alpha.pkm	7216	4dcbb76f40614edcc33ffc249c5a3852ea9883913f3556cb7b861d84619f085c
client/android/resources_vn/image/ui/city/newUI/common_icon_drzqsx.pkm	7216	1ce52ff686c5ceb254b19029b74a61ce661420a4cf14cfb95050ba7411255926
client/android/resources_vn/image/ui/city/newUI/common_icon_drzqsx_alpha.pkm	7216	f50efebb4a9cc55c7d0b5130ed0b0512f68d6135045bb004129dfbdf64337f54
client/android/resources_vn/image/ui/city/newUI/common_icon_fltb.pkm	3712	0d4a25bf11203e3647b9171e0c6ae1e2c6bbbeaa110aaf3b70317533c85d2900
client/android/resources_vn/image/ui/city/newUI/common_icon_fltb_alpha.pkm	3712	6a649a32ffc65277968b5ca0f911629bfbce00579d662eb6a1ba10ccc0bee8c1
client/android/resources_vn/image/ui/city/newUI/common_icon_ghgn.pkm	4064	fddf36e9b658c1355d8aa30408c33819a509e15749abe071ff01de6947941ed5
client/android/resources_vn/image/ui/city/newUI/common_icon_ghgn_alpha.pkm	4064	d1f54d6a3bf750222ceb541e070d270fb01bdc298154c6b033303e9da68c86e5
client/android/resources_vn/image/ui/city/newUI/common_icon_ghrw.pkm	3888	d87ac2b2b6d33322897876649b9589fb2ce376f4d470593a110c4384238c51ed
client/android/resources_vn/image/ui/city/newUI/common_icon_ghrw_alpha.pkm	3888	16e5e2245523a7f218bc2283af3d943ab3bba098776f6ceb960e6d98e95166c0
client/android/resources_vn/image/ui/city/newUI/common_icon_hd.pkm	3712	2f4ebfaf58d7e7655ddd4cef179718290487655e2a9205c7c2f3f69a136030a3
client/android/resources_vn/image/ui/city/newUI/common_icon_hd_alpha.pkm	3712	e58092011d73aa766ddddf16179a749ca72cbdd97fbd0be7c8605301fe66cbb8
client/android/resources_vn/image/ui/city/newUI/common_icon_hecheng.pkm	4064	4a2ac101459d6aeb2ebd4056c2b24987c2ee3bdd5581df76d6e562e06e9e6ef0
client/android/resources_vn/image/ui/city/newUI/common_icon_hecheng_alpha.pkm	4064	b020ba8d50c7f28d09a51257647ed59974ce2077369a6f16a861e2b45b71d532
client/android/resources_vn/image/ui/city/newUI/common_icon_hyd.pkm	3712	8fa818345b1f80bcb7333665b4c296ec754f194ff77aa8f3e81a401295b3ca66
client/android/resources_vn/image/ui/city/newUI/common_icon_hyd_alpha.pkm	3712	8e4811a59e65e53c464cfbe1906327975beec85089e61ecd60eaab59bc87a1e0
client/android/resources_vn/image/ui/city/newUI/common_icon_jjc.pkm	4064	a64dba5075f58c41ff118e441499ab01d280179ff584629a361f95b6323fbaa6
client/android/resources_vn/image/ui/city/newUI/common_icon_jjc_alpha.pkm	4064	22f13a32b6928a42a21b2229bdc089e20809092c1038ae3fb8035ca2ef790d12
client/android/resources_vn/image/ui/city/newUI/common_icon_jxgn.pkm	4064	aaf53a0247e28c32efb49c85f24d884054e879e0a9a99948b9c28b6fd7829262
client/android/resources_vn/image/ui/city/newUI/common_icon_jxgn_alpha.pkm	4064	92f4f76b210d6a0a927bd6b0fab83944c5844a84d9cf8b38497aa8901d6f2263
client/android/resources_vn/image/ui/city/newUI/common_icon_jyfb.pkm	4064	9c0e985525642de378d4fe14386ce37c0e206c2dc741003469f8b0baaa411e86
client/android/resources_vn/image/ui/city/newUI/common_icon_jyfb_alpha.pkm	4064	1ced61d3c6640d07d556fcde8333343e96fd633190ebabca0262a064da39fb99
client/android/resources_vn/image/ui/city/newUI/common_icon_paiweisai.pkm	4064	7986ec533c2582049781c997c97c8113eab6bb02f423e0dfb2b05d2f04ed78cb
client/android/resources_vn/image/ui/city/newUI/common_icon_paiweisai_alpha.pkm	4064	0a4c389fc74374978045d31e5c1d8f562158e53cd6dc7fd159da34fcd11223b5
client/android/resources_vn/image/ui/city/newUI/common_icon_phbgn.pkm	4064	e1d5efb88a3dffba16ee40d778250b97507c5ac1ce5474452a4fe79b54ccdd3c
client/android/resources_vn/image/ui/city/newUI/common_icon_phbgn_alpha.pkm	4064	e5bcdbac3082b180b367443acb4dbf451ab7d3a56bafecb1497bde8fce6779a2
client/android/resources_vn/image/ui/city/newUI/common_icon_ptgn.pkm	4064	243c43f583eb19ee5d89531dbc7b1f9560ee919d66fc23bf4f544da20e23b72c
client/android/resources_vn/image/ui/city/newUI/common_icon_ptgn_alpha.pkm	4064	79a654b9f2ed3c010bec0bb4fa25b235061eb02c4181f2cdf50883320da03d0f
client/android/resources_vn/image/ui/city/newUI/common_icon_pws.pkm	3712	d7dff05a9755bb5b9784fc821634a19547475f3c4d3f02c43bc7884ea4c60d0e
client/android/resources_vn/image/ui/city/newUI/common_icon_pws_alpha.pkm	3712	c00707411d7f240b44f055fd5513e724e328d139118d4000366695151f9509b8
client/android/resources_vn/image/ui/city/newUI/common_icon_qd.pkm	688	c5d780492e062bd3773a04e53b810ec34960ac379df10a0f3f2cb3e79d7959f5
client/android/resources_vn/image/ui/city/newUI/common_icon_qd_alpha.pkm	688	2ec09c35119184a86f9451053bb4a1965359760171acbdfda5469ee8e32a827d
client/android/resources_vn/image/ui/city/newUI/common_icon_rcgn.pkm	4064	d2fad69327946c2e23c5e90d75360c759595dff4db60bd8445607a5132fd8a44
client/android/resources_vn/image/ui/city/newUI/common_icon_rcgn_alpha.pkm	4064	42af4dbc78242ccc9c80ce8bf0bd1b4bf821e7b856e8cb393a7687ab5b75f462
client/android/resources_vn/image/ui/city/newUI/common_icon_rcrwgn.pkm	4064	1cb0eee7d66740e37c0e0a8de1ee4fccf15a7524ef2dcd0c770087644fc9beeb
client/android/resources_vn/image/ui/city/newUI/common_icon_rcrwgn_alpha.pkm	4064	e65b8345f0078de7264476333073625f726e590886edd7c55ada683e908bd920
client/android/resources_vn/image/ui/city/newUI/common_icon_sjboss2.pkm	4064	f98ce07648eb3ef55ecec155aa47425a5f18a647fe6ffd52b9b3e1efaea38738
client/android/resources_vn/image/ui/city/newUI/common_icon_sjboss2_alpha.pkm	4064	2428eca861322524e18d74b5a9fbceb8661fc41dd206c3dc8225bcdfb35d4610
client/android/resources_vn/image/ui/city/newUI/common_icon_sxgn.pkm	4064	95058b53e28c8affc3612faa0c35fe6f2bd35f04287a2209d63f7fe9e51896fe
client/android/resources_vn/image/ui/city/newUI/common_icon_sxgn_alpha.pkm	4064	0099e7b76487f44809c1dcc0a2c264c1b8cc8521c8e14c44cd6009d6cee397da
client/android/resources_vn/image/ui/city/newUI/common_icon_tws.pkm	3712	b680550cca406efa67c7cf5bccbc24ac44da884a7a2c4b633e6309a8dff9adc6
client/android/resources_vn/image/ui/city/newUI/common_icon_tws_alpha.pkm	3712	05518eaaded156ae614485164bc1ae97604187733bf7a315f5209206fc725350
client/android/resources_vn/image/ui/city/newUI/common_icon_xhxt.pkm	3712	ae7535e2f7d83727815e282e1666910b466d9ba57e5ce42307dd45c1909b9540
client/android/resources_vn/image/ui/city/newUI/common_icon_xhxt_alpha.pkm	3712	63db7e7abd6226ad754fd5d27f2adfbf33a7df7165abb7b6dcc1394ca88683be
client/android/resources_vn/image/ui/city/newUI/common_icon_xilian.pkm	4064	b59177f495196ad935032dc66f9770a627b6bb3aa13a848e381329ad6cab11e1
client/android/resources_vn/image/ui/city/newUI/common_icon_xilian_alpha.pkm	4064	a22088fcdee391fd7d804c23eb22594dae3d9c270445ef7cc76a0a8a71dfcfd3
client/android/resources_vn/image/ui/city/newUI/common_icon_xqgn.pkm	4064	7883e6623f3cd981403e7f5c2a889c4ca286b1e6fb6b7ad096c3deee25618cd2
client/android/resources_vn/image/ui/city/newUI/common_icon_xqgn_alpha.pkm	4064	72fdcba280c690c140ffa7f900f8e368fdef648ae6d8de23c72fbd2c117ad6fd
client/android/resources_vn/image/ui/city/newUI/common_icon_xyzh.pkm	4064	569dd2fe81666b7aa00e5066f5607475efb5cf330b84cee842d36f58658dedc8
client/android/resources_vn/image/ui/city/newUI/common_icon_xyzh_alpha.pkm	4064	29193140a235cbca7b2729d175ef8ee9913dbef6b26685b1d7cb227270281500
client/android/resources_vn/image/ui/city/newUI/common_icon_zctzlb.pkm	3712	afb2e35850eec063b6d7175de756ae0767a6885320025e024f8fe6726fb6474b
client/android/resources_vn/image/ui/city/newUI/common_icon_zctzlb_alpha.pkm	3712	6c4c50780e4557934092f66731c21e4145a749dff5cf40ec2c1f0c59ebdf8263
client/android/resources_vn/image/ui/city/newUI/common_icon_zctzlbz.pkm	912	0975839f5352ec28e1d087ceb084c9faa3ca38798d39621829057dbe2e164b08
client/android/resources_vn/image/ui/city/newUI/common_icon_zctzlbz_alpha.pkm	912	04f3d43093253b0588ae62a89ad57765f7ad09509dcfc5392a5a5c5c4878cf7f
client/android/resources_vn/image/ui/city/newUI/common_icon_zdfbgn.pkm	4064	76d2f950c8e529585895080712ecee13bbf52d1fe1ca6a3fc08d0071264b27da
client/android/resources_vn/image/ui/city/newUI/common_icon_zdfbgn_alpha.pkm	4064	7d474835e4c5f51545667006b917056cfe42e4efb491628cdde0e1a50e1e17be
client/android/resources_vn/image/ui/city/newUI/common_icon_zhbd.pkm	2328	a073c12ebbb9b8903b5c4ed00072593b43231b4448103c4a00532a99d0bd6792
client/android/resources_vn/image/ui/city/newUI/common_icon_zhbd_alpha.pkm	2328	ba7b4a9b890b44b13d76798e25c6ffe8aca2db51fc6d8419f9322a4284f63b1c
client/android/resources_vn/image/ui/city/newUI/common_icon_zhujiemianchakan.pkm	496	a85e7f11bfbbf1235bddc1fdbf86098262a0b2f77f449e627084cd8b34b3243d
client/android/resources_vn/image/ui/city/newUI/common_icon_zhujiemianchakan_alpha.pkm	496	e43fb13b4e99449d7f7e79cdac48484d3913836e346fc9dae65ae989c58d50f1
client/android/resources_vn/image/ui/city/newUI/common_icon_zxrwgn.pkm	4064	33fcac5ce46b09850185b3ba480e5aa979fc82f1fea7eef1c788cefb60a8e41d
client/android/resources_vn/image/ui/city/newUI/common_icon_zxrwgn_alpha.pkm	4064	f7681d7c74471d250fb4b8ca5ce062bebf033bdd14828a88a36a74e8f86cf73d
client/android/resources_vn/image/ui/city/newUI/common_icon_zygn.pkm	4064	20e0b6c1f857b804ab0e92efc19f5e5c2f37667d30212981f26bfcd8affb97cd
client/android/resources_vn/image/ui/city/newUI/common_icon_zygn_alpha.pkm	4064	17d6e444764bd4516f629c8f23e508d38ee74d51cf28c25db75e57706cf1652e
client/android/resources_vn/image/ui/city/newUI/commone_icon_jhgn.pkm	4064	acdebe2aefedc7373bb865878d0118da8846394fc0783634dd41d40fee97651a
client/android/resources_vn/image/ui/city/newUI/commone_icon_jhgn_alpha.pkm	4064	e7a94d937b0bdc81985cb0bf4ab3f523b763e4f26471f9dc938e3c0b33565a63
client/android/resources_vn/image/ui/city/newUI/main_icon_beibao.pkm	4064	bcfe356c0804f61ee0222a304fb8ab1c794680136e20a8297424c40fea90632a
client/android/resources_vn/image/ui/city/newUI/main_icon_beibao_alpha.pkm	4064	8d5f748a04049c1d5e5443d1ad4538bc484e6b1bd104a06b737ba4bbc9926550
client/android/resources_vn/image/ui/city/newUI/main_icon_chongwu.pkm	4064	7ce0f3a46bff49f30c025b545f78ee7b8bcc27cc1765303592ca4916cd91a8d3
client/android/resources_vn/image/ui/city/newUI/main_icon_chongwu_alpha.pkm	4064	3ca50ec67ba65e06b966c4ee4b5ba05581021b9b8360b8051c1e12ca0081f9d4
client/android/resources_vn/image/ui/city/newUI/main_icon_daoju.pkm	4064	b33fa87670f316680b6e7f21c8c36b5f2db1c53870b946dfb775ae1bfe18102a
client/android/resources_vn/image/ui/city/newUI/main_icon_daoju_alpha.pkm	4064	39b57c7bedb6b03fe1d7d0e8efbf072c2e33c6b5a6cd6be2a8100ed0fd25736f
client/android/resources_vn/image/ui/city/newUI/main_icon_duanzao.pkm	4064	96a3ea9f138a9fc6a0985c4921b8423746108666c05b9366b3c6758206ed1827
client/android/resources_vn/image/ui/city/newUI/main_icon_duanzao_alpha.pkm	4064	a753cb1b6fa4c6ebad81808ea75ca26a7108aa27bedd61d6f91d92652a1ee0f8
client/android/resources_vn/image/ui/city/newUI/main_icon_gonggao.pkm	2608	a2d9b03b070a6a34416d6c3d30c6af0a6c6cebc96290a833dac3c13a9bb15146
client/android/resources_vn/image/ui/city/newUI/main_icon_gonggao_alpha.pkm	2608	6f779567731c6a79f9662dab0d151b87c52c3d2896e94ea081299250a9f73a46
client/android/resources_vn/image/ui/city/newUI/main_icon_haoyou.pkm	2608	0924d9ea775cc5b4eb7b0c80dfc004169c5a7f07a7af798afd541be5a6c6e59d
client/android/resources_vn/image/ui/city/newUI/main_icon_haoyou_alpha.pkm	2608	2bf41a7529844a00cb4c73d580cbccbecc177a0f22d7605d9f218d867cf78402
client/android/resources_vn/image/ui/city/newUI/main_icon_jinjizhidi.pkm	3216	4de9149ceb309bef6685c527fc46979d3e511ab72a4b78b51928df43106b08e7
client/android/resources_vn/image/ui/city/newUI/main_icon_jinjizhidi_alpha.pkm	3216	e034491ca1fd0be3a4b9bc5aa72bc3fff1a472af68379ea55763782257d9d3b4
client/android/resources_vn/image/ui/city/newUI/main_icon_kapai.pkm	3056	075b23874e8a8e38f2be322686349dffdfa1c5abc0fa903ef702495eda40d574
client/android/resources_vn/image/ui/city/newUI/main_icon_kapai_alpha.pkm	3056	c1fbc2036ff94a83afc77a5cc7a8d4e9d3622cbbc67474f8b0a88b494a08c684
client/android/resources_vn/image/ui/city/newUI/main_icon_meilikongjian.pkm	3360	854421eb4782c1f8f01e22640bc6d1a8d61415bdc56208202e498426f5454679
client/android/resources_vn/image/ui/city/newUI/main_icon_meilikongjian_alpha.pkm	3360	a671bbe639eae77e0f1f696101e05d65a9112c523ad58a76c95f9df34c3c6507
client/android/resources_vn/image/ui/city/newUI/main_icon_qifu.pkm	3056	ba94c30c727e2a9a07d8377808a1e14826a1a11708eb7086abc5baf36a86fb1e
client/android/resources_vn/image/ui/city/newUI/main_icon_qifu_alpha.pkm	3056	25eae2b1646068cd93db3370cba763e3ba69d58ee7d751d22724ab708f4ff0e5
client/android/resources_vn/image/ui/city/newUI/main_icon_renwu.pkm	4064	20d371dda8c05892b1cd8f79047a2088f2767576455ce5830a4d09741537c248
client/android/resources_vn/image/ui/city/newUI/main_icon_renwu_alpha.pkm	4064	6f71386f41fd9e7fca1d79069dfe6862c1d9d09669505219cd50cb26c116deae
client/android/resources_vn/image/ui/city/newUI/main_icon_shenggxt.pkm	3360	e1cb4ddb5478c2afc36ce56a51b641ab8a20c1c206ba48256c0eb9e29641e432
client/android/resources_vn/image/ui/city/newUI/main_icon_shenggxt_alpha.pkm	3360	b49cb7b8ea3787557d8ddc8c8b64265ee5c67febf16a63bddcf880388eebd9ac
client/android/resources_vn/image/ui/city/newUI/main_icon_shezhi.pkm	2608	8d1a748ba8f0e08fbbfa618cab3f141e8fdc85e1ba9dc6212cbb3f88e34ed48e
client/android/resources_vn/image/ui/city/newUI/main_icon_shezhi_alpha.pkm	2608	0235f742d06285444c549381ad279fec7f71d8445d6728ff3d250afdf0041db6
client/android/resources_vn/image/ui/city/newUI/main_icon_sousuo.pkm	3360	a0eefa3fe6454b0b42bc86b33fba24eb686795062308404157fc5d977c74e283
client/android/resources_vn/image/ui/city/newUI/main_icon_sousuo_alpha.pkm	3360	d5c475886d23ccceac57cff53a56c4a2cec00fae3fae0ffe9f9cc92581b2f368
client/android/resources_vn/image/ui/city/newUI/main_icon_xiulian.pkm	3056	409ff9c806e0afcb8b06532d4f1f7ed2648968bc22c16a0bf0ac0469e292f59e
client/android/resources_vn/image/ui/city/newUI/main_icon_xiulian_alpha.pkm	3056	83d720006beeac19b27414b0b24ac7c9236288cd3e6063284619d6a541ee9aca
client/android/resources_vn/image/ui/city/newUI/main_icon_yichu.pkm	3056	d01193b049bfd5567a014b77ce91898708b7c1631719765ced1ffb09923fcfb4
client/android/resources_vn/image/ui/city/newUI/main_icon_yichu_alpha.pkm	3056	72a980575fd034bdb8b87f068591ac9f8c59e2105ba759c3da9a92a4668294b3
client/android/resources_vn/image/ui/city/newUI/main_icon_youjian.pkm	2608	f5ce3aac088a836d74e8b22e82a09a7777f0f0cb42452f2f74b4767ece021fb7
client/android/resources_vn/image/ui/city/newUI/main_icon_youjian_alpha.pkm	2608	4f221c5c47ce5a62e6d684d4cd69924ffdaeabd385080d0b73fe7509b5a5e164
client/android/resources_vn/image/ui/city/newUI/main_icon_zhiyin.pkm	2608	a63c45b3394544fc12635dd0bd81f2603d405c491e42867cea25eb95dd799f68
client/android/resources_vn/image/ui/city/newUI/main_icon_zhiyin_alpha.pkm	2608	5513c991c19cf7fed9125744d95b48deeaf045d16e609964f059641d70ee83de
client/android/resources_vn/image/ui/city/newUI/main_icon_zuoqi.pkm	4064	8595639ff624c86b5e70efdcef36e7ffc38e9e1dbbe037dc7a19fb6d9f2c8276
client/android/resources_vn/image/ui/city/newUI/main_icon_zuoqi_alpha.pkm	4064	d4a185290d87ea647e75fe0482f095d5e386f60e080a82bb1d46d80df0a9b666
client/android/resources_vn/image/ui/city/newUI/maininterface_icon_jicheng.pkm	4064	20e0b6c1f857b804ab0e92efc19f5e5c2f37667d30212981f26bfcd8affb97cd
client/android/resources_vn/image/ui/city/newUI/maininterface_icon_jicheng_alpha.pkm	4064	17d6e444764bd4516f629c8f23e508d38ee74d51cf28c25db75e57706cf1652e
client/android/resources_vn/image/ui/combat/battle_icon_btn01.pkm	984	3a9acb3a91e417ed19dc65511ec9a434592b5c5388ff759cd5a794527465bc11
client/android/resources_vn/image/ui/combat/battle_icon_btn01_alpha.pkm	984	76957561018c354ac1069591d44a1c60268bda926b252cf0ce936e7c79417312
client/android/resources_vn/image/ui/combat/battle_icon_btn02.pkm	984	d122c6752ec2815b39a166e022f6d910027f52ad6ba966b3824f1fa2bdb927d7
client/android/resources_vn/image/ui/combat/battle_icon_btn02_alpha.pkm	984	76957561018c354ac1069591d44a1c60268bda926b252cf0ce936e7c79417312
client/android/resources_vn/image/ui/combat/common_icon_baoji.pkm	7008	08d2f23c9eb150e40b2cbf5bb49e6572ca19dff0f14d736dcbdf215e9c6227ae
client/android/resources_vn/image/ui/combat/common_icon_baoji_alpha.pkm	7008	841fffff54e9e9a2e2308e54a264edb2c79de48727d91be9480cd33ee05900f7
client/android/resources_vn/image/ui/combat/common_icon_bpdtgjgw.pkm	9616	1cdf9e60611e6eb483c169b89088d7594cf046240e9e80c45618b12e3543f952
client/android/resources_vn/image/ui/combat/common_icon_bpdtgjgw_alpha.pkm	9616	e405c039f7718ff3773e2dce3a27f8965ec5bbf024c70d802096b0bba9788604
client/android/resources_vn/image/ui/combat/common_icon_fzzddwcrw.pkm	9616	a6f8fd5efd3da79adbc67688f358581d91957b7f04162de44fea4a49f0828cd5
client/android/resources_vn/image/ui/combat/common_icon_fzzddwcrw_alpha.pkm	9616	a56d048414b31fe5e025fd2e0c53d2aec8f632549776845ef5fe6e1d60e2b7f5
client/android/resources_vn/image/ui/combat/common_icon_gjbxghdjb.pkm	8552	06615e4be2ec09c149e11ea7708267c806973d5ed4f0ff882be1a9574836a6c4
client/android/resources_vn/image/ui/combat/common_icon_gjbxghdjb_alpha.pkm	8552	1b547d2a89a2af2f6c96ccb558caf26e5f51f5fabcbb96a362aa4e5e2407f143
client/android/resources_vn/image/ui/combat/common_icon_gpsjzyfx.pkm	8944	e20b9ba56b5dd718305b7c107de6a0aecc6d1142c9e96520a3d55b5b5bff71a6
client/android/resources_vn/image/ui/combat/common_icon_gpsjzyfx_alpha.pkm	8944	78de42697f395fd9fc55a2a55b9a8ec5e1834032edaf1909ccf63cb600ad1ab0
client/android/resources_vn/image/ui/combat/common_icon_haiweidaonidehuihe.pkm	4944	b0d9ddc373a2fa2a611834a5f414ba412bd1d95f179451113d116476814dbb56
client/android/resources_vn/image/ui/combat/common_icon_haiweidaonidehuihe_alpha.pkm	4944	ab36319c15c7a4b73ce94ef90f6c15fe6cb3258e7747a6195d699cc3352ed10a
client/android/resources_vn/image/ui/combat/common_icon_jxjn.pkm	43216	a7dd356482e670b6b123655eeadf04d56ae8ecfef7b0b3842646ae6215ca2981
client/android/resources_vn/image/ui/combat/common_icon_jxjn_alpha.pkm	43216	3e2231d4110e9cf0425a69e55172cf29831afabc8ae240726a4ebe6d466c1e9f
client/android/resources_vn/image/ui/combat/common_icon_lundaonichushou.pkm	7576	c150eee62e8d5437adc58bb9708f36d8e35125545cdb94b4b8ba47b32cacfca7
client/android/resources_vn/image/ui/combat/common_icon_lundaonichushou_alpha.pkm	7576	e16cb2fe7aac26da9c9d7e59488b4e98c73f2e9b1e215d425deeb9f15702e40d
client/android/resources_vn/image/ui/combat/common_icon_zhandoukaishi.pkm	43216	5b6826ef5173a4b911706b51a7ea85795f46184af30a514cb40524dec9bf1ccb
client/android/resources_vn/image/ui/combat/common_icon_zhandoukaishi_alpha.pkm	43216	3a728e7a42b48a73094c0dc9b177ddb36ab23d47430763325c235ef7337e1d17
client/android/resources_vn/image/ui/combat/common_icon_zyflgjgw.pkm	6928	80a9e5c3f79e53fe53934a423c83594aa9d0fe97257c1a2865e2fdf7ae321525
client/android/resources_vn/image/ui/combat/common_icon_zyflgjgw_alpha.pkm	6928	01cfabe813a4200b8a8e5d638165387420bd0f66790e18bd02cc4fe586f1d293
client/android/resources_vn/image/ui/combat/common_icon_zzgwtlhdjy.pkm	9256	e8997e02e6ccc5a660f71abfd3a02b0454318c083b8c6f3944a5fede167cce71
client/android/resources_vn/image/ui/combat/common_icon_zzgwtlhdjy_alpha.pkm	9256	04ace4d390fad2f56c20d4a08a4e5a4349c858540c84c6d51171d49a52bcfe38
client/android/resources_vn/image/ui/combat/common_pic_xunlianyfl.pkm	14656	554a368955d484a2b08d96a5e950167b763035592461aace61bac7087d36cae2
client/android/resources_vn/image/ui/combat/common_pic_xunlianyfl_alpha.pkm	14656	ddbae123a267592980ccde138b3d837795f79a6b24818a7525eb4b6d876c4712
client/android/resources_vn/image/ui/combat/common_pic_xunlianyfx.pkm	14656	67036f2974f774f9a97c0d44812d5abf27030604112354c592dc2ce5e904c894
client/android/resources_vn/image/ui/combat/common_pic_xunlianyfx_alpha.pkm	14656	e6cb2af6ccaa1e72252bdbdd49a546457f9c037fa1a08d0876047656228d518e
client/android/resources_vn/image/ui/combat/common_pic_xunlianygp.pkm	14656	36355dc94cee58cb77c9063044fe8f03c2766a9243fd4eab2ba98dffbb622b05
client/android/resources_vn/image/ui/combat/common_pic_xunlianygp_alpha.pkm	14656	bde9d05f3a9bb03e87ebee86fbdc6a2f8302abdf9d3c9b126915f168a1f86593
client/android/resources_vn/image/ui/combat/common_pic_xunlianywk.pkm	14656	8647dfe99d13c21f0e3a0923c94e118c8ddcf8d7d76b060929fade31852b0ca6
client/android/resources_vn/image/ui/combat/common_pic_xunlianywk_alpha.pkm	14656	764df1e805bde1a65d5d19ff997c7732bc513b0c5576e2eb439133dafd7dc587
client/android/resources_vn/image/ui/common/commom_icon_yhd.pkm	3184	f5028f2fb626f5317a76e707bd037b0d700ac3d3e8e902a8b2d6ad82ce3a8427
client/android/resources_vn/image/ui/common/commom_icon_yhd_alpha.pkm	3184	015602da7cb0c6574bbf8e21e6b1af676780f28107ee1f9bb906b5dbdd400726
client/android/resources_vn/image/ui/common/common_icon_cjjs.pkm	2176	3d03c318a78b5d2c20ee7ba23db8758907d3c718403536b9708ed5301717cf7e
client/android/resources_vn/image/ui/common/common_icon_cjjs_alpha.pkm	2176	90bfcf99ee09de0d7b7141c00f12bec53423ad750792f60d63e88b819ce8bf88
client/android/resources_vn/image/ui/common/common_icon_drfb.pkm	2176	b075e8ed0f21106d525487e01c4cbdf205e1f3874cd20755ceb6531f0b07eb92
client/android/resources_vn/image/ui/common/common_icon_drfb_alpha.pkm	2176	a77157237ee187954022f55d663b98066777625800f7ffd7ccb104d6166390b0
client/android/resources_vn/image/ui/common/common_icon_family.pkm	2416	69d0e8368e363fb7d40cf84a418a58de3f58f6755bef27379847f5c93fdde39d
client/android/resources_vn/image/ui/common/common_icon_family2.pkm	2416	a8901c5f7d5408561b70e2b0d26bf1030f95a6876a758257796e74b1f2e8f374
client/android/resources_vn/image/ui/common/common_icon_family2_alpha.pkm	2416	0427f21cfefb7a38d97f22dfce0e5c67119a889d19da45993f5e3c7076b54ce4
client/android/resources_vn/image/ui/common/common_icon_family_alpha.pkm	2416	10116c5aa47bd61fe112f4ebe370de191f00b4946894f2f61e8c0ac09bb0cbeb
client/android/resources_vn/image/ui/common/common_icon_fqfb.pkm	2176	15badb60b12739c9decc66119f05774d276e73b54327ebf19b2beb2eb2e6677a
client/android/resources_vn/image/ui/common/common_icon_fqfb_alpha.pkm	2176	7f8bc476d161295ee10405ca02d7ffaf6ea57c5633d418f9b71a1443eb78eb23
client/android/resources_vn/image/ui/common/common_icon_fqgx.pkm	2176	4e82f4bfd12631195777277d75c6d08a7ab10c45559bdce1c7ca9756dcdf5efd
client/android/resources_vn/image/ui/common/common_icon_fqgx_alpha.pkm	2176	73f51eb244593ea62502dbd957d6f6e49649f01604c62c75f09b2906701545c3
client/android/resources_vn/image/ui/common/common_icon_herotower.pkm	2480	5f7478ddf7a03eb43819e5c1e0c47cbde629826576df43f3176d374c3d4bcaa6
client/android/resources_vn/image/ui/common/common_icon_herotower_alpha.pkm	2480	3ec3ec9f6191044ba8138a65e0cc3e23b5c37704cd073fe3c5e05296cf2ca2a9
client/android/resources_vn/image/ui/common/common_icon_huanhuabox.pkm	2416	34c503dbdcf794877be479f7b2d8e1c3ccf3fbf2a919acf700963b017d69132b
client/android/resources_vn/image/ui/common/common_icon_huanhuabox_alpha.pkm	2416	2ea46f55a63b0f6edb7adb7f031ffc76daa4c2a3a714a161f19464edd5708e20
client/android/resources_vn/image/ui/common/common_icon_jhs.pkm	2416	175796b2b5e298570a5c1b15cd96c4508cce4b4d4be7792d8f6d0b072c4e6ec1
client/android/resources_vn/image/ui/common/common_icon_jhs_alpha.pkm	2416	86d94f4e7e4c550ecdaff6bd89dd0cd381f1d09abcad70d71c8ad016bcfd8a4a
client/android/resources_vn/image/ui/common/common_icon_jingjichang.pkm	2656	8256d7df6e450f5cb8189c679d6f6be672913271cf7d5040833a3b2b1a768d5f
client/android/resources_vn/image/ui/common/common_icon_jingjichang_alpha.pkm	2656	6553c52fe8f0fa9e73434b4ad64e95155c9c42847c2c55c397f01f14b28f50ef
client/android/resources_vn/image/ui/common/common_icon_jingjidating.pkm	2176	1071a29adbde89d74dc6a3bf2b3a327e94533d9a0b8e7308113866eb692fbf1c
client/android/resources_vn/image/ui/common/common_icon_jingjidating_alpha.pkm	2176	004909f6f4b0ab0206ee7cad46abc3c0f8eaf2013b448b43cc058b295f413c14
client/android/resources_vn/image/ui/common/common_icon_jingjifangji.pkm	2176	fe63233743ae85619cd570aae78d47e28e68c457bcb9a9d477529f5945878761
client/android/resources_vn/image/ui/common/common_icon_jingjifangji_alpha.pkm	2176	c042ae655b909b8f6e7fa1c81b6f905e3601fb6b458f379a6a74e245be39db42
client/android/resources_vn/image/ui/common/common_icon_jjzd.pkm	2040	f8c5c25e213ff3b200b52d36890151ac24dddbbf73da930eff385202bf9e94b4
client/android/resources_vn/image/ui/common/common_icon_jjzd_alpha.pkm	2040	33dd1f8e9432afb4534d336b478f8bb8e756f8468f6c8b8f0d5203ea490783af
client/android/resources_vn/image/ui/common/common_icon_liusha.pkm	736	6ba735f2b5ebc008c87d6a7fd27086ec44e9b16f454e20d9f3b3f6282059a9bf
client/android/resources_vn/image/ui/common/common_icon_liusha_alpha.pkm	736	70f2fa56fb67c614afeb0ec010dd6a851cf5c109086cef7bef8e0d00889929aa
client/android/resources_vn/image/ui/common/common_icon_mrhl.pkm	2176	c2760fdd4e331325f9f9c395803b78a2e552818d0eb6a80095cbb2fcef7d5dfb
client/android/resources_vn/image/ui/common/common_icon_mrhl_alpha.pkm	2176	b11fa3b01b1d773031ba3ee21f2d777d5aa83f7fbea378ff66ecd1169dbc23fb
client/android/resources_vn/image/ui/common/common_icon_qifubb.pkm	2176	23e8158204d7b7859798697cb4b65782eca5214db8cc1f8fd4f208f7c88e32b5
client/android/resources_vn/image/ui/common/common_icon_qifubb_alpha.pkm	2176	0bc4ea4fe2a1135f059aea2da0fee114c402f11cab69d2950f4bcb4fe946e2ab
client/android/resources_vn/image/ui/common/common_icon_sjboss.pkm	2176	9bdbf565e704a3e9903ff7c536e7757119fe4dc190d14397ffa997cc8d08eb41
client/android/resources_vn/image/ui/common/common_icon_sjboss_alpha.pkm	2176	fb7adeb20d450c793dd9ae2507068c1c7f62740c11578b94f1adfd526769d3b0
client/android/resources_vn/image/ui/common/common_icon_stsd.pkm	2176	1befc6e41df22388d98cb4043724bcd687867061d36aea533e1c5389f832c16b
client/android/resources_vn/image/ui/common/common_icon_stsd_alpha.pkm	2176	72b1f1cc477f40792bd31fbd868f7ff48c1c505961d090c0c18bac4dc93d4e01
client/android/resources_vn/image/ui/common/common_icon_sylz.pkm	1696	e4b766d4c1855ac752f7b2b933c5d199900d77750d0c17c8bb846ae5eb13d7a9
client/android/resources_vn/image/ui/common/common_icon_sylz_alpha.pkm	1696	9dc73eec9649a2c433c004ded74950f478eae96deb90eb7fc407f4497ac0f975
client/android/resources_vn/image/ui/common/common_icon_szzh.pkm	2176	02a7f9b84fe12fa30aaa4a0b7e24ecf0789dec53412cd912339549090fa3fec6
client/android/resources_vn/image/ui/common/common_icon_szzh_alpha.pkm	2176	8a9eaad6d87186402ddfa92f19ff7eb6e75c605612b67ff2b27e54d75f5871b8
client/android/resources_vn/image/ui/common/common_icon_wjxx.pkm	2416	d16073706c1f979ca07b3ae98baa3364730ce4c923bd7cccdf10c82efee64d5e
client/android/resources_vn/image/ui/common/common_icon_wjxx_alpha.pkm	2416	7c03c7faae78c1826d7250f818134dcf818a61e00038ab95059492e8b8eb6fcc
client/android/resources_vn/image/ui/common/common_icon_xkhj.pkm	2416	75dddf282fb84c8e7b1160dfc27b7ffdadd252fb7e482e8a85bd05077d1b9a88
client/android/resources_vn/image/ui/common/common_icon_xkhj_alpha.pkm	2416	ad5b3e40c15fbee6f9a2949dc557e4219721b361dad0f566a7c90e41bee12153
client/android/resources_vn/image/ui/common/common_icon_zyxt.pkm	2416	38a8a76f0356ffc60a37a14f7650ef2e872fe103ecf239123f79b95c641f7f21
client/android/resources_vn/image/ui/common/common_icon_zyxt_alpha.pkm	2416	4b7b1ec667d974b61584fc44ecf9d8005235fb960b415b238597a4e6c78b41ca
client/android/resources_vn/image/ui/common/common_scale9_zuduifb.pkm	2176	8ce1dbed0ecc7d2856e55dee15aa43ca0e6521ae6b34d1ad65a5636649b5d3de
client/android/resources_vn/image/ui/common/common_scale9_zuduifb_alpha.pkm	2176	995fdb0e6329f0cf1fb80d8a51cc105f8b2530306969f0e54a135446fdc878bd
client/android/resources_vn/image/ui/common/remove.txt	13	522d47daf8ac72a80fc84392bbbcf50db52c5d7061b3d84bdd4f654862392f18
client/android/resources_vn/image/ui/community/bag_icon_chuxianfj.pkm	2176	5b0b737b091d541bd8e61e2520e949b2f9efcd30df48c1957be278784dcc672e
client/android/resources_vn/image/ui/community/bag_icon_chuxianfj_alpha.pkm	2176	59f042a7fd6a0be4cd2b8c495433247509b536908204cfb15a34bbbe459517a8
client/android/resources_vn/image/ui/community/bag_icon_gonghuizhanfj.pkm	1696	e081fc60edfa957b928c11d3bebb2944633e0127b88abed7c19dadf8d3444827
client/android/resources_vn/image/ui/community/bag_icon_gonghuizhanfj_alpha.pkm	1696	4b5ed0d4c8bfa8f762502a146b0dd1d1e0395779f1cc40854715ccd8ddfe8375
client/android/resources_vn/image/ui/community/bag_icon_ruweisaifj.pkm	2336	c9103b02a75d6bde75e4ad6591f45317fb299b2e4185c6c2c6dc44a820ac93d1
client/android/resources_vn/image/ui/community/bag_icon_ruweisaifj_alpha.pkm	2336	6cd581fd035cf0ff285caa808504986d2c68848742359e683d1ab49a2f18091e
client/android/resources_vn/image/ui/community/bag_icon_taotaisaifj.pkm	2416	d38bef08ac64958d4b719439fe03432abb3409df94449c75ec0bac9b331c5fcd
client/android/resources_vn/image/ui/community/bag_icon_taotaisaifj_alpha.pkm	2416	cb1801956f457bd73b92bde085b821105c16f45b199ed27eb93310564241a4be
client/android/resources_vn/image/ui/community/commom_icon_jiangli_2.pkm	744	140c59ca0fb1c924115a94f143957a4056295c620792de22ad8c5cd0844a08b3
client/android/resources_vn/image/ui/community/commom_icon_jiangli_2_alpha.pkm	744	90477afbe9e3b75ebb7d4d03371b4ba91730b9d79f71c16a2db654ae9ff9c7c4
client/android/resources_vn/image/ui/community/commom_icon_wz_dailiren_2.pkm	1024	b31a1150a7090cc45b417fef6dc323e13cee17ea58f00df36a32e4edd6698c70
client/android/resources_vn/image/ui/community/commom_icon_wz_dailiren_2_alpha.pkm	1024	855d419119c2bc1dfa9d502c9a5b38a250e335f81228c559c37a092e86b79384
client/android/resources_vn/image/ui/community/commom_icon_wz_gonghuifuben_2.pkm	808	ac5796434c235d54451ef7f4ba4fc63c6296da81416baf163f469eebcdcbbf00
client/android/resources_vn/image/ui/community/commom_icon_wz_gonghuifuben_2_alpha.pkm	808	83df6d0f4988294e57624a20de5d30d5fc83a5d3ed84fd858a989a1335498a8e
client/android/resources_vn/image/ui/community/commom_icon_wz_gonghuipaihang_2.pkm	1056	e17a7fab2dcc52cef28991c97973f586d58d31f21be9bfe32a0e732fe6d0fd4b
client/android/resources_vn/image/ui/community/commom_icon_wz_gonghuipaihang_2_alpha.pkm	1056	f0b9e21a61b9d56889e07100f9657c95b82d611df85ff072155ea07349d9b48e
client/android/resources_vn/image/ui/community/commom_icon_wz_gonghuirenwu_2.pkm	1136	601f2bcdae2881be68569b16ab9d79c960358cbcf0127ab13933162791662c2e
client/android/resources_vn/image/ui/community/commom_icon_wz_gonghuirenwu_2_alpha.pkm	1136	9af4764168373ea97bf5981360fed011f21a096d902a57405e4896f40ef5938a
client/android/resources_vn/image/ui/community/commom_icon_wz_gonghuizhan_2.pkm	1192	8771315486375cd067aa46809b468599a6c734314f3541756c3074098d68cf9d
client/android/resources_vn/image/ui/community/commom_icon_wz_gonghuizhan_2_alpha.pkm	1192	035175e5d689353afaf92bda00adeaa4004daf5a198b3c7ba6c3aed26af28804
client/android/resources_vn/image/ui/community/commom_icon_wz_lijie_2.pkm	744	aff18a67dd033d39a4a2bd0bfa21b7f910fc1366af54d84e4db89bcfa10474aa
client/android/resources_vn/image/ui/community/commom_icon_wz_lijie_2_alpha.pkm	744	35d8a95a7c21cc89295329ee4cf4754e501925be445c47c7a4748265b9846273
client/android/resources_vn/image/ui/community/commom_icon_wz_mubiao_2.pkm	744	a4dc805cb80ea286b6f7d58d3026234f574ce5cb553ad2ac29c797dae12352dc
client/android/resources_vn/image/ui/community/commom_icon_wz_mubiao_2_alpha.pkm	744	19660bdb7c95541bb17790cac1a9ae238ce937c12ecb379af2cceeebafea597e
client/android/resources_vn/image/ui/community/commom_icon_wz_tabhe_2.pkm	632	34fd48b6a80283b6b574734e551d4e5271aea00535eb2f3e03dc5c2e59074517
client/android/resources_vn/image/ui/community/commom_icon_wz_tabhe_2_alpha.pkm	632	c0b691ba2509304a2110be694f9507ef5fa219561eb789ed2b962d5171d2b604
client/android/resources_vn/image/ui/community/common_icon_chuxian.pkm	1264	b72d2ef77a423d19e90e807c25cbb139280af390ac945300e295d6208405288b
client/android/resources_vn/image/ui/community/common_icon_chuxian_alpha.pkm	1264	59fefc4481811ce8336eb0bb35ff1d135cfeaa4a946dfd370f29eb778a5f67c2
client/android/resources_vn/image/ui/community/common_icon_dtz.pkm	2176	ddd3bbd62117e36298169eae598d648e5733f02515069208e4c5f5f66eefaab2
client/android/resources_vn/image/ui/community/common_icon_dtz_alpha.pkm	2176	9e54176b8cf8c0aa38294685daf3ad36f51fb9fa7197da1d43f541782ebffa19
client/android/resources_vn/image/ui/community/common_icon_ghdt.pkm	2816	050cc137345999792548c3dd3f31dbd08621bc5c2dfbcfd0c5a111474644ad0f
client/android/resources_vn/image/ui/community/common_icon_ghdt_alpha.pkm	2816	1ea0f5b4e88793ba9f3aa2c85f907657c4bac268b90b6eea118660d03b7ec7f8
client/android/resources_vn/image/ui/community/common_icon_ghfb.pkm	2176	01e55677956f91fe3c1193c30724b53c7fa7a4ea1a5d58a01e532ca1ac5bd5e3
client/android/resources_vn/image/ui/community/common_icon_ghfb_alpha.pkm	2176	baf825332fb657d64245515b5751477223c996bea872c726fb52013f8cd9c205
client/android/resources_vn/image/ui/community/common_icon_ghph.pkm	2176	cde2184d9eca90cbed1cf1632f3e2b1355f9382b1cb1a642b4bf2d8a85e23366
client/android/resources_vn/image/ui/community/common_icon_ghph_alpha.pkm	2176	6f3d4f190b53366f176c4ec9ccc4854aacac5fb4332ffb4cbcdd75016e604418
client/android/resources_vn/image/ui/community/common_icon_ghsd.pkm	2816	30f41cf02e524e87d7d904af08380fb29ff684431f8a446f12f8bfe5e84f0ac9
client/android/resources_vn/image/ui/community/common_icon_ghsd_alpha.pkm	2816	03116352b3165319c8fef522e5946a1fec840f9689a405d3ffabddb7a35e7342
client/android/resources_vn/image/ui/community/common_icon_ghth.pkm	3712	fabda87e9f6c71db9c303846d18e4fbf650ec07af37eae0728fd19b631e069b7
client/android/resources_vn/image/ui/community/common_icon_ghth_alpha.pkm	3712	648df22fbf1e24118e08b0754e914caafdb7eea3cb6df9ec2bb478b56b40695b
client/android/resources_vn/image/ui/community/common_icon_ghtt.pkm	2816	59d1a6552c81e710ad67c11fb8c89a3458c2de7212ddfc13b950574b53ba65c9
client/android/resources_vn/image/ui/community/common_icon_ghtt_alpha.pkm	2816	df2f327698759d9e894a4215dd223403e4a1fcb6de618582c7c185289faba51e
client/android/resources_vn/image/ui/community/common_icon_ghz.pkm	2128	63fe8f0a70d478d1cbacf2cea989d5a8f2075cb28a69e9d2af1fe1b73dbea9cb
client/android/resources_vn/image/ui/community/common_icon_ghz_alpha.pkm	2128	ebe130693609652f9e4f6a3b43ea8c46f659a6690ae89bdcf5e9b69bfe5a24e1
client/android/resources_vn/image/ui/community/common_icon_ghztt.pkm	3712	ff85e9a80bbb376c9c4f7498e1f6bd14f325ec1063cfaee0d89e26fa39b49b48
client/android/resources_vn/image/ui/community/common_icon_ghztt_alpha.pkm	3712	ac8024cc60d5ca282edb08ae33a65b237d14271e47cf594a2c29fccfa32f78c9
client/android/resources_vn/image/ui/community/common_icon_ghzwz.pkm	2176	9b3196e5e51789b8ac276b8627d45100aac6390a3570534cd3a7e8efe04f2492
client/android/resources_vn/image/ui/community/common_icon_ghzwz_alpha.pkm	2176	7699da9c5a7e252d2e4376dc6d7dbd2450e2f77d1f178b1c3fe52bcc987a9e47
client/android/resources_vn/image/ui/community/common_icon_jnxt.pkm	2176	9cb527fbb305f2697b929f2f47787ee43b5d9d47cecfbd41bdf17e0c570ace41
client/android/resources_vn/image/ui/community/common_icon_jnxt_alpha.pkm	2176	e8aa02e52e5673862b58ad07658525b11cd650dd8033c679c8608290b17d97e6
client/android/resources_vn/image/ui/community/common_icon_jnxtz.pkm	2736	7d7275b68bfeb6f49b593400abe067b50d8fbfb69bfd76c4c53af0c2fa913f43
client/android/resources_vn/image/ui/community/common_icon_jnxtz_alpha.pkm	2736	8bae860b49a53c30605f2010a67ac00e50c89bdbfa90164228d767ca2f444f9c
client/android/resources_vn/image/ui/community/common_icon_phztt.pkm	4064	def1e9ffb9a363266d89f7e73d948682562a204181720cde433a4b398b5e6715
client/android/resources_vn/image/ui/community/common_icon_phztt_alpha.pkm	4064	7ba061792801c3af9e3b89a20a596a5be6deafacdeb166d033834d7618bd7be3
client/android/resources_vn/image/ui/community/common_icon_ruwei.pkm	1264	d74620a85eee9cb595fdf2e004cdcfad38049cf465d1de7385607481619d0eff
client/android/resources_vn/image/ui/community/common_icon_ruwei_alpha.pkm	1264	59fefc4481811ce8336eb0bb35ff1d135cfeaa4a946dfd370f29eb778a5f67c2
client/android/resources_vn/image/ui/community/common_icon_sdz.pkm	2176	db81cd43997459f9ef5f345465b93f999186a3997f774b2f4a68792392a028af
client/android/resources_vn/image/ui/community/common_icon_sdz_alpha.pkm	2176	bda82208698fba35ec340a6d09fd11135fa9b1bf640a539513c2222e64ce1fb7
client/android/resources_vn/image/ui/community/common_icon_szgjgh.pkm	2200	5ca176fa0d80ed815ebb4947a510591a4106711cf7248baa489e3ba858d4cd76
client/android/resources_vn/image/ui/community/common_icon_szgjgh_alpha.pkm	2200	96553e11c94ad3fef4d4789e4097314bb925138ef7863c2b06bd8f68fcebecc4
client/android/resources_vn/image/ui/community/common_icon_ttz.pkm	2176	c78f465df01f238aeaa23d5817fc14b8e0efc83bfdf7eba97f9ebe959b9e7d0c
client/android/resources_vn/image/ui/community/common_icon_ttz_alpha.pkm	2176	9274d95b5e421c0f227abc2baed17fdcd541ccaf7d4723082eebd6b0c4325dc0
client/android/resources_vn/image/ui/community/gonghui_biaoti01.pkm	1936	6c86a5eaddd3e79aaa7853cb27d33481ce91f3adca594366f5574973b0940b95
client/android/resources_vn/image/ui/community/gonghui_biaoti01_alpha.pkm	1936	2d1fa7754c1dc43e7ab0ad554302334d41a21330c7062308d60d40262ad7cc75
client/android/resources_vn/image/ui/community/gonghui_biaoti02.pkm	1696	e49c737769c7f4d4410c7450a40890d32d5149bf0988b78de6b8c704ea3fa61e
client/android/resources_vn/image/ui/community/gonghui_biaoti02_alpha.pkm	1696	178e593ad7e8c6c3e9234b110fe1289421a616474a912ad75ab140dcd5381743
client/android/resources_vn/image/ui/copy/commom_icon_ytg.pkm	3184	bbff62cb6032265d463676074cc0611ed9d7723e1784cecd79da332555a5b1b6
client/android/resources_vn/image/ui/copy/commom_icon_ytg_alpha.pkm	3184	e8c84ca80df8a3d012346713db3a65bd58617bdd0176cbc691bf80f2bfd8e9ad
client/android/resources_vn/image/ui/copy/common_icon_drem.pkm	4064	083afb59863ef0950ce7072af65fb7e14fc1318cde1c80af5ba4fe9abd31b874
client/android/resources_vn/image/ui/copy/common_icon_drem_alpha.pkm	4064	4bafb9daf682dc15cd424ef80bfd4ba436be9f9421945d6f5b480a1fa6086b3e
client/android/resources_vn/image/ui/copy/common_icon_drem_sel.pkm	6512	f23b99eb8792dbd5085d6faf99784bc754583eaf20d6535432f74723b65c5b2c
client/android/resources_vn/image/ui/copy/common_icon_drem_sel_alpha.pkm	6512	8394658636dcafd699e32f3f38be4319a1a8eb9e13b54b0ebee91c2417931a62
client/android/resources_vn/image/ui/copy/common_icon_drjy.pkm	4064	f71a155797b6ce024f341695cd6d4571d70c1598ffd5d4c15e335964ff5203fb
client/android/resources_vn/image/ui/copy/common_icon_drjy_alpha.pkm	4064	2311e5c59ebd6480e125bb24af240ae5f6afce3b80fbee670a19f13bc43ceca3
client/android/resources_vn/image/ui/copy/common_icon_drjy_sel.pkm	6512	8689bae0569ea62f9e483b65e83e79a8e9f1406a9d75750f1b1957a91e0bc411
client/android/resources_vn/image/ui/copy/common_icon_drjy_sel_alpha.pkm	6512	f950c9a382e5ca7948c8fcdd99e86f582ff7b2c5960e2098a33aafb915da4ee7
client/android/resources_vn/image/ui/copy/common_icon_drpt.pkm	3712	939e83d0fc4855dc60fe08e0da4d55cb5fe14794fafda5d9504196e4ea1b97d7
client/android/resources_vn/image/ui/copy/common_icon_drpt_alpha.pkm	3712	7f341403c47b2fa6cb5c82a69bd3966e96dd3bef5ad0e8235ef7268f353b62c7
client/android/resources_vn/image/ui/copy/common_icon_drpt_sel.pkm	6064	9fcffe0e37637982b8706bd8aca9071af501b85ecd20465133bbf0ccde8488f3
client/android/resources_vn/image/ui/copy/common_icon_drpt_sel_alpha.pkm	6064	53c246f01721f78b55fa05a7a286a2b13b271cc8c8c9612ed9511763f271c607
client/android/resources_vn/image/ui/copy/common_icon_herotowerbtn.pkm	4064	86b910ec687bb7cb8b29bd86baa67f04168ed170947bbe3c26e3e96ee36051dc
client/android/resources_vn/image/ui/copy/common_icon_herotowerbtn_alpha.pkm	4064	2ac3d103f940d864b2decb52b561710303e73fec3ab3d334a0efa35bb03b6600
client/android/resources_vn/image/ui/copy/common_icon_phztt.pkm	4064	def1e9ffb9a363266d89f7e73d948682562a204181720cde433a4b398b5e6715
client/android/resources_vn/image/ui/copy/common_icon_phztt_alpha.pkm	4064	7ba061792801c3af9e3b89a20a596a5be6deafacdeb166d033834d7618bd7be3
client/android/resources_vn/image/ui/copy/common_icon_towerbtn.pkm	4064	4c28c57e6c720fc9bc38c91c51ee253b895f42c3577a13aeff9f9e7dd49fd8e3
client/android/resources_vn/image/ui/copy/common_icon_towerbtn_alpha.pkm	4064	bac67bbf9f1fa4e6daf72926f4b4b01371950f9b84e351beef209e034a878af5
client/android/resources_vn/image/ui/dailyCopy/common_icon_cwdb.pkm	24616	3c25a21a3e4a9512e38c4119446e17e0646b1d983d6dcc2c7584b674c7c5186c
client/android/resources_vn/image/ui/dailyCopy/common_icon_cwdb_alpha.pkm	24616	795d18392998078bacbcd2c9d62e6a6797c744075fb586597e7541329a03cd56
client/android/resources_vn/image/ui/dailyCopy/common_icon_diyu6.pkm	1856	508f91d842cfa072d28f47076532c7106fc5ab2bc20c4a00eb0c27434c50f977
client/android/resources_vn/image/ui/dailyCopy/common_icon_diyu6_alpha.pkm	1856	5ac33905535e317310dae6884d078ff20b63451343d806277ab0b0b8ba6fd279
client/android/resources_vn/image/ui/dailyCopy/common_icon_emeng5.pkm	1856	69d1ea8a2079fdadb7967e34a51fc96236f766614676dfc14cf272e8b9011f1c
client/android/resources_vn/image/ui/dailyCopy/common_icon_emeng5_alpha.pkm	1856	bf9444ab8dc2cb8044bffb94a9cd5ceb928279665f2eba02c2b5fd4d2c9e57fa
client/android/resources_vn/image/ui/dailyCopy/common_icon_fsem.pkm	24616	305c54b7efb2fb7debab00275fe2ec7437410989c98b06d9627be06ca2d07687
client/android/resources_vn/image/ui/dailyCopy/common_icon_fsem_alpha.pkm	24616	f106753dee308b34ffa84984252fd3fadfaaafaf7e61025b12b65a88257bf432
client/android/resources_vn/image/ui/dailyCopy/common_icon_jiandan3.pkm	1168	43b1aa64b0830ee973558e8fe1606096009d65ce10b1ff46b4a4c8adf12ef5eb
client/android/resources_vn/image/ui/dailyCopy/common_icon_jiandan3_alpha.pkm	1168	70d60e985f0df29f1c7c3d45060b4e84620218bb68d4267e953e4fc79ff5329a
client/android/resources_vn/image/ui/dailyCopy/common_icon_jingyin4.pkm	1856	047d720a5bd2855e50bbac8abe0d88bfafab8df243e65b993c2adfaafcba06e2
client/android/resources_vn/image/ui/dailyCopy/common_icon_jingyin4_alpha.pkm	1856	64b7fc287c132562767bebe8e9d5f0d06f86739b9267e66fc87cc6522ec3a505
client/android/resources_vn/image/ui/dailyCopy/common_icon_kunnan3.pkm	1168	8206d47bdf895383a9f7e1bb2b3ce6fabf82472ea97674ca60e1c9bd383369e4
client/android/resources_vn/image/ui/dailyCopy/common_icon_kunnan3_alpha.pkm	1168	6c6a6cf5dfee835822a1c4883edd05a6d57662d4580011017fbecf1ce0ed6f90
client/android/resources_vn/image/ui/dailyCopy/common_icon_pt3.pkm	1168	02ba13ad06ce97b61878d19fb9a7c7912d5d2d54ed18e9fba740f3e061ae9148
client/android/resources_vn/image/ui/dailyCopy/common_icon_pt3_alpha.pkm	1168	26016bc0f0ff2f85cc49e8528e9092aefac0e2f7e313f9dd8f8b419ba962c88f
client/android/resources_vn/image/ui/dailyCopy/common_icon_xdsl.pkm	24616	d17251b40317a31f90fcda7f0c6c59d64cce179457c31d273a9d2451b593006a
client/android/resources_vn/image/ui/dailyCopy/common_icon_xdsl_alpha.pkm	24616	0d64ec7385e8b21d88a1bb1ed4fc35e92d0a54873a04439052df3ca4186a07cf
client/android/resources_vn/image/ui/digGem/commom_icon_wz_baowujianding_2.pkm	1248	1898e1ba6d110a672394a0ec9b8e17b7d99dcf12cec1dad7bdda30e29fd41d72
client/android/resources_vn/image/ui/digGem/commom_icon_wz_baowujianding_2_alpha.pkm	1248	7faa3ca974d91a18c16b288445b935825f6045ee2da199c22f7a015490079218
client/android/resources_vn/image/ui/digGem/commom_icon_wz_baowutujian_2.pkm	1248	4bd50167510e3cebccfb90f859aa5515e5b9a3e698ac1e39a05af04047650843
client/android/resources_vn/image/ui/digGem/commom_icon_wz_baowutujian_2_alpha.pkm	1248	9b215005a323897591a34b60aa3ada528da8aae38eba191785aba354bb609b57
client/android/resources_vn/image/ui/digGem/commom_icon_wz_jiaoyihang_2.pkm	744	32823d55ec763dcbf983098c752f12c23df24e2dbc16987b25021ef36c399391
client/android/resources_vn/image/ui/digGem/commom_icon_wz_jiaoyihang_2_alpha.pkm	744	69715357c89b7da728800b6ad5945caf0c58f9e0906e0369a51b859d6935f02c
client/android/resources_vn/image/ui/digGem/commom_icon_wz_kuangchangrenwu_2.pkm	1120	28bd7ffbc47a5d4592ab43d1b890f4f4b495abda6badb6a0ad38ebd12fb150e7
client/android/resources_vn/image/ui/digGem/commom_icon_wz_kuangchangrenwu_2_alpha.pkm	1120	ab3f4f149aa248b871a77f51f6e3e0bed263bb7e42fe92cdbc9e73400ac44b1d
client/android/resources_vn/image/ui/digGem/commom_icon_wz_wubaohuishou_2.pkm	632	5e15e7b2e1d5ae3fb17ee8d7dd4e189add2120fe80d7088a2f4d096ace3c0b53
client/android/resources_vn/image/ui/digGem/commom_icon_wz_wubaohuishou_2_alpha.pkm	632	94b907b377b243e95c70c4d5c8612d1a4876a1f5e59a06387986e754d3deacea
client/android/resources_vn/image/ui/digGem/commom_icon_wz_yiji.pkm	632	a6d2de284b447360f9c03f4c96db4b4f93f20cfea1ca8ea59364d3682413f26e
client/android/resources_vn/image/ui/digGem/commom_icon_wz_yiji_alpha.pkm	632	26f4fb60cfcff47b142fed1b4a1c2e35b3a7e16765a4d781f4837c176e3354ca
client/android/resources_vn/image/ui/digGem/common_icon_maijingkuang.pkm	2992	f70b4b96954c7aa2545025d55c7bf90012d60b0b70950847cc99b8d6de28a0c3
client/android/resources_vn/image/ui/digGem/common_icon_maijingkuang_alpha.pkm	2992	4246556eafa2e3ed270884a0b3aecf901ebfca38c2993ac3b432a461ba5aa094
client/android/resources_vn/image/ui/digGem/common_icon_wabao.pkm	1616	659e91b9d43bf9621a3d74bdaf46053bd0ef8259f54561a0f36d4bb9f931505d
client/android/resources_vn/image/ui/digGem/common_icon_wabao_alpha.pkm	1616	c15dac0f72714217db18f1f2c30c500aad0a828d8a476e55198b02a24216e6db
client/android/resources_vn/image/ui/digGem/common_icon_wabaozhong.pkm	5616	1e6240993050f342c67a53f4eab2e8770f1e3b7fc63c0422e22ac1313d2a94a0
client/android/resources_vn/image/ui/digGem/common_icon_wabaozhong_alpha.pkm	5616	ed0afa7bd071640b8024aedcf5c3b222d96f9247f0bc7fece384b9d7e0955ae0
client/android/resources_vn/image/ui/extraction/common_pic_jxzj.pkm	145904	a477d562d3408e0d7528a0cd8cfbd49cb5a97f4fc90d86829036c279ba10b9d6
client/android/resources_vn/image/ui/extraction/common_pic_jxzj_alpha.pkm	145904	ae5c2ea4c6cb51c6baff8dd6cf6e1d89ecc713a29f496e6d2c43cc02a690b31c
client/android/resources_vn/image/ui/football/football_text_001.pkm	6496	42f84beea924ad1405a3f22b6a02a9b9cf3b218e1c6a9960df8ae33e3acf9eb7
client/android/resources_vn/image/ui/football/football_text_001_alpha.pkm	6496	58110ac1df9c7529fd8cf702f164e9d49ca77a8e22ea7aca76322ae95e82673f
client/android/resources_vn/image/ui/football/football_text_002.pkm	6496	42f84beea924ad1405a3f22b6a02a9b9cf3b218e1c6a9960df8ae33e3acf9eb7
client/android/resources_vn/image/ui/football/football_text_002_alpha.pkm	6496	58110ac1df9c7529fd8cf702f164e9d49ca77a8e22ea7aca76322ae95e82673f
client/android/resources_vn/image/ui/gameActivity/activity_pic_baicz.pkm	52016	7d22ef26c5e966a84d36a2560af109a1c3497a15c6be067323e9f8e6f1f3a0a0
client/android/resources_vn/image/ui/gameActivity/activity_pic_baicz_alpha.pkm	52016	a348478ee1b1126e9fbf88bcb5a4dd2f6b261eb701b3fe9bad9bb292dae9c872
client/android/resources_vn/image/ui/gameActivity/activity_pic_cdzksp.pkm	39016	55817fc228bb29ed3803bc9e28ad413b4fa8c5c5f2b80c70702b686ccad6e791
client/android/resources_vn/image/ui/gameActivity/activity_pic_cdzksp_alpha.pkm	39016	cc587c91982d0d36718b67eece45634787615024c7e1fbf8ffc69bd509d9ae60
client/android/resources_vn/image/ui/gameActivity/activity_pic_ckcz.pkm	52016	e343a0b1acba3ebfb6ce8ff82682fbb1b3d9b5556c1786568842956a0414d610
client/android/resources_vn/image/ui/gameActivity/activity_pic_ckcz_alpha.pkm	52016	a348478ee1b1126e9fbf88bcb5a4dd2f6b261eb701b3fe9bad9bb292dae9c872
client/android/resources_vn/image/ui/gameActivity/activity_pic_czxl.pkm	71016	90b92e87ff885813caea4d3c0c5b4be539d0d8adace28b2b9f7d194c5b511343
client/android/resources_vn/image/ui/gameActivity/activity_pic_czxl_alpha.pkm	71016	d44e6833b75620daf2991d09e5eb0bbc7ff175304f033e2ab9989d016c081b5f
client/android/resources_vn/image/ui/gameActivity/activity_pic_czzs.pkm	52016	72d28c31453c7fe384ad3e2c1c3c0d5a6cb1fb53323f21806f2366619e54f6d5
client/android/resources_vn/image/ui/gameActivity/activity_pic_czzs_alpha.pkm	52016	d1b6eaf9e3a556bbcede4bca53fa9fae541b5195d89255951286f63bd89cbe1c
client/android/resources_vn/image/ui/gameActivity/activity_pic_czzz.pkm	52016	7ec9a02e2ca35e6bc51a703426470d524ff316d638f5e3e753537dd4a05ac0d1
client/android/resources_vn/image/ui/gameActivity/activity_pic_czzz_alpha.pkm	52016	a348478ee1b1126e9fbf88bcb5a4dd2f6b261eb701b3fe9bad9bb292dae9c872
client/android/resources_vn/image/ui/gameActivity/activity_pic_dhb.pkm	112016	652d00c7d0b43520c9ea58f3b3524c84054522e467b097c61822a3f487483988
client/android/resources_vn/image/ui/gameActivity/activity_pic_dhb_alpha.pkm	112016	ae0bf1ba3f2f2ec1a8957a204c352535ecba19b1ee1dd476e48333fb790ab99b
client/android/resources_vn/image/ui/gameActivity/activity_pic_djcb.pkm	52016	c7c204e5cef4e63bf7e275d97c81deffb763ab9bbcdfa4f8ca88121794b89382
client/android/resources_vn/image/ui/gameActivity/activity_pic_djcb_alpha.pkm	52016	a348478ee1b1126e9fbf88bcb5a4dd2f6b261eb701b3fe9bad9bb292dae9c872
client/android/resources_vn/image/ui/gameActivity/activity_pic_dyjbfcz.pkm	39016	a50327497d835ac032f11f6a1cb811b7067d5b90d3864b1d790c8a1b7b7872b4
client/android/resources_vn/image/ui/gameActivity/activity_pic_dyjbfcz_alpha.pkm	39016	25546fdeb8e966cde47b6ba16ccb87eb6c369204c053d940a81b9e79a2484fe7
client/android/resources_vn/image/ui/gameActivity/activity_pic_dyjbfxf.pkm	39016	f8ead82ab76df9d5ccacb436ba9855acfffb91ab5f11f1c5a2a7b6120b9dba1c
client/android/resources_vn/image/ui/gameActivity/activity_pic_dyjbfxf_alpha.pkm	39016	25546fdeb8e966cde47b6ba16ccb87eb6c369204c053d940a81b9e79a2484fe7
client/android/resources_vn/image/ui/gameActivity/activity_pic_dyjkfcz.pkm	39016	76e3ec501faa1aa3b9c8fbccf6bf837bec12684432454040f69d5f38e45312c7
client/android/resources_vn/image/ui/gameActivity/activity_pic_dyjkfcz_alpha.pkm	39016	25546fdeb8e966cde47b6ba16ccb87eb6c369204c053d940a81b9e79a2484fe7
client/android/resources_vn/image/ui/gameActivity/activity_pic_dyjkfxf.pkm	39016	a8f99b2a94342c126df1b92d3819a70a10af3ae64faee23a5e7855da96bd0ceb
client/android/resources_vn/image/ui/gameActivity/activity_pic_dyjkfxf_alpha.pkm	39016	25546fdeb8e966cde47b6ba16ccb87eb6c369204c053d940a81b9e79a2484fe7
client/android/resources_vn/image/ui/gameActivity/activity_pic_dyjzlzw.pkm	39016	9f74ad762910576691f4406b0bc63058fee1cf9040b71601d0ed601723548fbc
client/android/resources_vn/image/ui/gameActivity/activity_pic_dyjzlzw_alpha.pkm	39016	25546fdeb8e966cde47b6ba16ccb87eb6c369204c053d940a81b9e79a2484fe7
client/android/resources_vn/image/ui/gameActivity/activity_pic_dzhg.pkm	38016	f9c89e441a2da19027c8149d3583b5d1672c1e598a9ece93efaf746034abe59d
client/android/resources_vn/image/ui/gameActivity/activity_pic_dzhg_alpha.pkm	38016	4974c8e0f53e0bf30001087d881e9394dc23255fcb96a1107351ad0b9ccb10ea
client/android/resources_vn/image/ui/gameActivity/activity_pic_dzpcj.pkm	29016	74fcc246d035b2828c8dac2811a34864796b13f43dcaee0a2373842a577cf802
client/android/resources_vn/image/ui/gameActivity/activity_pic_dzpcj_alpha.pkm	29016	98bb8c43a788efaf91eda75dfb080c160ae4abc0ce80becc2fe326807d61f754
client/android/resources_vn/image/ui/gameActivity/activity_pic_fhcz.pkm	52016	1c4393c7d2daee8e87507d441bcdc755d40f961715666efc06ef96dbb0fe9432
client/android/resources_vn/image/ui/gameActivity/activity_pic_fhcz_alpha.pkm	52016	a348478ee1b1126e9fbf88bcb5a4dd2f6b261eb701b3fe9bad9bb292dae9c872
client/android/resources_vn/image/ui/gameActivity/activity_pic_fkbslxcz.pkm	52016	0c69efe197b662b59c58ff6a3f135fd738d44d3b3087629e2d043434281e8c92
client/android/resources_vn/image/ui/gameActivity/activity_pic_fkbslxcz_alpha.pkm	52016	a348478ee1b1126e9fbf88bcb5a4dd2f6b261eb701b3fe9bad9bb292dae9c872
client/android/resources_vn/image/ui/gameActivity/activity_pic_fqtxz.pkm	52016	285d05cac2bd098ef1c3768399ef3c4ad29b86174cd02badc516e441555b536c
client/android/resources_vn/image/ui/gameActivity/activity_pic_fqtxz_alpha.pkm	52016	a348478ee1b1126e9fbf88bcb5a4dd2f6b261eb701b3fe9bad9bb292dae9c872
client/android/resources_vn/image/ui/gameActivity/activity_pic_fyh.pkm	112016	ecfffe11362cc6e8755d862f9c23ca12741d938b48d596bce7624db272096725
client/android/resources_vn/image/ui/gameActivity/activity_pic_fyh_alpha.pkm	112016	455d66dabdda34aff8ca33b83146e6a56c013622c6482ec5abe9a71f304638b8
client/android/resources_vn/image/ui/gameActivity/activity_pic_gej.pkm	52016	7737e98c7d217dba5fb1135e868fa60f265fca728f9d01eeff50835f438ab2ae
client/android/resources_vn/image/ui/gameActivity/activity_pic_gej_alpha.pkm	52016	a348478ee1b1126e9fbf88bcb5a4dd2f6b261eb701b3fe9bad9bb292dae9c872
client/android/resources_vn/image/ui/gameActivity/activity_pic_ggj.pkm	52016	9da6febf8a4974d05c41c601a84fa045d2ba0f1f142cb6c24c0d714d51e206f8
client/android/resources_vn/image/ui/gameActivity/activity_pic_ggj_alpha.pkm	52016	a348478ee1b1126e9fbf88bcb5a4dd2f6b261eb701b3fe9bad9bb292dae9c872
client/android/resources_vn/image/ui/gameActivity/activity_pic_ggtlc.pkm	52016	0d04e022ff6007d8165af84aa2a80e80a262f54410c86fa233b7697a7e7799e5
client/android/resources_vn/image/ui/gameActivity/activity_pic_ggtlc_alpha.pkm	52016	a348478ee1b1126e9fbf88bcb5a4dd2f6b261eb701b3fe9bad9bb292dae9c872
client/android/resources_vn/image/ui/gameActivity/activity_pic_ghdzz.pkm	52016	2e43ea3b12d30c63df67e8fcbbd611395adb4f17e15b3939a43d42a6782fc223
client/android/resources_vn/image/ui/gameActivity/activity_pic_ghdzz_alpha.pkm	52016	a348478ee1b1126e9fbf88bcb5a4dd2f6b261eb701b3fe9bad9bb292dae9c872
client/android/resources_vn/image/ui/gameActivity/activity_pic_gmcb.pkm	52016	247fd9cf14c72bd9f005f87a7b04b4be23322c3646f2ce07fe27a50d1f282bd1
client/android/resources_vn/image/ui/gameActivity/activity_pic_gmcb_alpha.pkm	52016	a348478ee1b1126e9fbf88bcb5a4dd2f6b261eb701b3fe9bad9bb292dae9c872
client/android/resources_vn/image/ui/gameActivity/activity_pic_gq.pkm	52016	144adce27cd11100480cb0a2a34683e8e03c6699cacf51311b6b99a2bf1b08fe
client/android/resources_vn/image/ui/gameActivity/activity_pic_gq_alpha.pkm	52016	d56b794350b279ab1e805f6db0a270d3087a34945f1cb52c4404ee423b46c2c9
client/android/resources_vn/image/ui/gameActivity/activity_pic_hd.pkm	57016	f0e9244bc9b3df0992efd132b6be8ff5c32c796c40b44edc82a18829461b5834
client/android/resources_vn/image/ui/gameActivity/activity_pic_hd_alpha.pkm	57016	d9187ce2630095393d3b005475d1c6c496488dc743d4de75ff0c0d7857fafbcd
client/android/resources_vn/image/ui/gameActivity/activity_pic_hddsc.pkm	69016	6afa1fb263ad5dd2efc9244ae9290290c8dfc0fd0fb5ec385924a74cb5fc4ede
client/android/resources_vn/image/ui/gameActivity/activity_pic_hddsc_alpha.pkm	69016	b3c97adf0e0191294e4d23d19c0e2446008c6a85d7c6524db67cea7b475f74c6
client/android/resources_vn/image/ui/gameActivity/activity_pic_hdect.pkm	69016	f636ecac45b2f1d86a7541c0d8ffc8fa4fdc436a9a6b873d3c2b3d83183245e2
client/android/resources_vn/image/ui/gameActivity/activity_pic_hdect_alpha.pkm	69016	eb88d6afd2364fdffa89d6a1522d85be79587677b4f4f97a796f0cd2f38f4d3d
client/android/resources_vn/image/ui/gameActivity/activity_pic_hdsct.pkm	69016	dc67011eadd7f81ccce43eb2c9a4bf4c8870934762c9bcee6dc73f14f1b3b101
client/android/resources_vn/image/ui/gameActivity/activity_pic_hdsct_alpha.pkm	69016	eb88d6afd2364fdffa89d6a1522d85be79587677b4f4f97a796f0cd2f38f4d3d
client/android/resources_vn/image/ui/gameActivity/activity_pic_hhdj.pkm	29016	cc9b9751ffcdd655cc304f3307ad297362f700278488d4f6a28fbf0a246d608e
client/android/resources_vn/image/ui/gameActivity/activity_pic_hhdj_alpha.pkm	29016	149ebb404846ac7dfc635282af4377ef40cb9bcfc0d9756175c7d243642da022
client/android/resources_vn/image/ui/gameActivity/activity_pic_jglc.pkm	52016	6f4adb75ea2bdabc62473802a2ab46f7d7f251e80e4f4668f8ce1d1130505d3a
client/android/resources_vn/image/ui/gameActivity/activity_pic_jglc_alpha.pkm	52016	d1b6eaf9e3a556bbcede4bca53fa9fae541b5195d89255951286f63bd89cbe1c
client/android/resources_vn/image/ui/gameActivity/activity_pic_jhdz.pkm	112016	f7392d3ae713615f733889f1cfe9ef12d130255d3016e1ad846ae8469e0dadac
client/android/resources_vn/image/ui/gameActivity/activity_pic_jhdz_alpha.pkm	112016	455d66dabdda34aff8ca33b83146e6a56c013622c6482ec5abe9a71f304638b8
client/android/resources_vn/image/ui/gameActivity/activity_pic_jjcb.pkm	52016	755d60b091c28933580081f688ad5b9fecdc8ea0eb4049188448520c93511cc5
client/android/resources_vn/image/ui/gameActivity/activity_pic_jjcb_alpha.pkm	52016	a348478ee1b1126e9fbf88bcb5a4dd2f6b261eb701b3fe9bad9bb292dae9c872
client/android/resources_vn/image/ui/gameActivity/activity_pic_jjdjkh.pkm	52016	bfac972e7f38963b585aeb91f92ead0d76d2409a47024ae7315167182e247391
client/android/resources_vn/image/ui/gameActivity/activity_pic_jjdjkh_alpha.pkm	52016	c1f10e18db1449a6deb92dbe15b9f20b69634bf0417ebfcee7a28fb4ca00610f
client/android/resources_vn/image/ui/gameActivity/activity_pic_jjlft.pkm	112016	363f21d3c9558b1698e596cb9f84b6b4d220fa04bfd8f712bf60f38bf66cee6a
client/android/resources_vn/image/ui/gameActivity/activity_pic_jjlft_alpha.pkm	112016	455d66dabdda34aff8ca33b83146e6a56c013622c6482ec5abe9a71f304638b8
client/android/resources_vn/image/ui/gameActivity/activity_pic_jlcz.pkm	52016	6804a50917ffb57c94344f970e7af7db3e646247141f4fb542ca5fee795e81f0
client/android/resources_vn/image/ui/gameActivity/activity_pic_jlcz_alpha.pkm	52016	2f676aaacc1615a4fbc4e1fc80d3095e8ca310a2c9ab5e57fe8fa4d9d6afcc6e
client/android/resources_vn/image/ui/gameActivity/activity_pic_jpzb.pkm	29016	fa21d937c61cb0a0773338e4c943b99ec6417781af752429f1c37add4e804a04
client/android/resources_vn/image/ui/gameActivity/activity_pic_jpzb_alpha.pkm	29016	f4a7cd6c50d814082e6bee1b8fad0a9bb62ea60e69d06f9b660db5819a8b006c
client/android/resources_vn/image/ui/gameActivity/activity_pic_jysb.pkm	112016	3bbd4c645070255c97d7e8fec1a6f03b5d5cee5fdef50783dad4fc9bc88233c7
client/android/resources_vn/image/ui/gameActivity/activity_pic_jysb_alpha.pkm	112016	455d66dabdda34aff8ca33b83146e6a56c013622c6482ec5abe9a71f304638b8
client/android/resources_vn/image/ui/gameActivity/activity_pic_klcz.pkm	52016	bfef9e74b33e208f045a8711bb2aa16792ee1f384d1833b693a036a934d255e9
client/android/resources_vn/image/ui/gameActivity/activity_pic_klcz_alpha.pkm	52016	a348478ee1b1126e9fbf88bcb5a4dd2f6b261eb701b3fe9bad9bb292dae9c872
client/android/resources_vn/image/ui/gameActivity/activity_pic_kzwq.pkm	112016	5ecfdd40b23da3ff56737adf334553dc0e6efc02bcc1e3199f82090870fa5091
client/android/resources_vn/image/ui/gameActivity/activity_pic_kzwq_alpha.pkm	112016	cf196fba1003caeb268513bd68fd8e2ce46e7b2ce46f37a6a602cc22aacb8d94
client/android/resources_vn/image/ui/gameActivity/activity_pic_leijichongzhi.pkm	52016	0d04e022ff6007d8165af84aa2a80e80a262f54410c86fa233b7697a7e7799e5
client/android/resources_vn/image/ui/gameActivity/activity_pic_leijichongzhi_alpha.pkm	52016	a348478ee1b1126e9fbf88bcb5a4dd2f6b261eb701b3fe9bad9bb292dae9c872
client/android/resources_vn/image/ui/gameActivity/activity_pic_lsyjsz.pkm	52016	2fd2304ed82c568f5f14c18fd852d3b8aae645c792ed4b6360062ee458f7b19d
client/android/resources_vn/image/ui/gameActivity/activity_pic_lsyjsz_alpha.pkm	52016	d1b6eaf9e3a556bbcede4bca53fa9fae541b5195d89255951286f63bd89cbe1c
client/android/resources_vn/image/ui/gameActivity/activity_pic_lwj.pkm	79016	20247c86f081e9d9d41048f0b7bb089c25c603f147288b78553e16878f2243fb
client/android/resources_vn/image/ui/gameActivity/activity_pic_lwj_alpha.pkm	79016	7cf405e8724069654418aea2d25c7eda85dade9cb79d4f0b09cfe3bc2d9e5f60
client/android/resources_vn/image/ui/gameActivity/activity_pic_lxc.pkm	112016	8de14572822a66b01f07f278f13224d9cecbc53bc85a7ed7f3fb693c91033806
client/android/resources_vn/image/ui/gameActivity/activity_pic_lxc_alpha.pkm	112016	cf196fba1003caeb268513bd68fd8e2ce46e7b2ce46f37a6a602cc22aacb8d94
client/android/resources_vn/image/ui/gameActivity/activity_pic_lxcz.pkm	52016	e226cda95b845e844bf2f3ffb228fd57cfc4af07314cb01adbf52b69dfb6c951
client/android/resources_vn/image/ui/gameActivity/activity_pic_lxcz_alpha.pkm	52016	d1b6eaf9e3a556bbcede4bca53fa9fae541b5195d89255951286f63bd89cbe1c
client/android/resources_vn/image/ui/gameActivity/activity_pic_mfxy.pkm	52016	df8c241d6ff3ae4d805f83d7d435fd60ec33c673c9dd9fcfd48cc550b03a2b6d
client/android/resources_vn/image/ui/gameActivity/activity_pic_mfxy_alpha.pkm	52016	a348478ee1b1126e9fbf88bcb5a4dd2f6b261eb701b3fe9bad9bb292dae9c872
client/android/resources_vn/image/ui/gameActivity/activity_pic_mjfl.pkm	112016	d5b3e1ad9b7f94e3b13b42126148fcf9cc5d6a3029f788f66701d5a834112407
client/android/resources_vn/image/ui/gameActivity/activity_pic_mjfl_alpha.pkm	112016	455d66dabdda34aff8ca33b83146e6a56c013622c6482ec5abe9a71f304638b8
client/android/resources_vn/image/ui/gameActivity/activity_pic_mlxhb.pkm	39016	ea5dc9ca4edf68eef649fba4ffbcdb175fc169851d8a00b7d28d241352a27ac1
client/android/resources_vn/image/ui/gameActivity/activity_pic_mlxhb_alpha.pkm	39016	16c3f8b19060ed313fe2927271ae92b459fc736f88d2c2b5c2490cf6bdce2473
client/android/resources_vn/image/ui/gameActivity/activity_pic_mryxb.pkm	84688	747b362b18f6ac76cd9215b0eff6094b8761851f4dcda9b7c99d78c18bcad0a7
client/android/resources_vn/image/ui/gameActivity/activity_pic_mryxb_alpha.pkm	84688	369a1ce73f46a5980251cbc6cf2d0b8b5ba7f3995b1c6ddd1af6b78f06c6ad48
client/android/resources_vn/image/ui/gameActivity/activity_pic_pwsjl.pkm	112016	0cd8dc7f3d5d6ebb79346505eb1add25b6fe461ca9437c5e5e670415757f8c4e
client/android/resources_vn/image/ui/gameActivity/activity_pic_pwsjl_alpha.pkm	112016	455d66dabdda34aff8ca33b83146e6a56c013622c6482ec5abe9a71f304638b8
client/android/resources_vn/image/ui/gameActivity/activity_pic_qhb.pkm	112016	9752e43ac0d1f63a35b27974d0e45dfa855d5b997212b040553c4347d22dd9f5
client/android/resources_vn/image/ui/gameActivity/activity_pic_qhb_alpha.pkm	112016	ae0bf1ba3f2f2ec1a8957a204c352535ecba19b1ee1dd476e48333fb790ab99b
client/android/resources_vn/image/ui/gameActivity/activity_pic_qirihongbao.pkm	112016	5719417f8a68f59ee98760ea87cb4b6679be96cf696ea18b00d26eeeb67e7211
client/android/resources_vn/image/ui/gameActivity/activity_pic_qirihongbao_alpha.pkm	112016	ae0bf1ba3f2f2ec1a8957a204c352535ecba19b1ee1dd476e48333fb790ab99b
client/android/resources_vn/image/ui/gameActivity/activity_pic_qmzcl.pkm	29016	b46b825de9fa1d4e73271811ea2771991ca76a447e2d04a36e73a741e4eb9d3a
client/android/resources_vn/image/ui/gameActivity/activity_pic_qmzcl_alpha.pkm	29016	fb8d014b002ea3350262ead3d2f0cca921201b1ac46978c3f7a1a973f4714030
client/android/resources_vn/image/ui/gameActivity/activity_pic_qrjlc.pkm	52432	c1eb205c96591028f1db7ab545a2dc2ca64758ef27ad27c2c0a5ea4ac2c760ea
client/android/resources_vn/image/ui/gameActivity/activity_pic_qrjlc_alpha.pkm	52432	ddb40ce9a31c598eaf4e36f1666ed3a3f0a446e1ccabd958f919a215e1795c3e
client/android/resources_vn/image/ui/gameActivity/activity_pic_qxwq.pkm	112016	0c17ee89a77f59f023964e6d852796d97fb9f09518d1536d67c55a5148578c31
client/android/resources_vn/image/ui/gameActivity/activity_pic_qxwq_alpha.pkm	112016	cf196fba1003caeb268513bd68fd8e2ce46e7b2ce46f37a6a602cc22aacb8d94
client/android/resources_vn/image/ui/gameActivity/activity_pic_qxzq.pkm	52016	974ca17c615e8d1d1c6b816199c75306c574c13c440ff90e0e56c03e8958463e
client/android/resources_vn/image/ui/gameActivity/activity_pic_qxzq2.pkm	112016	4a296d6f5afdc740d98e37710c252737b5dac0ec962b1556022fed88c83c460e
client/android/resources_vn/image/ui/gameActivity/activity_pic_qxzq2_alpha.pkm	112016	cf196fba1003caeb268513bd68fd8e2ce46e7b2ce46f37a6a602cc22aacb8d94
client/android/resources_vn/image/ui/gameActivity/activity_pic_qxzq_alpha.pkm	52016	a348478ee1b1126e9fbf88bcb5a4dd2f6b261eb701b3fe9bad9bb292dae9c872
client/android/resources_vn/image/ui/gameActivity/activity_pic_rmjxth.pkm	117392	47b32a1188caa7b01499fc225bb1a0493060d2061dc51d5f64b895247de59694
client/android/resources_vn/image/ui/gameActivity/activity_pic_rmjxth_alpha.pkm	117392	034af653a2cf6d28ede6235dff6071cce59e4461f5f0aa945afde27f03df1765
client/android/resources_vn/image/ui/gameActivity/activity_pic_sbzsfl.pkm	71016	a56800d82701771fcd6ea78fd0af6bbc74e2a62d52c9be736bea2a0614849287
client/android/resources_vn/image/ui/gameActivity/activity_pic_sbzsfl_alpha.pkm	71016	ca64d8bb6d6e04e63d0769629060cd79b84f2c9eb08a2146e919f9a4182a9216
client/android/resources_vn/image/ui/gameActivity/activity_pic_scflgg.pkm	69016	03e5069deebc5dccfc8dfa0134ce332086dffdd5ef4b88c46b46f22fe38b43c7
client/android/resources_vn/image/ui/gameActivity/activity_pic_scflgg_alpha.pkm	69016	c26d58d122415ad7371c406f85833b311d367b3fdace3c34cae21f5963b77de1
client/android/resources_vn/image/ui/gameActivity/activity_pic_sdjnh.pkm	52016	c82d2f3614f3ea2f0bcbff63bb4824d63991de2bd91887f93606d6d8b884dae6
client/android/resources_vn/image/ui/gameActivity/activity_pic_sdjnh_alpha.pkm	52016	4d3e9dc765b2aa69b336788dc17546e5b19f079fea8b8705bb2d0544f04855c5
client/android/resources_vn/image/ui/gameActivity/activity_pic_sse.pkm	52016	f264ec025d52f2db2f1082e4b4391dc7ce8f91533fdea5801cc190cea80e435c
client/android/resources_vn/image/ui/gameActivity/activity_pic_sse_alpha.pkm	52016	a348478ee1b1126e9fbf88bcb5a4dd2f6b261eb701b3fe9bad9bb292dae9c872
client/android/resources_vn/image/ui/gameActivity/activity_pic_sxyglb.pkm	46504	987a62ee4f8c85436904b25dfea18d2bc93a293a090c0cb3b98a5c6bc097b77d
client/android/resources_vn/image/ui/gameActivity/activity_pic_sxyglb_alpha.pkm	46504	775d876bbec238f25dac0ddef243b86fd0e5f263b482e3bdd457cc350255e8d8
client/android/resources_vn/image/ui/gameActivity/activity_pic_szzk.pkm	112016	49e4271966179aa3fcb289311f71e5184e7ae694be7b72f4a0c47e4a7b3afeed
client/android/resources_vn/image/ui/gameActivity/activity_pic_szzk2.pkm	112016	e6bcc2ab3a69994a04aec04ea62963eadc5398bf74b9cad37e7e978e7227e956
client/android/resources_vn/image/ui/gameActivity/activity_pic_szzk2_alpha.pkm	112016	cf196fba1003caeb268513bd68fd8e2ce46e7b2ce46f37a6a602cc22aacb8d94
client/android/resources_vn/image/ui/gameActivity/activity_pic_szzk_alpha.pkm	112016	cf196fba1003caeb268513bd68fd8e2ce46e7b2ce46f37a6a602cc22aacb8d94
client/android/resources_vn/image/ui/gameActivity/activity_pic_woqbcz.pkm	52016	b01c8de866dc2780e4d4bc0f415b94b2ebc1d978a695f68772b85b3ac496c041
client/android/resources_vn/image/ui/gameActivity/activity_pic_woqbcz_alpha.pkm	52016	a348478ee1b1126e9fbf88bcb5a4dd2f6b261eb701b3fe9bad9bb292dae9c872
client/android/resources_vn/image/ui/gameActivity/activity_pic_wshd.pkm	52016	96b5cd30920ad5935dee0f9664f1b55e868497be830ff36ec94d9f80ea06ae12
client/android/resources_vn/image/ui/gameActivity/activity_pic_wshd_alpha.pkm	52016	a348478ee1b1126e9fbf88bcb5a4dd2f6b261eb701b3fe9bad9bb292dae9c872
client/android/resources_vn/image/ui/gameActivity/activity_pic_xiao.pkm	52016	e457f9d149cc8cc7beb26b9a4eda1fa3c66af5ebdc8b5221eb2107ca04bfb345
client/android/resources_vn/image/ui/gameActivity/activity_pic_xiao_alpha.pkm	52016	a348478ee1b1126e9fbf88bcb5a4dd2f6b261eb701b3fe9bad9bb292dae9c872
client/android/resources_vn/image/ui/gameActivity/activity_pic_xiarigg.pkm	119608	665db99d9197496e21d90239273272e56fd067570c891b435f5ca69a43cce002
client/android/resources_vn/image/ui/gameActivity/activity_pic_xiarigg_alpha.pkm	119608	ff7e0d4c3b8d60e33466c7f87e7f4924bea7bcb50b168e6ee0bfd976a080a549
client/android/resources_vn/image/ui/gameActivity/activity_pic_xiarizq.pkm	121536	6103b5352e90fff917bf3463b6d38be136761f576e8898ddc4d0c407ca053373
client/android/resources_vn/image/ui/gameActivity/activity_pic_xiarizq_alpha.pkm	121536	679f5325ab1ac1df3aac072bfee197e1e935d8eaeac65be3a87c35a9bc2af0c6
client/android/resources_vn/image/ui/gameActivity/activity_pic_xinzb.pkm	112016	29ef9c818b96c4cb779015cb61aa728f9792f5fac5072d64cb2a9e87eb597388
client/android/resources_vn/image/ui/gameActivity/activity_pic_xinzb_alpha.pkm	112016	ae0bf1ba3f2f2ec1a8957a204c352535ecba19b1ee1dd476e48333fb790ab99b
client/android/resources_vn/image/ui/gameActivity/activity_pic_xnlc.pkm	52016	c19bccff8192b462e87e5e5b3fbbfbb2c0c3eebb0cd95e1d305ac6d6b3ee5065
client/android/resources_vn/image/ui/gameActivity/activity_pic_xnlc_alpha.pkm	52016	a348478ee1b1126e9fbf88bcb5a4dd2f6b261eb701b3fe9bad9bb292dae9c872
client/android/resources_vn/image/ui/gameActivity/activity_pic_xpdz.pkm	112016	3d95337481700c798988d98737e4fe6200b1e846c80da90713bf048992dcb818
client/android/resources_vn/image/ui/gameActivity/activity_pic_xpdz_alpha.pkm	112016	cf196fba1003caeb268513bd68fd8e2ce46e7b2ce46f37a6a602cc22aacb8d94
client/android/resources_vn/image/ui/gameActivity/activity_pic_xsqg.pkm	151328	a29e257a7171d0828158f7cee24c272cfbac235fb886983ef43884021eb79fd2
client/android/resources_vn/image/ui/gameActivity/activity_pic_xsqg_alpha.pkm	151328	faf026b137227a13f91b9893b3c1acb98ece51bf572a296958e4697841579c75
client/android/resources_vn/image/ui/gameActivity/activity_pic_ydhd.pkm	52016	6b21ea1d7bef363c152bc243055efce021841b3c0799858589254e80fa30f131
client/android/resources_vn/image/ui/gameActivity/activity_pic_ydhd_alpha.pkm	52016	a348478ee1b1126e9fbf88bcb5a4dd2f6b261eb701b3fe9bad9bb292dae9c872
client/android/resources_vn/image/ui/gameActivity/activity_pic_yk.pkm	112016	b457e461810f441cbdfbde77c59ab09f59575349568c3848aef2a9b18133851c
client/android/resources_vn/image/ui/gameActivity/activity_pic_yk_alpha.pkm	112016	cf196fba1003caeb268513bd68fd8e2ce46e7b2ce46f37a6a602cc22aacb8d94
client/android/resources_vn/image/ui/gameActivity/activity_pic_ykhd.pkm	112016	992d1e217430c78020f5f1cd99ab912d777cbbfbad0b7b023706cb99c297362f
client/android/resources_vn/image/ui/gameActivity/activity_pic_ykhd_alpha.pkm	112016	cf196fba1003caeb268513bd68fd8e2ce46e7b2ce46f37a6a602cc22aacb8d94
client/android/resources_vn/image/ui/gameActivity/activity_pic_yrj.pkm	52016	045c6f52f64af6760150e35a482d167141a9602f5ead9099d6a468ea4128eaef
client/android/resources_vn/image/ui/gameActivity/activity_pic_yrj_alpha.pkm	52016	a348478ee1b1126e9fbf88bcb5a4dd2f6b261eb701b3fe9bad9bb292dae9c872
client/android/resources_vn/image/ui/gameActivity/activity_pic_yuenantese.pkm	52016	42650e26905cc946ae9a3b2d510e17e0d179a4a5b2298e7f588a1bf01facdaf1
client/android/resources_vn/image/ui/gameActivity/activity_pic_yuenantese_alpha.pkm	52016	b7b590f358ed85ba7095064973d65ec5562a054d555f82a77fc6e2443c361943
client/android/resources_vn/image/ui/gameActivity/activity_pic_yuenantesetuijian.pkm	112016	1e1e88619759da682bbff7f3cf302afd00a8c78c233d7303b99dfca9b7566937
client/android/resources_vn/image/ui/gameActivity/activity_pic_yuenantesetuijian_alpha.pkm	112016	f6bfc13d064e96665353da577b8569eddf576249dcc62c2c07a666fdb6cd6154
client/android/resources_vn/image/ui/gameActivity/activity_pic_yzn.pkm	52016	ba605dbd23248c4eef9326ab9cd29b2c402471b0894e5c8881905da39a7a1798
client/android/resources_vn/image/ui/gameActivity/activity_pic_yzn_alpha.pkm	52016	a348478ee1b1126e9fbf88bcb5a4dd2f6b261eb701b3fe9bad9bb292dae9c872
client/android/resources_vn/image/ui/gameActivity/activity_pic_zbslc.pkm	112016	93f88a9f85ab4c7fb34e8802d722d5846b812713ca4585e7c504485829de5f6e
client/android/resources_vn/image/ui/gameActivity/activity_pic_zbslc_alpha.pkm	112016	80f7d02e1f2e28252a202fe78b8383da8d83e8f2194ed4ddf8c382dac3f13412
client/android/resources_vn/image/ui/gameActivity/activity_pic_zdsb.pkm	112016	2c1b865e35568d7807006624a044261e76fccf2b43047bb83184c08b658d2383
client/android/resources_vn/image/ui/gameActivity/activity_pic_zdsb_alpha.pkm	112016	455d66dabdda34aff8ca33b83146e6a56c013622c6482ec5abe9a71f304638b8
client/android/resources_vn/image/ui/gameActivity/activity_pic_zjd.pkm	38016	5b1151815c7c265739e229df0f175a858811b8dfc4bb6a02df03d23f6c0d6470
client/android/resources_vn/image/ui/gameActivity/activity_pic_zjd_alpha.pkm	38016	4974c8e0f53e0bf30001087d881e9394dc23255fcb96a1107351ad0b9ccb10ea
client/android/resources_vn/image/ui/gameActivity/activity_pic_zk.pkm	112016	349006fa1d035ba5e84c8e43090cd1ae43cfbe90e430c025e9351d9e3cfcbc63
client/android/resources_vn/image/ui/gameActivity/activity_pic_zk_alpha.pkm	112016	cf196fba1003caeb268513bd68fd8e2ce46e7b2ce46f37a6a602cc22aacb8d94
client/android/resources_vn/image/ui/gameActivity/activity_pic_zkhd.pkm	112016	ef3ac76e5da55f681766ec59d2432bff4c28de7aa46c6e5403b5f37f248e75f3
client/android/resources_vn/image/ui/gameActivity/activity_pic_zkhd_alpha.pkm	112016	cf196fba1003caeb268513bd68fd8e2ce46e7b2ce46f37a6a602cc22aacb8d94
client/android/resources_vn/image/ui/gameActivity/activity_pic_zlcb.pkm	52016	d949757d3c71cc8fdb029c5ce5335d9aa2ec19cb6e806edbfe7f8a95ad1d993f
client/android/resources_vn/image/ui/gameActivity/activity_pic_zlcb_alpha.pkm	52016	a348478ee1b1126e9fbf88bcb5a4dd2f6b261eb701b3fe9bad9bb292dae9c872
client/android/resources_vn/image/ui/gameActivity/activity_pic_zncw.pkm	112016	f1a02dd30dc22cda83481ecd15c52836b59b67d94a115f579f64bcf26cefe2ed
client/android/resources_vn/image/ui/gameActivity/activity_pic_zncw_alpha.pkm	112016	ae0bf1ba3f2f2ec1a8957a204c352535ecba19b1ee1dd476e48333fb790ab99b
client/android/resources_vn/image/ui/gameActivity/activity_pic_zqsz.pkm	52016	840ad19d88636cf24405e1d6bf636145271cb0e43c3a2c73ade2ecc275153e42
client/android/resources_vn/image/ui/gameActivity/activity_pic_zqsz_alpha.pkm	52016	a348478ee1b1126e9fbf88bcb5a4dd2f6b261eb701b3fe9bad9bb292dae9c872
client/android/resources_vn/image/ui/gameActivity/activity_pic_zuanshi.pkm	52016	6d9f590d633895d6cda0edac9aaf95f8a4d4e218063647603285dcd4cc2f0320
client/android/resources_vn/image/ui/gameActivity/activity_pic_zuanshi_alpha.pkm	52016	c1f10e18db1449a6deb92dbe15b9f20b69634bf0417ebfcee7a28fb4ca00610f
client/android/resources_vn/image/ui/gameActivity/activity_pic_zxjl.pkm	29016	6469136ac0e7d9d3f7daa26ade531bb85e6eae0821baa361a67fff6ffd8fe8c5
client/android/resources_vn/image/ui/gameActivity/activity_pic_zxjl_alpha.pkm	29016	f4a7cd6c50d814082e6bee1b8fad0a9bb62ea60e69d06f9b660db5819a8b006c
client/android/resources_vn/image/ui/gameActivity/activity_pic_zzk.pkm	112016	8c7ff273cf658938cb13cb7e81769baf736cc2350aa81d83ef73b8b82f9182b0
client/android/resources_vn/image/ui/gameActivity/activity_pic_zzk_alpha.pkm	112016	cf196fba1003caeb268513bd68fd8e2ce46e7b2ce46f37a6a602cc22aacb8d94
client/android/resources_vn/image/ui/gameActivity/christmas/merrychristmas_icon_daojishi.pkm	2192	643b1a54fe2b069c6d007baf8ef5b42c12cdcc0b88636810110eb9b9d85619a2
client/android/resources_vn/image/ui/gameActivity/christmas/merrychristmas_icon_daojishi_alpha.pkm	2192	bcc03c06498fc5dd0b87009b1026f2a59d58d0c055ca9846b9b68b902065d047
client/android/resources_vn/image/ui/gameActivity/christmas/merrychristmas_icon_kaiqi.pkm	1424	ebc08afc11a708a36ca39350a4a56351d046fd363ad0ee8239b29e5b7de58705
client/android/resources_vn/image/ui/gameActivity/christmas/merrychristmas_icon_kaiqi_alpha.pkm	1424	95ec287979585e3c4c6015fb8a137bc25e48ca7153f3ff4c55e52b1f2d04a316
client/android/resources_vn/image/ui/gameActivity/christmas/merrychristmas_icon_xianliang.pkm	2320	d7518f023ca16c958d71b7407d6c71c8fdf27bac64a7a792f5225b281e7ae7eb
client/android/resources_vn/image/ui/gameActivity/christmas/merrychristmas_icon_xianliang_alpha.pkm	2320	f2c1fced1b7efe6adb2d3726a0479598fc371672e3e1567faea4a5e7126f0e68
client/android/resources_vn/image/ui/gameActivity/christmas/merrychristmas_top.pkm	9760	24c0740dd887eeaf83e4f4b0fcbb401b066ade11108db537704ffd3fb4eba38f
client/android/resources_vn/image/ui/gameActivity/christmas/merrychristmas_top_alpha.pkm	9760	2791066e7a69fbc2544a19ee773eac9643c586615a6d8bf091be3916dea31ee6
client/android/resources_vn/image/ui/gameActivity/commom_icon_yfq.pkm	3184	902c09e7b14e2ad81466fabb0160ce46dcaaf1c32c67c7c34fe994def62f15eb
client/android/resources_vn/image/ui/gameActivity/commom_icon_yfq_alpha.pkm	3184	11eed77c678234ae738bf3e12949b59fbba0df6aed72cd3aba28ec2d8a772959
client/android/resources_vn/image/ui/gameActivity/common_icon_bcliangj.pkm	8832	ec79011775b2abb5f3e5b2e4f8e0a2f5b14a6b5857cfc8fb962dd0318f2aa490
client/android/resources_vn/image/ui/gameActivity/common_icon_bcliangj1.pkm	8832	1266396bc9e4f9628f1d3169adced0d243c14123d66c7ecfb531efabb0576fbf
client/android/resources_vn/image/ui/gameActivity/common_icon_bcliangj1_alpha.pkm	8832	cb46ca0e3e07944f3ed230f0631dfaf698d4ccb7f24eb050d726eecb553648ad
client/android/resources_vn/image/ui/gameActivity/common_icon_bcliangj_alpha.pkm	8832	1cbdea317b3daaaf709b6143aa2c8821f45453133196597347f152d0c2ca85e1
client/android/resources_vn/image/ui/gameActivity/common_icon_hjmd.pkm	1192	22972d28f7f209df423a6073de633fc431d6047ae24654ba499d7e76785fbdaa
client/android/resources_vn/image/ui/gameActivity/common_icon_hjmd_alpha.pkm	1192	c57e73145c8389f123471556bfac140d68771d44c6d8cf8c9e1f05ccb7de4544
client/android/resources_vn/image/ui/gameActivity/common_icon_horse2.pkm	9256	c63e980147b15b1f26c23ff282a70439fcd525358be4fc1e0196e5479d2402e2
client/android/resources_vn/image/ui/gameActivity/common_icon_horse2_alpha.pkm	9256	f1cb4516826d90b95d671f7d3bd28578d7c5fa136c84808964b8410a6684cf97
client/android/resources_vn/image/ui/gameActivity/common_icon_nc.pkm	16240	1fd81803c7bb94dc6bd0f8a0d6c7e1c028e911048e178315060ea04d378f19fb
client/android/resources_vn/image/ui/gameActivity/common_icon_nc_alpha.pkm	16240	bfdb942a8e0998f5b65cfccfb4d6e383dfa17dd5f3eebb61004b601555058d20
client/android/resources_vn/image/ui/gameActivity/holiday_picture1.pkm	46504	ce63e555695128fde573c562747f6e5944e019cc8ef8ecb137223685fcdb4226
client/android/resources_vn/image/ui/gameActivity/holiday_picture1_alpha.pkm	46504	fb587730da1b6cef89bdf34f761f9e1663a6531537a69dfc257f7d56051658dd
client/android/resources_vn/image/ui/gameActivity/holiday_picture2.pkm	46504	be20d8b952b0c88916356a2ac5afb23b092ea09ee604b6f1790883c74e06f8b0
client/android/resources_vn/image/ui/gameActivity/holiday_picture2_alpha.pkm	46504	039504957141944ad4a43789f1c4c25cb5ae736b2749a1b1218cbe9d1910edde
client/android/resources_vn/image/ui/gameActivity/holiday_picture3.pkm	143488	783814234bd76d3b88c8066676a69635d1104be7a9abede28b74eac1ca05282f
client/android/resources_vn/image/ui/gameActivity/holiday_picture3_alpha.pkm	143488	0561cc0ffde1d986a7c99df83894f1fc3047c4d32d854320e6c68d50704a0139
client/android/resources_vn/image/ui/gameActivity/holiday_picture_04.pkm	122320	33f2637f4b05cbef2317a3c43d7a60479ba303d1b94c7b076ce613f51b115b84
client/android/resources_vn/image/ui/gameActivity/holiday_picture_04_alpha.pkm	122320	c7c8f0677f9874391d2883ccb95f155956f99f2c3587aebf0d254c87823b0a99
client/android/resources_vn/image/ui/gameActivity/holiday_top.pkm	9256	32b5fbc550d000b7333f76efd5030391fe2addb18baa35caa43ef2b35f63f388
client/android/resources_vn/image/ui/gameActivity/holiday_top01.pkm	1416	73c18b46eb33dfccc8d474627fa5023dae1e9eb1d80637cb2524bf0fa71dae68
client/android/resources_vn/image/ui/gameActivity/holiday_top01_alpha.pkm	1416	7c5be1209b7fd311d4925ba40be096428bd0e766fbdf83596fa8a2afc2315375
client/android/resources_vn/image/ui/gameActivity/holiday_top02.pkm	1416	37c5d3ee752800e442ce91abcbf6172248a63297bf36a4fecbcc5f0b7e03cb61
client/android/resources_vn/image/ui/gameActivity/holiday_top02_alpha.pkm	1416	fe2a65c30305c5db813c354b12ca11dcc5e72d422957e43430c54486e7e77d08
client/android/resources_vn/image/ui/gameActivity/holiday_top03.pkm	1416	f2b2ddf1b88a4ddfc99c1c430aaeb9b9beb4bd40456c56bbd40961935ab8ec5d
client/android/resources_vn/image/ui/gameActivity/holiday_top03_alpha.pkm	1416	810efccee600bfbd6ce99ed6dd35a214b92f3d82af8172ed0982f8a4e9785ad1
client/android/resources_vn/image/ui/gameActivity/holiday_top04.pkm	1416	f18d16bdf906355acbce7eabcd96f97b6a10fe4d755edc34e33a628f72c3298a
client/android/resources_vn/image/ui/gameActivity/holiday_top04_alpha.pkm	1416	fbca1200f995ad2557f7be8f9da70ad54a6ffdf25146e7965faa709604d6d178
client/android/resources_vn/image/ui/gameActivity/holiday_top05.pkm	1416	6124c77436469fdf73bedffa9b9582201b0d6a9c783b1d202984b2499ceeb694
client/android/resources_vn/image/ui/gameActivity/holiday_top05_alpha.pkm	1416	365d5983811ea5b65c81e3f796bf3af1c39ed12ecb04b2411f549a095a2309d9
client/android/resources_vn/image/ui/gameActivity/holiday_top1.pkm	1416	504188bb3fd647884d185f40cadf94bbcb73e88a365d30f42212f04b8aacb945
client/android/resources_vn/image/ui/gameActivity/holiday_top1_alpha.pkm	1416	c2d4f42eac3836a572870d7d5c0e11d8c2f4309bd6d13f7f76ce1d8ca9f70d5c
client/android/resources_vn/image/ui/gameActivity/holiday_top2.pkm	1416	d0fba01dcf66621922bc0b9eb40fcf8fdf15c75aeb1ebe76f8c745dc0797ad92
client/android/resources_vn/image/ui/gameActivity/holiday_top2_alpha.pkm	1416	43a8b8f9da4ae9470673e81ec33fc1d179b17144be81b019599b8542281cbffe
client/android/resources_vn/image/ui/gameActivity/holiday_top3.pkm	1416	8c860921a246003d5182a2ca380435185382e053df0872e95eaa14f54378076f
client/android/resources_vn/image/ui/gameActivity/holiday_top3_alpha.pkm	1416	1eb867582c2913c244e855ea37edfd8500c7ad458a01d3d06559acdc43fb9018
client/android/resources_vn/image/ui/gameActivity/holiday_top4.pkm	1416	c788a61243488223693fae9765da035ee4e73f3be492b77e732e65f24a7d83d9
client/android/resources_vn/image/ui/gameActivity/holiday_top4_alpha.pkm	1416	df9f9c1101618029edebd89231436eabca3b99c478cdeca50c08a1c052123329
client/android/resources_vn/image/ui/gameActivity/holiday_top5.pkm	1416	2f01c1540b54a71adb3108b0c075158e850b0f82814caac666a9a98d812ea439
client/android/resources_vn/image/ui/gameActivity/holiday_top5_alpha.pkm	1416	7ce621f21727088e2753e9007fbbf7a3ca41dc45f60a8fca8167b0ce685ad4bd
client/android/resources_vn/image/ui/gameActivity/holiday_top_alpha.pkm	9256	b957a6c9a5a0d6f6dfe8ab4eb71780b0207555c109e2aa2c7bd1626bcfd7f826
client/android/resources_vn/image/ui/gameActivity/huodong_sc.pkm	36448	1217dab41b651f2b5cd88d81eb924d35fb3f2f84ead0ee7e99976947ed075ec1
client/android/resources_vn/image/ui/gameActivity/huodong_sc_alpha.pkm	36448	9851241b8789022dbbd6978bfebafb665e47cec74d1521faa667dc16362c434f
client/android/resources_vn/image/ui/gameActivity/huodong_xc1.pkm	33136	3f9cbb1e9bb582ea1c4169cea15b850be554109a8b9f8c8e57e8053e94b50273
client/android/resources_vn/image/ui/gameActivity/huodong_xc1_alpha.pkm	33136	a4df9ca0116ab05d1dd62d344ac5e7a50f18e8a0c340a2fad4fccc011ed6cf1c
client/android/resources_vn/image/ui/gameActivity/huodong_xc2.pkm	33136	eb44a759c2e11cbbb90f041b962e85dd261bd7d1869979ed2d84ee7633d5aa08
client/android/resources_vn/image/ui/gameActivity/huodong_xc2_alpha.pkm	33136	8d753c19c2c6fc89e9149880c24649478576bca3ed091da82e7bd169d255291e
client/android/resources_vn/image/ui/gameActivity/jiaoshijie_bg.pkm	151328	4ce2fbcc5f45b3360e96676bccc2a69b8c0578c5ffbd115b2012816f342c1801
client/android/resources_vn/image/ui/gameActivity/jiaoshijie_bg_alpha.pkm	151328	faf026b137227a13f91b9893b3c1acb98ece51bf572a296958e4697841579c75
client/android/resources_vn/image/ui/gameActivity/jiaoshijie_top.pkm	17040	d5c3f827d92018541d8c098144a7c1394fbc5f9a7c78ae7e4d8d07159774494b
client/android/resources_vn/image/ui/gameActivity/jiaoshijie_top_alpha.pkm	17040	c3b69a526601ffb1cd189d8e76aff2cc576a385c7a4182bb479e55b709e63f07
client/android/resources_vn/image/ui/gameActivity/lyx/activity_pic_bgtgjdd.pkm	151328	b8f1f6c4360a59e57016d65c3ff71e3184c861ff38ace6d9426ca5a15e4c0838
client/android/resources_vn/image/ui/gameActivity/lyx/activity_pic_bgtgjdd_alpha.pkm	151328	faf026b137227a13f91b9893b3c1acb98ece51bf572a296958e4697841579c75
client/android/resources_vn/image/ui/gameActivity/lyx/activity_pic_cw.pkm	151328	8c1369fb77590fa6be1f80c8eead5cd542e4320ca9d44bc3d56aac5d4e3a2aaf
client/android/resources_vn/image/ui/gameActivity/lyx/activity_pic_cw_alpha.pkm	151328	faf026b137227a13f91b9893b3c1acb98ece51bf572a296958e4697841579c75
client/android/resources_vn/image/ui/gameActivity/lyx/activity_pic_hltfqh.pkm	151328	e475d1e13114244f09d6ec10d7b174d352b4843d51ca69efbfc92d5c854c6542
client/android/resources_vn/image/ui/gameActivity/lyx/activity_pic_hltfqh_alpha.pkm	151328	faf026b137227a13f91b9893b3c1acb98ece51bf572a296958e4697841579c75
client/android/resources_vn/image/ui/gameActivity/lyx/activity_pic_wsjngc8.pkm	151328	1fea0ed7f0585f1d7e314309509305a67bfdaa3f7470214b5f7372b04fa3f291
client/android/resources_vn/image/ui/gameActivity/lyx/activity_pic_wsjngc8_alpha.pkm	151328	faf026b137227a13f91b9893b3c1acb98ece51bf572a296958e4697841579c75
client/android/resources_vn/image/ui/gameActivity/lyx/lyx_jz.pkm	19728	2f6a26df7da69e1cb8a5f1d25fe83b82116d28ded99340fa48f2324e12f1dc05
client/android/resources_vn/image/ui/gameActivity/lyx/lyx_jz_alpha.pkm	19728	633c8140f230918301d249c3dab7812b7130a498c4646ea47d5cccae1b94e148
client/android/resources_vn/image/ui/gameActivity/lyx/lyx_pictur1.pkm	114064	89b42ecbe0dec182e1cf3f0c7236fc12b98b31f0b126d1daac1b23e3cd52391b
client/android/resources_vn/image/ui/gameActivity/lyx/lyx_pictur1_alpha.pkm	114064	d68bd34b5c76a3080fdc73b60344bf8bfe66c86514d408bf88be94e985aa0cf7
client/android/resources_vn/image/ui/gameActivity/lyx/lyx_pictur3.pkm	34512	8a599cac91e3afef410ec77f7d1afebfe242cdedd48d386e129006e1348086fc
client/android/resources_vn/image/ui/gameActivity/lyx/lyx_pictur3_alpha.pkm	34512	ae16c9a5f54978da4fc84a525a055b8072b476dceab69de1f1d7a5121d875906
client/android/resources_vn/image/ui/gameActivity/lyx/lyx_top.pkm	2032	d3a36e26b4b17cb65cf5c2e671e65616a840f0393f41859085d6d0bc5e634083
client/android/resources_vn/image/ui/gameActivity/lyx/lyx_top1.pkm	2032	d3a36e26b4b17cb65cf5c2e671e65616a840f0393f41859085d6d0bc5e634083
client/android/resources_vn/image/ui/gameActivity/lyx/lyx_top1_alpha.pkm	2032	286876ca7bc77123e787792469aa6e8e4671f3906bbe7f086ed633f257451b4c
client/android/resources_vn/image/ui/gameActivity/lyx/lyx_top_alpha.pkm	2032	286876ca7bc77123e787792469aa6e8e4671f3906bbe7f086ed633f257451b4c
client/android/resources_vn/image/ui/gameActivity/newyear/happynewyear_top.pkm	5056	a20a6ba6659ba2847a4ead8a32190b43acceeb23cd10d0bfde5c5777cd584429
client/android/resources_vn/image/ui/gameActivity/newyear/happynewyear_top2.pkm	13096	7a7c08e088b345fa0b7cba30c49c98747a4e4f26386af29fcff2e188c3d4dc78
client/android/resources_vn/image/ui/gameActivity/newyear/happynewyear_top2_alpha.pkm	13096	fd4696da4be7b638f0d4c12a89c40f2f387783ebb462f63179d8e4e78b449292
client/android/resources_vn/image/ui/gameActivity/newyear/happynewyear_top_alpha.pkm	5056	35b494563de878ecde307c3ae540f2568c47f339e985c3b3ffadeb5303e7643f
client/android/resources_vn/image/ui/gameActivity/threeyear/anniversary_text_001.pkm	10576	1eed9e1c669edb1e60b5e123e27280e55b50f8bbd2b9f18cf5fae6d8a7fc5530
client/android/resources_vn/image/ui/gameActivity/threeyear/anniversary_text_001_alpha.pkm	10576	6576723da06ba5213a84e5bbc18d1626d53153ba12e36bf064a527c120e8540f
client/android/resources_vn/image/ui/hero/common_icon_yxlm.pkm	2736	975046859fc444c7ecfe0c6c4c59b2ceb8343441d0706bcf1a926d2c90f6a85e
client/android/resources_vn/image/ui/hero/common_icon_yxlm_alpha.pkm	2736	79f6e2603857ea57b7eb8aedc001f5356d059a8bc439b1a3b1056c14c659bc12
client/android/resources_vn/image/ui/hero/hero_icon_16qiang.pkm	1296	aa77d1874186f64dfac31969f8a7460b72215abff1ca9d682d437d0ba0d009b7
client/android/resources_vn/image/ui/hero/hero_icon_16qiang_alpha.pkm	1296	2b58a37dde0632f800b5cb784064d0ae97fca8633576e277b9569f87cd738036
client/android/resources_vn/image/ui/hero/hero_icon_4qiang.pkm	1136	c516f6ce4a05c1f08c6f56b46697c75a1356b6b0b299dd3dbb36441207d9b489
client/android/resources_vn/image/ui/hero/hero_icon_4qiang_alpha.pkm	1136	c139be173b0a6f252ac7e2478ad1cc9d3ec57d57c1aa845848fb6cc122c20e96
client/android/resources_vn/image/ui/hero/hero_icon_8qiang.pkm	1136	30ffeddf4647ebc702cc3234b4894a38e2035730b71074af21e78e4bd7e051b9
client/android/resources_vn/image/ui/hero/hero_icon_8qiang_alpha.pkm	1136	222f7637a2da63d274ff53908422f0821cd8b05053ac7a1c1d078279f8bd47c5
client/android/resources_vn/image/ui/hero/hero_icon_bsxx.pkm	1360	810edd2102af7814267c28edf396746b053605dda61dc700ba952af17f80a9dd
client/android/resources_vn/image/ui/hero/hero_icon_bsxx_alpha.pkm	1360	c39e4121f8048b9148043c07767d41904aa1f763e2c8cd3a62d0f2acb15adcff
client/android/resources_vn/image/ui/hero/hero_icon_canzhan.pkm	1248	ac6f1a1bbfc6984e07073790b311169e956ce718d6896db1120e8dd63b2bf8b1
client/android/resources_vn/image/ui/hero/hero_icon_canzhan_alpha.pkm	1248	058f69efa83a701359ecf09e04693dafc8caafa132c73d076916fe994d936958
client/android/resources_vn/image/ui/hero/hero_icon_duizhang.pkm	984	6d274e440fcffdfff09e1036c73d45432256b16fee1e42fd5aa66e15b7fcfcf3
client/android/resources_vn/image/ui/hero/hero_icon_duizhang_alpha.pkm	984	9e3f660415856aadae72e19f32ae31d07812c8dcbe09ff89fe9ff36b2e7634c7
client/android/resources_vn/image/ui/hero/hero_icon_fuduizhang.pkm	984	aeeae63966939d94b935466ecf9332f4c4d198eb89caa261e33e2afd6f935bb3
client/android/resources_vn/image/ui/hero/hero_icon_fuduizhang_alpha.pkm	984	fe6f24c9478c1f4ef7040bd0f396d845a49418085df80c8fb8851f4683bbdd15
client/android/resources_vn/image/ui/hero/hero_icon_guanjun.pkm	1136	3c49f753d38ff2b5ca1119a9ee2941ee3dcaa4728d20d4dfccfe9e8b988cab4c
client/android/resources_vn/image/ui/hero/hero_icon_guanjun_alpha.pkm	1136	ad7dfc8543194e9f002c628f825f682837be8148e82ca4bcfb39d0b61bd07381
client/android/resources_vn/image/ui/hero/hero_icon_guanzhan.pkm	912	6075756ee9e199f36a64f00471a6fa2588f3e46380edd8919838e0f9aa0c700d
client/android/resources_vn/image/ui/hero/hero_icon_guanzhan_alpha.pkm	912	d93668e99bafae19897a2888172215ba540252c8ce83816030bc5e8ce0cf1b75
client/android/resources_vn/image/ui/hero/hero_icon_jie.pkm	688	1b58b20d0211406ed9f78861c61605d50622f89bca1971fe2197d99b4ae57464
client/android/resources_vn/image/ui/hero/hero_icon_jie_alpha.pkm	688	c74d91625edee9da4cf1dacd5db2c6ae6632edba16baace34b2d0a4b91bdf359
client/android/resources_vn/image/ui/hero/hero_icon_jijun.pkm	1376	b000f609b72cd03d7b997c9febf2e3731d06b7bce9d117ea6160944082640ee1
client/android/resources_vn/image/ui/hero/hero_icon_jijun_alpha.pkm	1376	1ae7992aacfe3ec28d62ed3d2cbbecc7ab8b4321cdc061e2a27cddb9b4d2a587
client/android/resources_vn/image/ui/hero/hero_icon_jingji.pkm	1616	cb54d54fbbdf5294512ab0cd1547d6af3f892aac3ddb3ada314292a8c17d5638
client/android/resources_vn/image/ui/hero/hero_icon_jingji_alpha.pkm	1616	8276ffb6600029a891caa7e721ce850f6d80129d8c7228fba2bc3023973a4d8f
client/android/resources_vn/image/ui/hero/hero_icon_jxzbq.pkm	2192	2f04b3665c684638d27902b1eb372cb40aede78d3ff2befd6cc84c910fe5d800
client/android/resources_vn/image/ui/hero/hero_icon_jxzbq_alpha.pkm	2192	39df988d41b58b215c9190b2d9300dae6886aaa20330b68c9bd205d3eae6953f
client/android/resources_vn/image/ui/hero/hero_icon_lsbq.pkm	2328	a4cdd56f35d19870077d44d9fa2eb540448fad02f018c50d186ae9a4dd7c566a
client/android/resources_vn/image/ui/hero/hero_icon_lsbq_alpha.pkm	2328	7dba7ff973922e979c149210a7910a3c3c286e5354b3e1ebb752f61eba7f7c43
client/android/resources_vn/image/ui/hero/hero_icon_qiquan.pkm	1616	c274143bf3f15e580a4f36eece7c12696324e31544eee228ad92220ddd71c3f5
client/android/resources_vn/image/ui/hero/hero_icon_qiquan_alpha.pkm	1616	ee2ee008ef5578d2f831173895a589fe81cf7c9be329198873494b1dd44ccbd0
client/android/resources_vn/image/ui/hero/hero_icon_vsfu.pkm	1056	569f8d659b1387ecce63ba99a38a4f4ca029f68c9e69036a0487401cbfcd78a8
client/android/resources_vn/image/ui/hero/hero_icon_vsfu_alpha.pkm	1056	4666733fe24c04c069d8c3b3c500dfd51f571c5567844da38ed377fda72edf51
client/android/resources_vn/image/ui/hero/hero_icon_vssheng.pkm	1136	09f5a1dbaf49243eb2890094b36f0f13f7545f6a487d5ccf9af0a553554a64a9
client/android/resources_vn/image/ui/hero/hero_icon_vssheng_alpha.pkm	1136	a3f19bb58f5e97b4b5ec39e70146fa80b1e53b59986aa56bd2460a95a3e1d9c0
client/android/resources_vn/image/ui/hero/hero_icon_weijinru.pkm	1536	30426e15d705ec885d5d0816776dce71489ee8e0b9f0b0215ccf64f5916130b7
client/android/resources_vn/image/ui/hero/hero_icon_weijinru_alpha.pkm	1536	5b1e0e9404be0d0df06ed7e926681605eb9a65280f181b00ff73f9292049bf88
client/android/resources_vn/image/ui/hero/hero_icon_yajun.pkm	1376	4f8e82f28046311ea9b8b1240a6c8b2113b827dab9109207b0aa7bd4024c8c74
client/android/resources_vn/image/ui/hero/hero_icon_yajun_alpha.pkm	1376	3e69cb72321db6246fcba0cdbebe84d9e082da876579c30cb00016969497b9f0
client/android/resources_vn/image/ui/hero/hero_icon_yxlsczsz.pkm	1552	63191472693261aef0832ccb66a7b00db5636d4185b8953376ee462abad9458c
client/android/resources_vn/image/ui/hero/hero_icon_yxlsczsz_alpha.pkm	1552	50d165cebd94b9c4b484bfa8584415e2841df4011b9613a3b78ef1ff65bb98ab
client/android/resources_vn/image/ui/hero/hero_icon_yxlssh.pkm	1296	e902d03cff8366c8d9f61e8bf08f4e9def561a37b114279e97feb87d3a04e8b2
client/android/resources_vn/image/ui/hero/hero_icon_yxlssh_alpha.pkm	1296	adf5efce092bd06a1b1f38c4307691522b6dd363914dfca2a7b32a35f1bd6511
client/android/resources_vn/image/ui/hero/hero_icon_yxlssz.pkm	1296	17829ed52aae7890c0ac3daeb28aa4310739cbbfbf01282642caed7aec98fd54
client/android/resources_vn/image/ui/hero/hero_icon_yxlssz_alpha.pkm	1296	ebf7955f7226a77f14c9640fd55abba90bcf87343f342edce930fb3b777e04d0
client/android/resources_vn/image/ui/hero/hero_icon_yxlstcz.pkm	1296	72395c6b6e64ee151482662c96dc1d9a2114d37bc3eac3892d063e20b6291b06
client/android/resources_vn/image/ui/hero/hero_icon_yxlstcz_alpha.pkm	1296	b858ef57c96ada313f238c4e55c92a743ae30d576583325bb9c553cdae97309f
client/android/resources_vn/image/ui/hero/hero_icon_yxzb.pkm	1024	13c81a95d68f29226f4fede637acdf1727bc46f59fa10c2278ebad70821adebf
client/android/resources_vn/image/ui/hero/hero_icon_yxzb_alpha.pkm	1024	b4252601cf2b2e869ab3a9f3ad036330464ac5ffc0ac9b383e0ab4a4bf2a2d1d
client/android/resources_vn/image/ui/hero/hero_icon_yxzdz.pkm	1296	dc2dea61c81ca198aac73ca22545c50944ecb2c7837b1fca9e24c0c9f6952d76
client/android/resources_vn/image/ui/hero/hero_icon_yxzdz_alpha.pkm	1296	cfa254369538bc9a49075fada0a61ea1939ca2608454afbb0da054492cdd5ded
client/android/resources_vn/image/ui/inn/activity_pic_hs.pkm	112016	0cc70ce39addc94003938438f94065bc7afe8e720d6a063af39a59209de26645
client/android/resources_vn/image/ui/inn/activity_pic_hs_alpha.pkm	112016	455d66dabdda34aff8ca33b83146e6a56c013622c6482ec5abe9a71f304638b8
client/android/resources_vn/image/ui/inn/activity_pic_hssr.pkm	112016	5a1dc283c4b788759a573fae9a78d8b2e696450a5f821d09d7353debcdeeb3d6
client/android/resources_vn/image/ui/inn/activity_pic_hssr_alpha.pkm	112016	455d66dabdda34aff8ca33b83146e6a56c013622c6482ec5abe9a71f304638b8
client/android/resources_vn/image/ui/inn/commom_icon_hasd.pkm	3616	d234b8ebb68e8a29e8854f295442a202c743bad473fb0943bb6284566e330c9f
client/android/resources_vn/image/ui/inn/commom_icon_hasd_alpha.pkm	3616	c20103b0b17b16d70f1946509d05c8a568d2eec2b4b2d4c3bad4d3b29bfcc7f5
client/android/resources_vn/image/ui/inn/common_icon_heissrcxl.pkm	13576	cd08ff7c9297f6870420cea0ff93dd4140cbc2bf798d6c95ea1515a127c96d3e
client/android/resources_vn/image/ui/inn/common_icon_heissrcxl_alpha.pkm	13576	fc368a69b07431e6a80f5fa51657ab640f8dab39f60428fccb027dff9be08dd5
client/android/resources_vn/image/ui/inn/common_icon_lxsrcxl.pkm	15256	be24dccdaf1e8e6f38b3bb19b0ea022c159a5da23995644c5ebaed123ff297de
client/android/resources_vn/image/ui/inn/common_icon_lxsrcxl_alpha.pkm	15256	96860b050ef0c6f52e7efedbbe0b768685a7d5bed311c72ab0c86ea994e74f10
client/android/resources_vn/image/ui/league/common_icon_shenhe.pkm	2904	644cc0437eab19875eb2243f72997c380a30220c8187613b0ef87e021e467c0b
client/android/resources_vn/image/ui/league/common_icon_shenhe_alpha.pkm	2904	b1053a88e09de5923d5854d848be7f71614eea5542b3c936d1ae2d7d54bb9621
client/android/resources_vn/image/ui/league/common_icon_shezhi.pkm	2904	8e2fcf2dcd77afd4372bcda4f2d5527226bd67c922cde719116cf5646189e46b
client/android/resources_vn/image/ui/league/common_icon_shezhi_alpha.pkm	2904	e244f522cdfc354929a1ef150ea426bc87a8805aca0fce47167686ed945412ee
client/android/resources_vn/image/ui/loading/loading_pic_p001.pkm	97696	c3e4f7953e2fc8a38d680ddcf77a1227e0f3b1c39bdc771acc9556668d43152d
client/android/resources_vn/image/ui/loading/loading_pic_p001_alpha.pkm	97696	54ca6db1aa54d8de1465545362828612320fb182d57a90659eeeeb7a4b4a547f
client/android/resources_vn/image/ui/loading/loading_pic_p002.pkm	97696	8f920c4ab57bdfe28a480d8071026e1053719225a9200e5ffbfef309391a8276
client/android/resources_vn/image/ui/loading/loading_pic_p002_alpha.pkm	97696	54ca6db1aa54d8de1465545362828612320fb182d57a90659eeeeb7a4b4a547f
client/android/resources_vn/image/ui/loading/loading_pic_p003.pkm	97696	e74865ab45a4bddccea8502da932fc6f338718ae2de81840d4f46a9b560acc62
client/android/resources_vn/image/ui/loading/loading_pic_p003_alpha.pkm	97696	293798993072800520c5ff6b6348480d951136de86ff595d73b834b5c606282e
client/android/resources_vn/image/ui/login/common_btn_accoumt.pkm	408	1da9174f4a17a6dfe6af43f7e4fc71125606366973daa4d81f43ebc67a4880a5
client/android/resources_vn/image/ui/login/common_btn_accoumt_alpha.pkm	408	5fb199cb282d18d7308c6caa70e3dd0a9fe677d7d68ef4cc20361c8fb56f1cb1
client/android/resources_vn/image/ui/login/common_btn_ditu.pkm	816	1b67beca1f4dcbf321fd46951497e18c06428848130ad9df0b6311c49c2a142b
client/android/resources_vn/image/ui/login/common_btn_ditu_alpha.pkm	816	73b43f0c1885ae5e30dc5bbcbce78fca62f7e6e68738e5226a90273492520b74
client/android/resources_vn/image/ui/login/common_btn_dlk.pkm	816	09d27f64f368d966d509bc47a4bd7dcbe461086db6c18815ffae7eac5c2506eb
client/android/resources_vn/image/ui/login/common_btn_dlk_alpha.pkm	816	2a0139f6ee3a98b2a919c7fe8c8a000dfec77324d1767d3bc83ad416ed9a7dd7
client/android/resources_vn/image/ui/login/common_btn_facebook.pkm	1368	1710ecc3d9b1d47285732097aab78f5cc6b6c7ebc56191fdc95d5acb10abf78e
client/android/resources_vn/image/ui/login/common_btn_facebook_alpha.pkm	1368	5dc83ae84d5b6481e47074fa00fd6dfbf6ab913f545fc01d685e7d15b4045ba7
client/android/resources_vn/image/ui/login/common_btn_google.pkm	1816	939e739f75dcfc8143bd7431add1742fcea7f109fcd14297c6051086d24772cf
client/android/resources_vn/image/ui/login/common_btn_google_alpha.pkm	1816	c0e7c0d0731096c737a07282087e2a2682b7a48bcd34f0b60e40a15de3aa9ed5
client/android/resources_vn/image/ui/login/common_btn_lianjie.pkm	6952	f476cc1f4c418c728551aa3389027b77efbe5bcda5eff443def1cb52452e5c66
client/android/resources_vn/image/ui/login/common_btn_lianjie_alpha.pkm	6952	7656276196b743bf5cafec65b334caf238d01f396b9a82b925ab504d7dcdaa9f
client/android/resources_vn/image/ui/login/common_btn_line.pkm	1976	b33642d76f6e6e50e8e1d4da4a56a55658b4c3213ac984ec0a8c038a38667707
client/android/resources_vn/image/ui/login/common_btn_line_alpha.pkm	1976	b36b4ea59e6b70199e5c4153827ee33534444c1de3db4b57cd5eba07b9f6734e
client/android/resources_vn/image/ui/login/common_btn_login.pkm	816	dddd8eb1a28979ab1acf5f116b6bb61f87b37c6da26ec69d22cc614c60665b13
client/android/resources_vn/image/ui/login/common_btn_login_alpha.pkm	816	6b8434575b7279df1ae6f2b5f8026f4d0f47702b95f86a2f85091b4427406204
client/android/resources_vn/image/ui/login/common_btn_password.pkm	408	844c2b3050d26c852bfe7578fa089da788a7e76286a3fc43c3dc52874ff7e5a9
client/android/resources_vn/image/ui/login/common_btn_password_alpha.pkm	408	d65ce93f26243488aa2eddc986cb627683735b27c4413ada0e968573e674c218
client/android/resources_vn/image/ui/login/common_btn_registerguest.pkm	816	f0a05d80022eb485ff37ecb4d997c4a069fa6072fed23609d22325f573546bcd
client/android/resources_vn/image/ui/login/common_btn_registerguest_alpha.pkm	816	6b8434575b7279df1ae6f2b5f8026f4d0f47702b95f86a2f85091b4427406204
client/android/resources_vn/image/ui/login/common_btn_tip.pkm	816	ac0e0c11212cdaf05b49017319ccd8a4b7b28f5835cd58c40a3c80876c66017a
client/android/resources_vn/image/ui/login/common_btn_tip_alpha.pkm	816	6b8434575b7279df1ae6f2b5f8026f4d0f47702b95f86a2f85091b4427406204
client/android/resources_vn/image/ui/login/login_icon_huanqu.pkm	2832	2be097d70cb608ac809bea632a2f64e8f6eda7646e68ba8f57e4948d2c4a14db
client/android/resources_vn/image/ui/login/login_icon_huanqu_alpha.pkm	2832	4cee00916090e10fe5de47abb8bb89fc9f6cf0e7e95cd59145e9fd74775f0275
client/android/resources_vn/image/ui/login/login_icon_jjyx.pkm	3272	fa6cc8eab5f158170ffbcdf18097c5369ffb4d49726106b8bbadd5c59f12fb96
client/android/resources_vn/image/ui/login/login_icon_jjyx_alpha.pkm	3272	977ab20d6616a6ac28a80765b13b80743ec83eb6cfb33d992e823033be0f773d
client/android/resources_vn/image/ui/login/login_icon_logo.pkm	10688	dc1369b79173f11d6d31be3b3b866c27b1a780b8898bb7c7bbc70e6ae14faa65
client/android/resources_vn/image/ui/login/login_icon_logo_alpha.pkm	10688	b60566678127953dadaecd6ee2c43db2aee117dcb9487e426c85626c7e460667
client/android/resources_vn/image/ui/login/login_pic_bg1.pkm	307216	4137bc3f12b490345a5062cdba4313c4bafdcd6530a28d84d872b8a9062fd6ff
client/android/resources_vn/image/ui/login/login_pic_bg1_alpha.pkm	307216	040fab2cd77da8ac3064349d952d2e7369da4987de399770e90742351d3e5559
client/android/resources_vn/image/ui/login/login_pic_bg2.pkm	307216	416ead153798355d517e39f776e1e8a1e066fb682dc5d5c7c53f683fb9faca58
client/android/resources_vn/image/ui/login/login_pic_bg2_alpha.pkm	307216	d761a627148a3f51dacc5908f30fe626dae559d0f58c730cd7f284bcc5c4f18e
client/android/resources_vn/image/ui/lottery/common_icon_axxy.pkm	3536	23cd1fd6ebbe8624499225b70b1323fa800e6f2471c6b711a2b7ced0b872ca56
client/android/resources_vn/image/ui/lottery/common_icon_axxy_alpha.pkm	3536	2ff70a31146736fe6bebed3812e89005d47c24371f8a5eada4eeab672c742607
client/android/resources_vn/image/ui/lottery/event_icon_xy.pkm	1536	85b3f701888cfd7d401eef5f91320116812c92dd5b11fc4ac80c7fb8e9407a1f
client/android/resources_vn/image/ui/lottery/event_icon_xy_alpha.pkm	1536	82a5f3a3812d3404149696962fee4fb8a79843d60d9e95bd4702cd2a0c4fe08a
client/android/resources_vn/image/ui/map/map0.pkm	1120	46ff7651e6729a17b85077dd4dab7b7c0dc82ee129ec5f169342cffddac5dc90
client/android/resources_vn/image/ui/map/map0_alpha.pkm	1120	26be6238e3c8bfd1a04cd5c28ae4aeae58224642bbb1632410125988028c2c36
client/android/resources_vn/image/ui/map/map0_not.pkm	1120	c310b21d1cc8a335db60737a7ab2ee28d3ea62572c37aab5b37ba4441874c174
client/android/resources_vn/image/ui/map/map0_not_alpha.pkm	1120	26be6238e3c8bfd1a04cd5c28ae4aeae58224642bbb1632410125988028c2c36
client/android/resources_vn/image/ui/map/map100.pkm	1120	cf6d979cde88c6e8d5ae40225d25b0500ee549fd0c42591b06db2d06bffc54bb
client/android/resources_vn/image/ui/map/map100_alpha.pkm	1120	59016120f8ba26f61aeb35ddb606ef306ca8f76b0a7f1efa89e009f52b1a7f3d
client/android/resources_vn/image/ui/map/map100_not.pkm	1120	c2fcbe941bd3e5dc6013c541033d760e76b7255380a38eb2269aa7185aeebcf9
client/android/resources_vn/image/ui/map/map100_not_alpha.pkm	1120	59016120f8ba26f61aeb35ddb606ef306ca8f76b0a7f1efa89e009f52b1a7f3d
client/android/resources_vn/image/ui/map/map101.pkm	1120	9e0f9716af54963c00f89ed0ab08822c7f6c81ae5b8ad6d11f0d6b7b4f9d1739
client/android/resources_vn/image/ui/map/map101_alpha.pkm	1120	7fbb17bc944f62408bd544faf0525741b7cac0ef819fe004247104fd8717feee
client/android/resources_vn/image/ui/map/map101_not.pkm	1120	1c6fc93f5ce85d94ef5dccbe04386d7a9486550f7f92d641241871de172409cb
client/android/resources_vn/image/ui/map/map101_not_alpha.pkm	1120	7fbb17bc944f62408bd544faf0525741b7cac0ef819fe004247104fd8717feee
client/android/resources_vn/image/ui/map/map102.pkm	1120	a99ac3c541a7af9179cdeb9655838d47eeb28b686a02cf269e5db0aa4de3e11c
client/android/resources_vn/image/ui/map/map102_alpha.pkm	1120	dbb7916788067d504db3d6f221e9a8efe76c5b750caaad1a9a55aa45fa68b384
client/android/resources_vn/image/ui/map/map102_not.pkm	1120	03dafc91503c5c1b17e0099f34fb0bdd0a1f399d14eff2e8374d42130741883e
client/android/resources_vn/image/ui/map/map102_not_alpha.pkm	1120	dbb7916788067d504db3d6f221e9a8efe76c5b750caaad1a9a55aa45fa68b384
client/android/resources_vn/image/ui/map/map103.pkm	1120	82c8fb55a9ca7383d73f82390a6c19403d8e9a6485340352a3fe266d01b810fb
client/android/resources_vn/image/ui/map/map103_alpha.pkm	1120	5a86351d8afb2e35f62e828cf4e6cab8ea17e4725fd6baf2fdad15db04d412ee
client/android/resources_vn/image/ui/map/map103_not.pkm	1120	a6438de19828ec3426adb4da360a888f431a19815f22ffcbb936a22f61d2ca84
client/android/resources_vn/image/ui/map/map103_not_alpha.pkm	1120	5a86351d8afb2e35f62e828cf4e6cab8ea17e4725fd6baf2fdad15db04d412ee
client/android/resources_vn/image/ui/map/map104.pkm	1120	716a2f7a0bfd89bff7e39268e05d53488ccd69cff8a04a477e588d6968dcd887
client/android/resources_vn/image/ui/map/map104_alpha.pkm	1120	ceaaea64bebd673cfd6f5071f134391161f71c1961cabaf6472a1edf9fab349b
client/android/resources_vn/image/ui/map/map104_not.pkm	1120	84f8d3d51a7fa0314222eaec7113312774a8f145da975b30a1443eb50c55f073
client/android/resources_vn/image/ui/map/map104_not_alpha.pkm	1120	ceaaea64bebd673cfd6f5071f134391161f71c1961cabaf6472a1edf9fab349b
client/android/resources_vn/image/ui/map/map105.pkm	1120	95a972a3ee2641b1a60f2e379c56751d66981840f93c8201b52b3c10a24b5c51
client/android/resources_vn/image/ui/map/map105_alpha.pkm	1120	3b28428873fabe4f90a3de8aac3fb28eba29cf6fef930115f66acb9ddaa93394
client/android/resources_vn/image/ui/map/map105_not.pkm	1120	19d4e1877d95c60254e40ed7b2a7bfb3741152d757cf880244a21aec44f6ed27
client/android/resources_vn/image/ui/map/map105_not_alpha.pkm	1120	3b28428873fabe4f90a3de8aac3fb28eba29cf6fef930115f66acb9ddaa93394
client/android/resources_vn/image/ui/map/map106.pkm	1120	a6dd2178deaa860dcbd2928c980c8be242ab0ce63ce82fde2b75ab1e14c39143
client/android/resources_vn/image/ui/map/map106_alpha.pkm	1120	b231c7e7a1847ebb0a2f70fd82948bbff508471026f5ef4137d153d3f2ddec76
client/android/resources_vn/image/ui/map/map106_not.pkm	1120	a59c20b2945511e6c16c5be94bd6ff31b3563e8dcf630823c7a2b5eac8710dae
client/android/resources_vn/image/ui/map/map106_not_alpha.pkm	1120	b231c7e7a1847ebb0a2f70fd82948bbff508471026f5ef4137d153d3f2ddec76
client/android/resources_vn/image/ui/map/map107.pkm	1120	0668bec48a4db95fc95aa1807d13a6284bde56e8be48e5f9c84848f9c0b0f893
client/android/resources_vn/image/ui/map/map107_alpha.pkm	1120	d1f052c2a4cf166e703b7c12f35aee9fc4bdfd6bdb1e8fde3427d5f59c7ff4e8
client/android/resources_vn/image/ui/map/map107_not.pkm	1120	eb2913f78637bc0b5de102477f5ea89f3deeac0afbbc52d478ed8022be811b00
client/android/resources_vn/image/ui/map/map107_not_alpha.pkm	1120	d1f052c2a4cf166e703b7c12f35aee9fc4bdfd6bdb1e8fde3427d5f59c7ff4e8
client/android/resources_vn/image/ui/map/map108.pkm	1120	c78dc5ba6a070c58edbe8dd6b83fd46d75ca8bd3a20560c34256ba1d01136193
client/android/resources_vn/image/ui/map/map108_alpha.pkm	1120	bd683afcc0255efa9131f442edd0b19091c459c9854349694fe5670a996a43d0
client/android/resources_vn/image/ui/map/map108_not.pkm	1120	8e7fca725a82accebdacfd6f123074d4b602e9b5cd073fc16c89b91ba60a811c
client/android/resources_vn/image/ui/map/map108_not_alpha.pkm	1120	bd683afcc0255efa9131f442edd0b19091c459c9854349694fe5670a996a43d0
client/android/resources_vn/image/ui/map/map109.pkm	1120	08534cb5929d8f6288c8658e3bc1fc6a2a7467a123a4d960ee2a31a5e5711907
client/android/resources_vn/image/ui/map/map109_alpha.pkm	1120	f9b8458a432b7e1a38a77cff7c6a2bcf68d0ce9952d26d1c80a569e0fb131a76
client/android/resources_vn/image/ui/map/map109_not.pkm	1120	85df50a9c61b5b1883e5a0c6c2eb5c33c7251d8146f8906c7ff12c0b1120c56e
client/android/resources_vn/image/ui/map/map109_not_alpha.pkm	1120	f9b8458a432b7e1a38a77cff7c6a2bcf68d0ce9952d26d1c80a569e0fb131a76
client/android/resources_vn/image/ui/map/map114.pkm	1120	fe8616932dccf0969d5f774880d0af6360b23b0e171b15bc93a1c3f6582332af
client/android/resources_vn/image/ui/map/map114_alpha.pkm	1120	62e0b83ed06dd1ed594d4563217fdd78c0c48d486294a022b317ccc282ca7c0c
client/android/resources_vn/image/ui/map/map114_not.pkm	1120	09f1b47cf43d40671a82d932b2b2c640899d047f556afb1e4244c31e39e9703d
client/android/resources_vn/image/ui/map/map114_not_alpha.pkm	1120	62e0b83ed06dd1ed594d4563217fdd78c0c48d486294a022b317ccc282ca7c0c
client/android/resources_vn/image/ui/map/map115.pkm	1120	b89243f11d1dcd8c907b7ae04fab69c8b893320d9ccd3b7a2f4ab3ad93a4eda7
client/android/resources_vn/image/ui/map/map115_alpha.pkm	1120	f6f0a244276a3de06d221924bc388151981b5f54d246a424335cf3edeb850617
client/android/resources_vn/image/ui/map/map115_not.pkm	1120	c63174e9a9d1b1166daddccff34530f68128d66c77cb026e980d51c467422a08
client/android/resources_vn/image/ui/map/map115_not_alpha.pkm	1120	f6f0a244276a3de06d221924bc388151981b5f54d246a424335cf3edeb850617
client/android/resources_vn/image/ui/map/map116.pkm	1120	9f72957b042a23018833430b9bc6cec3c33d0742fbb9cc885ce4562f56b6e4cd
client/android/resources_vn/image/ui/map/map116_alpha.pkm	1120	dd48a535dfd6ba0d8ac6cebd2e2fd0d9e05d95c2ce4e104b480a78a245dd8681
client/android/resources_vn/image/ui/map/map116_not.pkm	1120	694ef51b53629fd2fd65b22eaf339aad6d941a87504d94a00f649152a3317b69
client/android/resources_vn/image/ui/map/map116_not_alpha.pkm	1120	dd48a535dfd6ba0d8ac6cebd2e2fd0d9e05d95c2ce4e104b480a78a245dd8681
client/android/resources_vn/image/ui/map/map117.pkm	1120	610f7da421824c7c461e2768010e020e2b761d4bb4676a3a5c0f3e2acb423650
client/android/resources_vn/image/ui/map/map117_alpha.pkm	1120	93a252d61181dfd5c4a827301295cc523926a2704a1f96df30f8ccec33441b1e
client/android/resources_vn/image/ui/map/map117_not.pkm	1120	02621e9713d56d347fa956b55168a5674c93ba9306129391ff2c3cb7463184f5
client/android/resources_vn/image/ui/map/map117_not_alpha.pkm	1120	93a252d61181dfd5c4a827301295cc523926a2704a1f96df30f8ccec33441b1e
client/android/resources_vn/image/ui/map/map118.pkm	1120	ce4d7eaa12889bdb7a7becf60a49f8b52bdf8c52ae886f79e737b39b785b3ec2
client/android/resources_vn/image/ui/map/map118_alpha.pkm	1120	1cd13d8abbd3fda61901223875783311d0410b68ddaf8d42f474f7529bc5a7a9
client/android/resources_vn/image/ui/map/map118_not.pkm	1120	51b15c7289311323238a6bfec9e00ef3ced05d8c9971fb58316d79e8f5abf3d3
client/android/resources_vn/image/ui/map/map118_not_alpha.pkm	1120	1cd13d8abbd3fda61901223875783311d0410b68ddaf8d42f474f7529bc5a7a9
client/android/resources_vn/image/ui/map/map119.pkm	1120	5191cc0ff90239227bce81d7d1602fcd1579942254bd574de1c3567e7ac064de
client/android/resources_vn/image/ui/map/map119_alpha.pkm	1120	459b0b9e45cbadca5a179335530d5ec167e56479b858a5bd5db0fc747591d5b4
client/android/resources_vn/image/ui/map/map119_not.pkm	1120	01334edf2c85a71d5dcba253bac329a6f9a56f288db0435a6c8746d9c6b652c1
client/android/resources_vn/image/ui/map/map119_not_alpha.pkm	1120	459b0b9e45cbadca5a179335530d5ec167e56479b858a5bd5db0fc747591d5b4
client/android/resources_vn/image/ui/map/map120.pkm	1120	df772a1105f1430592142ab5461f8eee9d6285eee0eb1330089b40e9ef4a0cb8
client/android/resources_vn/image/ui/map/map120_alpha.pkm	1120	2fd5673a0727fb807fcd4368fb2973ee1d2196c6e3b9bdd6172246b4a5e05d1c
client/android/resources_vn/image/ui/map/map120_not.pkm	1120	7e7707c8c0260696a358237a895dc3f9edfab79f75aaf77e974319b1cf665c02
client/android/resources_vn/image/ui/map/map120_not_alpha.pkm	1120	2fd5673a0727fb807fcd4368fb2973ee1d2196c6e3b9bdd6172246b4a5e05d1c
client/android/resources_vn/image/ui/map/map121.pkm	1120	d5940aa6f08b51d4153cb92e4e9c412c2e8a4d3048115a118433597f83d2515d
client/android/resources_vn/image/ui/map/map121_alpha.pkm	1120	ca52835d7b6c69aeef1c2d668d8aa6acefc2ba5d3bd65918bf0169b38f4774ed
client/android/resources_vn/image/ui/map/map121_not.pkm	1120	01334edf2c85a71d5dcba253bac329a6f9a56f288db0435a6c8746d9c6b652c1
client/android/resources_vn/image/ui/map/map121_not_alpha.pkm	1120	459b0b9e45cbadca5a179335530d5ec167e56479b858a5bd5db0fc747591d5b4
client/android/resources_vn/image/ui/map/map122.pkm	1120	6105335e97e5f2ce481eb03493eedad87f4fe12049cb89d972baee0435a5d64c
client/android/resources_vn/image/ui/map/map122_alpha.pkm	1120	afbe4f7475a29a4ed406cf5c52c438212eef81fcd6794e3a912df466bfc790b6
client/android/resources_vn/image/ui/map/map122_not.pkm	1120	cc81504bcf46a30c010613ec31712ff777d6a61662d2663668b2b3313ce7c09f
client/android/resources_vn/image/ui/map/map122_not_alpha.pkm	1120	afbe4f7475a29a4ed406cf5c52c438212eef81fcd6794e3a912df466bfc790b6
client/android/resources_vn/image/ui/map/map123.pkm	1248	3f06782ef056b95e5236a63ca5699fb858eacd86688f37b7c588e6c7d2abc2c0
client/android/resources_vn/image/ui/map/map123_alpha.pkm	1248	dee94a63abd09b80a584e1f3ee51d74ab1046099b20e0529bea4093ff2b80f31
client/android/resources_vn/image/ui/map/map123_not.pkm	1248	2c8413deb0ac9d8249efd08b14c6c094ca5eecc60132587de809aae48ed5728b
client/android/resources_vn/image/ui/map/map123_not_alpha.pkm	1248	dee94a63abd09b80a584e1f3ee51d74ab1046099b20e0529bea4093ff2b80f31
client/android/resources_vn/image/ui/map/map124.pkm	1696	c88190fcba83bf5daededee086059b5e528714777b2592c3ed0d145cee898eaa
client/android/resources_vn/image/ui/map/map124_alpha.pkm	1696	fca61e5ecf1899cad710a63ca057955507711167783ed9945e93b872b5efe8bb
client/android/resources_vn/image/ui/map/map124_not.pkm	1696	02a75d334a29c3213cd6a1f9583d7b7f9e56c4cceb7df606b1dcc64bff947857
client/android/resources_vn/image/ui/map/map124_not_alpha.pkm	1696	fca61e5ecf1899cad710a63ca057955507711167783ed9945e93b872b5efe8bb
client/android/resources_vn/image/ui/map/map125.pkm	1360	38cc2563dc96615571e43d21a3c51c2f1f05576bdae711f11370ff3fc8656e6a
client/android/resources_vn/image/ui/map/map125_alpha.pkm	1360	1fdfc618178eb85aa8906f2876a68c857b90504a6988267064679ac3666a9e62
client/android/resources_vn/image/ui/map/map125_not.pkm	1360	fa327cdb5624425694136f003f1054b63b63194dfe2072eb851ec690216e7d2e
client/android/resources_vn/image/ui/map/map125_not_alpha.pkm	1360	1fdfc618178eb85aa8906f2876a68c857b90504a6988267064679ac3666a9e62
client/android/resources_vn/image/ui/map/map128.pkm	1472	aa46c0ffffa1df8d7c6bcfe0da797de4931e37b71c9b136df86f95600976895d
client/android/resources_vn/image/ui/map/map128_alpha.pkm	1472	3f8f1b53b4437875c609f87464310be41b0c3bbe2fc01c082e83619205ee9897
client/android/resources_vn/image/ui/map/map128_not.pkm	1472	0d3ba000fa2a353ee8a7d2a29cf96389396e090bb7a1d9749144402a5f6a1a68
client/android/resources_vn/image/ui/map/map128_not_alpha.pkm	1472	3f8f1b53b4437875c609f87464310be41b0c3bbe2fc01c082e83619205ee9897
client/android/resources_vn/image/ui/map/map130.pkm	968	93e1c08bc3fd267fcd288b47f0a9f05ae246602255d5ec85608e109223f37139
client/android/resources_vn/image/ui/map/map130_alpha.pkm	968	78394a9e53b8ef50f11f35daa26c194df376651a3f7e0d56912f74a8fc567339
client/android/resources_vn/image/ui/map/map130_not.pkm	968	65fe2f900351f6fbfea1e07ac962bfdebc6609e5bb63cc480515fa83290913f9
client/android/resources_vn/image/ui/map/map130_not_alpha.pkm	968	78394a9e53b8ef50f11f35daa26c194df376651a3f7e0d56912f74a8fc567339
client/android/resources_vn/image/ui/map/map131.pkm	912	5f3d6432f4047bb2fccf6441fdf4ae377ca9dcd097a13e82df6fbcbdbc492b6a
client/android/resources_vn/image/ui/map/map131_alpha.pkm	912	ddbbe58f6405f4b63e51de37f532000d52d9d837c488b60b5e71a05b389f191c
client/android/resources_vn/image/ui/map/map131_not.pkm	912	d516dd4004d2d851402d378e5fcc4269faec0cdd678cc7ebd8ba74ae93933997
client/android/resources_vn/image/ui/map/map131_not_alpha.pkm	912	ddbbe58f6405f4b63e51de37f532000d52d9d837c488b60b5e71a05b389f191c
client/android/resources_vn/image/ui/map/map132.pkm	912	9a755f0c96c8b2e9dc3b3213a5b6fea7d7608db564fdcbefbc2bdc8a04819362
client/android/resources_vn/image/ui/map/map132_alpha.pkm	912	c43c497f8ec24cc327e0d010d8a4385456c94b37b1ecb8ce23f4e3589a313f5c
client/android/resources_vn/image/ui/map/map132_not.pkm	912	58f5c6219cfdf61b0fb8e55e27cdbbd48ccbb954ac805086f3a54a52fbd7194a
client/android/resources_vn/image/ui/map/map132_not_alpha.pkm	912	c43c497f8ec24cc327e0d010d8a4385456c94b37b1ecb8ce23f4e3589a313f5c
client/android/resources_vn/image/ui/map/map133.pkm	1304	0ce0bcf00eebf9783142f90cead4dc270ae0232fd6cb6364e5f3cabca2b3a188
client/android/resources_vn/image/ui/map/map133_alpha.pkm	1304	e411cc587cbd035ff54aa3dbdaf38927c222ef4c1f5fdef3d0796c076abfc01c
client/android/resources_vn/image/ui/map/map133_not.pkm	1304	3c521d2cab4cf06d51f1bb7fffb9e7cd8785f3e7e94507bcb587b306d2c22988
client/android/resources_vn/image/ui/map/map133_not_alpha.pkm	1304	e411cc587cbd035ff54aa3dbdaf38927c222ef4c1f5fdef3d0796c076abfc01c
client/android/resources_vn/image/ui/map/map134.pkm	1552	b2120f09502fb7aa4e108cdfe3fc29ed7dbcd0f6d463dece37a28b6e512455dd
client/android/resources_vn/image/ui/map/map134_alpha.pkm	1552	9cee4f33a3a38d115f5af978c58923d98f8b7b5f6abe4f73bee898c4f10ffe43
client/android/resources_vn/image/ui/map/map134_not.pkm	1552	4b3bb6a24d0defeb80b5cef9a35352f23a5245fb5372dd200d17956aaff6c7d7
client/android/resources_vn/image/ui/map/map134_not_alpha.pkm	1552	9cee4f33a3a38d115f5af978c58923d98f8b7b5f6abe4f73bee898c4f10ffe43
client/android/resources_vn/image/ui/map/map135.pkm	1888	13a77bd3d62cb11049ef6e366890b6baff4d9384fae61add838adb9d742f5a21
client/android/resources_vn/image/ui/map/map135_alpha.pkm	1888	b9f3b38f46d01921364d77502be63cced3fbf41b8c5226794e49862745cbef81
client/android/resources_vn/image/ui/map/map135_not.pkm	1888	ee8c09efb875818a8ce8f236411890bfe1500a133c89d278eb458fdf197902d4
client/android/resources_vn/image/ui/map/map135_not_alpha.pkm	1888	b9f3b38f46d01921364d77502be63cced3fbf41b8c5226794e49862745cbef81
client/android/resources_vn/image/ui/map/map57.pkm	1120	4a8c34ff0cde4246040f64982e5eb34424a821781fe4a5581a7723251a1dc2c6
client/android/resources_vn/image/ui/map/map57_alpha.pkm	1120	c3315ddbe34cb813c1b6c239effe16d002f6aa44b1e097b7ba2e3c8b78524c28
client/android/resources_vn/image/ui/map/map57_not.pkm	1120	6c5177d55342ee051cc7a184a6915fbf834dd2915ca5ef1d7bf95925d19654fb
client/android/resources_vn/image/ui/map/map57_not_alpha.pkm	1120	c3315ddbe34cb813c1b6c239effe16d002f6aa44b1e097b7ba2e3c8b78524c28
client/android/resources_vn/image/ui/map/map58.pkm	1120	4a8c34ff0cde4246040f64982e5eb34424a821781fe4a5581a7723251a1dc2c6
client/android/resources_vn/image/ui/map/map58_alpha.pkm	1120	c3315ddbe34cb813c1b6c239effe16d002f6aa44b1e097b7ba2e3c8b78524c28
client/android/resources_vn/image/ui/map/map58_not.pkm	1120	6c5177d55342ee051cc7a184a6915fbf834dd2915ca5ef1d7bf95925d19654fb
client/android/resources_vn/image/ui/map/map58_not_alpha.pkm	1120	c3315ddbe34cb813c1b6c239effe16d002f6aa44b1e097b7ba2e3c8b78524c28
client/android/resources_vn/image/ui/map/map59.pkm	1120	ed3955e91f92b9fafd9d8ac79c248a385819f7a59a4694dfeb64aa9dfccab782
client/android/resources_vn/image/ui/map/map59_alpha.pkm	1120	5135c3c047d9aa174e68bb9e3e093c68b45a3e7a324e90f8ce4d7295879c82d8
client/android/resources_vn/image/ui/map/map59_not.pkm	1120	9268c3bd761efb39d3dececaa839857071b36e4702967482b90635b6389be917
client/android/resources_vn/image/ui/map/map59_not_alpha.pkm	1120	5135c3c047d9aa174e68bb9e3e093c68b45a3e7a324e90f8ce4d7295879c82d8
client/android/resources_vn/image/ui/map/map60.pkm	1120	7bf27bdd5f1cc95a027034a060573d7b5e1b050077002c29323ca493af2c5465
client/android/resources_vn/image/ui/map/map60_alpha.pkm	1120	59e82efc407697e01f74feb7ed487b21b20845ccd57fdeac7e273653b9d577db
client/android/resources_vn/image/ui/map/map60_not.pkm	1120	bf53372e4473c3ae3be64881936fa6193857eff9ffbce1af8a3ae71b9f8d5785
client/android/resources_vn/image/ui/map/map60_not_alpha.pkm	1120	59e82efc407697e01f74feb7ed487b21b20845ccd57fdeac7e273653b9d577db
client/android/resources_vn/image/ui/map/map61.pkm	1120	34cac1fddbf555a589c890d3a262f04f3b3e20cc4a75b6617cbbff5bdae80fa3
client/android/resources_vn/image/ui/map/map61_alpha.pkm	1120	7f3f2eb4641de0ee9bd986b759d511c5bd332d8d75adecbd9f4f0ca40e28b79a
client/android/resources_vn/image/ui/map/map61_not.pkm	1120	50091f43b2615d2e9eda4dbcf73328d18b47d67a2cee1baf2d17c648913f43a9
client/android/resources_vn/image/ui/map/map61_not_alpha.pkm	1120	7f3f2eb4641de0ee9bd986b759d511c5bd332d8d75adecbd9f4f0ca40e28b79a
client/android/resources_vn/image/ui/map/map62.pkm	1120	5c5ac6a617a6963d6a20d2bfd004beeb589811b6c80b27fdbc6049ddc3a4aa86
client/android/resources_vn/image/ui/map/map62_alpha.pkm	1120	c5f924850df155fb4eb5686d93b6cabda0eb6dae23ac3752d11e274a5382bcee
client/android/resources_vn/image/ui/map/map62_not.pkm	1120	3f4326099b32bdfe4ad4fbecc2297b6b41e4512852162ef1b4f924a9da666399
client/android/resources_vn/image/ui/map/map62_not_alpha.pkm	1120	c5f924850df155fb4eb5686d93b6cabda0eb6dae23ac3752d11e274a5382bcee
client/android/resources_vn/image/ui/map/map63.pkm	1120	44f68d0667a0ba9ffdd5ffc1d614af156df89dd5b03e8306b2db516bd308b066
client/android/resources_vn/image/ui/map/map63_alpha.pkm	1120	e7156791cb0835815f6be45f7d6086bece9d7b09975af09fa29ccd4c8aa211fd
client/android/resources_vn/image/ui/map/map63_not.pkm	1120	a6ae05728ba7c37aa59be268b071ebfdce98d5e9fd01cb8c7fe6f9b27a683119
client/android/resources_vn/image/ui/map/map63_not_alpha.pkm	1120	e7156791cb0835815f6be45f7d6086bece9d7b09975af09fa29ccd4c8aa211fd
client/android/resources_vn/image/ui/map/map64.pkm	1120	0bdbed6b5a95c3f3a642593ef7ee603c1e635f465a566563bebf59c8d55b6623
client/android/resources_vn/image/ui/map/map64_alpha.pkm	1120	fba4266d614cb586f2f8beca218bb629cee562384068f8a6ad2604d21f7ebaee
client/android/resources_vn/image/ui/map/map64_not.pkm	1120	a866c453f4f2fe92fb87515b3f063a12417b2243927c167013c8010a02fd5eda
client/android/resources_vn/image/ui/map/map64_not_alpha.pkm	1120	fba4266d614cb586f2f8beca218bb629cee562384068f8a6ad2604d21f7ebaee
client/android/resources_vn/image/ui/map/map65.pkm	1120	7176a1a3c56489d56b56698e3e4ca9a49be07a9c5770a937403ff96ace937016
client/android/resources_vn/image/ui/map/map65_alpha.pkm	1120	7eb533ee776cba883f5353b608da1aa23748e6bdaf10c6b0957d692ce521b565
client/android/resources_vn/image/ui/map/map65_not.pkm	1120	fa23bfa26d809aaa3f9689ab17a2334006ea31f32f270ce2582f746025509238
client/android/resources_vn/image/ui/map/map65_not_alpha.pkm	1120	7eb533ee776cba883f5353b608da1aa23748e6bdaf10c6b0957d692ce521b565
client/android/resources_vn/image/ui/map/map66.pkm	1304	b77abf6e9a2aa1a86c75f54bd6c492a7a87524cd028c6e35773bff9b4f8b6ec0
client/android/resources_vn/image/ui/map/map66_alpha.pkm	1304	f28f4c8e5297821adbb355ed1232334c457033d4b28294ea4f8c54fdf8167964
client/android/resources_vn/image/ui/map/map66_not.pkm	1304	0f9a148b8a5598a64a54cf86e812250a177bcef0732f7d834e46f0f2cf374cf0
client/android/resources_vn/image/ui/map/map66_not_alpha.pkm	1304	f28f4c8e5297821adbb355ed1232334c457033d4b28294ea4f8c54fdf8167964
client/android/resources_vn/image/ui/map/map67.pkm	1120	c1db1c16374447084be8bb18e693d93a182ebb490ecf0622d840701e2ece2767
client/android/resources_vn/image/ui/map/map67_alpha.pkm	1120	6c860670c5f9b2f609fdf06bc35aacd7e81d626eb77028b8a5a27fae4f9cc44f
client/android/resources_vn/image/ui/map/map67_not.pkm	1120	56fb8f84f45ede974f4d5f97551fa4eb73efc7a518fefb15d82ce9db2c681546
client/android/resources_vn/image/ui/map/map67_not_alpha.pkm	1120	6c860670c5f9b2f609fdf06bc35aacd7e81d626eb77028b8a5a27fae4f9cc44f
client/android/resources_vn/image/ui/map/map68.pkm	1120	084d5fae7dda986b02c5471928ba102a4055f36f1de0fcde8aec4cfb07877d59
client/android/resources_vn/image/ui/map/map68_alpha.pkm	1120	491f7fb6203ac2d670f340fb3779edcf256206481ef5c50a7783dcbd66ce3870
client/android/resources_vn/image/ui/map/map68_not.pkm	1120	4b0decc8e338c4d38effe56e1e048c073237fccca611ad43cc06190b69bf4a2e
client/android/resources_vn/image/ui/map/map68_not_alpha.pkm	1120	491f7fb6203ac2d670f340fb3779edcf256206481ef5c50a7783dcbd66ce3870
client/android/resources_vn/image/ui/map/map69.pkm	1120	4a51d57afc530f3d9222e0f2dd074cc3fffb57de6057d39009503dd8c5d3b432
client/android/resources_vn/image/ui/map/map69_alpha.pkm	1120	a71b4b7b36d33d18a9c7de5a7cc49ba4a600777a0a6503e6926f88f0e3c8a748
client/android/resources_vn/image/ui/map/map69_not.pkm	1120	b1580cff9880b4e32c41af9e2ecc87b232ffe2b63ff40506fa0a41ece836ab3e
client/android/resources_vn/image/ui/map/map69_not_alpha.pkm	1120	a71b4b7b36d33d18a9c7de5a7cc49ba4a600777a0a6503e6926f88f0e3c8a748
client/android/resources_vn/image/ui/map/map70.pkm	1120	e43f488e6e44f68664a5970504be19e5cdef6af3ac51ebcf3d261d7ed3ccf48c
client/android/resources_vn/image/ui/map/map70_alpha.pkm	1120	4bf28ac391576013b4968be456c2eac3a536500f38ca2c3b5bdb57cfeffcc2c0
client/android/resources_vn/image/ui/map/map70_not.pkm	1120	1cf1fe546db6f67250419a4970c577a29aa1435b13d43c07c41b7fdf7cb4c422
client/android/resources_vn/image/ui/map/map70_not_alpha.pkm	1120	4bf28ac391576013b4968be456c2eac3a536500f38ca2c3b5bdb57cfeffcc2c0
client/android/resources_vn/image/ui/map/map71.pkm	1120	626e3fc30ed9bfc130e0fe9771a3a11a52c955b14d15c495421b21bfbd99ec72
client/android/resources_vn/image/ui/map/map71_alpha.pkm	1120	f489591e65e7a8c7fb1b251bfdabfc6297f7f98d9e954f41e8b01157c8a2ffa5
client/android/resources_vn/image/ui/map/map71_not.pkm	1120	92b8b7eb4d1594131007b13cce2f8aca1afd75e969672a823763725c01f814d8
client/android/resources_vn/image/ui/map/map71_not_alpha.pkm	1120	f489591e65e7a8c7fb1b251bfdabfc6297f7f98d9e954f41e8b01157c8a2ffa5
client/android/resources_vn/image/ui/map/map72.pkm	1120	d3e19ef7efc0b2fb9a767c4e0b05138270f6a0d8b30090c5de203841e8300dfd
client/android/resources_vn/image/ui/map/map72_alpha.pkm	1120	ee4afd757ecff0799ea1acedb949d655e330ea7232d74a525529f86c17e3cd36
client/android/resources_vn/image/ui/map/map72_not.pkm	1120	34ae6db437fafd81fe3b048714339296ff536646dd4eff10b17565333014b358
client/android/resources_vn/image/ui/map/map72_not_alpha.pkm	1120	ee4afd757ecff0799ea1acedb949d655e330ea7232d74a525529f86c17e3cd36
client/android/resources_vn/image/ui/map/map73.pkm	1120	2232dcd2ae22bf9190b4468f7aadab1ffc92fb6585877c78a236e45e60a03592
client/android/resources_vn/image/ui/map/map73_alpha.pkm	1120	35fe600709895dcff1f4774cd9f448bc7004db76db5ff2211e81b49895ea5379
client/android/resources_vn/image/ui/map/map73_not.pkm	1120	b2d9223ce73ee6fe0a3f50809a76d95e6091ed0fb9059b88ce9aa9780a5f500d
client/android/resources_vn/image/ui/map/map73_not_alpha.pkm	1120	35fe600709895dcff1f4774cd9f448bc7004db76db5ff2211e81b49895ea5379
client/android/resources_vn/image/ui/map/map74.pkm	1120	9497b6c346c829a14fb45ce22d084e7f491c1cb19dc65368a3ae5cd5d28fa4a0
client/android/resources_vn/image/ui/map/map74_alpha.pkm	1120	ca5ec70bc96f48edfccad77caf76b097ee5ef8462fcd8549f629cb5b57f8a27b
client/android/resources_vn/image/ui/map/map74_not.pkm	1120	26d36fb88e8befbd9a4aedc8b9a125657879d08ad32b87bd782122b5e08f3776
client/android/resources_vn/image/ui/map/map74_not_alpha.pkm	1120	ca5ec70bc96f48edfccad77caf76b097ee5ef8462fcd8549f629cb5b57f8a27b
client/android/resources_vn/image/ui/map/map75.pkm	1120	ae6dc245f44ccf4d4a41f2cb500cd87f14f6ca3ef7348648988ff43f9b4b0bbe
client/android/resources_vn/image/ui/map/map75_alpha.pkm	1120	743a2d794feadb0bfb90814b160c0e58d81a6a25e1d5b9fa4f1d298251a2ca43
client/android/resources_vn/image/ui/map/map75_not.pkm	1120	a5de48435100ce28e7a494843d41bcd9d599914beeaf236cc4c89cc5abf980f3
client/android/resources_vn/image/ui/map/map75_not_alpha.pkm	1120	743a2d794feadb0bfb90814b160c0e58d81a6a25e1d5b9fa4f1d298251a2ca43
client/android/resources_vn/image/ui/map/map76.pkm	1120	3b53a8dceb412f14d7c5c4fe82c652f9cfae034e826238db4255be6e40e74dec
client/android/resources_vn/image/ui/map/map76_alpha.pkm	1120	1a8edddf38fe765fa1e0e99752f9fdbc18676849da78bc740a9dc5bb249d8b2f
client/android/resources_vn/image/ui/map/map76_not.pkm	1120	3bd35afdfc64a86593a581f5431cd034b5bd24b0c0bacd8dd692efbff4a5939b
client/android/resources_vn/image/ui/map/map76_not_alpha.pkm	1120	1a8edddf38fe765fa1e0e99752f9fdbc18676849da78bc740a9dc5bb249d8b2f
client/android/resources_vn/image/ui/map/map77.pkm	1120	6fcd1d5c6abe03ea1ec76f5b89cf6c209b8e5ab3ca7eaa5979f20899453d6173
client/android/resources_vn/image/ui/map/map77_alpha.pkm	1120	288386fa037a7542d4cf657291f10b296d3b7f8a491e1cc4cc1543e57f77f42e
client/android/resources_vn/image/ui/map/map77_not.pkm	1120	bbc8dd121177a0cc3190e6631267bae0e13c6c22e5e7a320f8e3a4dc38fca99b
client/android/resources_vn/image/ui/map/map77_not_alpha.pkm	1120	288386fa037a7542d4cf657291f10b296d3b7f8a491e1cc4cc1543e57f77f42e
client/android/resources_vn/image/ui/map/map78.pkm	1120	9b186f16c78c0fc936e9fc3e60b62409626103a04e4102783755c993cf5d2db2
client/android/resources_vn/image/ui/map/map78_alpha.pkm	1120	61c3a61fb182a03db277069cc43a0638f0e7912c84c245495506e2f8f2ac164c
client/android/resources_vn/image/ui/map/map78_not.pkm	1120	fa3e13f7abf78c3f0a259342460bb6c41f8beef6f1b38493d28c4254ac416a28
client/android/resources_vn/image/ui/map/map78_not_alpha.pkm	1120	61c3a61fb182a03db277069cc43a0638f0e7912c84c245495506e2f8f2ac164c
client/android/resources_vn/image/ui/map/map79.pkm	1120	c86ba06d1838f92741b42359a7e879d568b0748d2002ce1abbf9054c336fa666
client/android/resources_vn/image/ui/map/map79_alpha.pkm	1120	cac42e0c245a90c73c8a13d950fd98eb403286b354d5082bc706074a6f6d97ca
client/android/resources_vn/image/ui/map/map79_not.pkm	1120	963d90882e390bea916672dd1674629d135bbc03bd1e6091fc1e77375821c342
client/android/resources_vn/image/ui/map/map79_not_alpha.pkm	1120	cac42e0c245a90c73c8a13d950fd98eb403286b354d5082bc706074a6f6d97ca
client/android/resources_vn/image/ui/map/map80.pkm	1120	afb878d601dfd5c4f88de0a12ec1fe014862ca0f3b8bb02f82583c183bf59632
client/android/resources_vn/image/ui/map/map80_alpha.pkm	1120	f074d0e002a4a3c4246421c140b13733246da587bf89c273ac20c80f45fed976
client/android/resources_vn/image/ui/map/map80_not.pkm	1120	596f1e122b4cc36e62b00b06356da6fa168f8f7bc341ed4e89451ced639ebadc
client/android/resources_vn/image/ui/map/map80_not_alpha.pkm	1120	f074d0e002a4a3c4246421c140b13733246da587bf89c273ac20c80f45fed976
client/android/resources_vn/image/ui/map/map81.pkm	1120	a78fbb82e1a753dcff712b3be71b2394834a687adadf61f042f540e1db322e31
client/android/resources_vn/image/ui/map/map81_alpha.pkm	1120	5bf3ea1481af7132dd4fb6ef4aea600d82135b4d9a644f979429007646a32fde
client/android/resources_vn/image/ui/map/map81_not.pkm	1120	993d2a3fe4bd4d59c7e356c543f3b04a36c9af241fe53796fe29f6c2efd7cc50
client/android/resources_vn/image/ui/map/map81_not_alpha.pkm	1120	5bf3ea1481af7132dd4fb6ef4aea600d82135b4d9a644f979429007646a32fde
client/android/resources_vn/image/ui/map/map82.pkm	1120	e7f08433ad6e2c0934ff24138084c7c131fcba60ca2e9879d3fdf12278d96df5
client/android/resources_vn/image/ui/map/map82_alpha.pkm	1120	e1ae2b64c9ef5cde9e717efed7d7c6bcf4e1c0b56702d4198ee881fe2cacce13
client/android/resources_vn/image/ui/map/map82_not.pkm	1120	68b33117ad086566ab62a47d2643efb473bb86483dfde072c59b1bba87ecc912
client/android/resources_vn/image/ui/map/map82_not_alpha.pkm	1120	e1ae2b64c9ef5cde9e717efed7d7c6bcf4e1c0b56702d4198ee881fe2cacce13
client/android/resources_vn/image/ui/map/map83.pkm	1120	4a6c1b02e9dc6c13b23595026ccd007654b15c6e24a5e58a4024a8f433b6d551
client/android/resources_vn/image/ui/map/map83_alpha.pkm	1120	bd1a96649cdbcab317308f1632de5e80b9e6e5acad0fb12499535f7831e84628
client/android/resources_vn/image/ui/map/map83_not.pkm	1120	e4eb9c22747b22d18483e8687078beb20b1d35428b5ae7a283c8a71130e3f717
client/android/resources_vn/image/ui/map/map83_not_alpha.pkm	1120	bd1a96649cdbcab317308f1632de5e80b9e6e5acad0fb12499535f7831e84628
client/android/resources_vn/image/ui/map/map84.pkm	1120	fb4fe251de83b8e66185158ab76c73aa36d4951f92e4171d34c7836451128853
client/android/resources_vn/image/ui/map/map84_alpha.pkm	1120	0847cb74e15cda650907701007fa46254b5ffb1d2d455451a8a82fba06177401
client/android/resources_vn/image/ui/map/map84_not.pkm	1120	ed8ca5d118a73e35bdad9460b8d0afcbb91c639788f79d2f20c9ae7ccbc5b9a8
client/android/resources_vn/image/ui/map/map84_not_alpha.pkm	1120	0847cb74e15cda650907701007fa46254b5ffb1d2d455451a8a82fba06177401
client/android/resources_vn/image/ui/map/map85.pkm	1120	b19b14be63e7146575d6c00ef3b4397cb474de9f92e7652ad81db9c83eeb5bee
client/android/resources_vn/image/ui/map/map85_alpha.pkm	1120	b772b10956d3872f3bae353fa507c54e4cc6996cfdc9582b18123eaf571c9abc
client/android/resources_vn/image/ui/map/map85_not.pkm	1120	6b03577aa4055d04fbc0cf318bd958bfe06aba83538d69901aa4b4e1ecc8b875
client/android/resources_vn/image/ui/map/map85_not_alpha.pkm	1120	b772b10956d3872f3bae353fa507c54e4cc6996cfdc9582b18123eaf571c9abc
client/android/resources_vn/image/ui/map/map86.pkm	1120	8ac2ff699b50b9dc2e2755fa86f5f61521a50a29cfc04e6c1e26cdd771030354
client/android/resources_vn/image/ui/map/map86_alpha.pkm	1120	8fc46af6baabbcf24d905361b9017a1b4675f5417c419cb61f4879a64fa24e35
client/android/resources_vn/image/ui/map/map86_not.pkm	1120	583388f2e27f2687dbd92c6a765267d4c7828bf971226104078d60d6e52719e6
client/android/resources_vn/image/ui/map/map86_not_alpha.pkm	1120	8fc46af6baabbcf24d905361b9017a1b4675f5417c419cb61f4879a64fa24e35
client/android/resources_vn/image/ui/map/map87.pkm	1120	f6395dee2531ee2bd2a4084c3568fb9a34feaa1f0fcd0aed4ede8411958aa6c3
client/android/resources_vn/image/ui/map/map87_alpha.pkm	1120	997f6068912bce4c82f3f3aa36b70285fb209b573fd8c07beb8bfb49f5867d09
client/android/resources_vn/image/ui/map/map87_not.pkm	1120	f812d78c09ebaa409ea1cd5f09b5e1ff079f89c17566d47fd5771d6a5d54d73c
client/android/resources_vn/image/ui/map/map87_not_alpha.pkm	1120	997f6068912bce4c82f3f3aa36b70285fb209b573fd8c07beb8bfb49f5867d09
client/android/resources_vn/image/ui/map/map88.pkm	1120	db8b108098d0542b32d2e3645ac92768f5438e6a4f8db4b5af951fd7d247f464
client/android/resources_vn/image/ui/map/map88_alpha.pkm	1120	66777ef2aa23ffb47a473cb82b5ff9c05b5e3a55b35f26453e5361f798440345
client/android/resources_vn/image/ui/map/map88_not.pkm	1120	2c27122b2551e9b8728aaed081cdadef6d01643ec06589930634634cc9a38263
client/android/resources_vn/image/ui/map/map88_not_alpha.pkm	1120	66777ef2aa23ffb47a473cb82b5ff9c05b5e3a55b35f26453e5361f798440345
client/android/resources_vn/image/ui/map/map89.pkm	1120	c92a1757f2f87c0c68fd28f5aa273808dea0ccdea2b4c6e8e23a1cb9873cb4cb
client/android/resources_vn/image/ui/map/map89_alpha.pkm	1120	6f5dea8906a194d995543f21266b813f2d6693bb93fe612fe54d30b51ca050b2
client/android/resources_vn/image/ui/map/map89_not.pkm	1120	1022c98c9ea1278b797a8bb36c675c484f91de0ca09d220ac3c24f2ecf4cfc5b
client/android/resources_vn/image/ui/map/map89_not_alpha.pkm	1120	6f5dea8906a194d995543f21266b813f2d6693bb93fe612fe54d30b51ca050b2
client/android/resources_vn/image/ui/map/map90.pkm	1120	d1d4e2e3be2e3247171225ecc2169c944330681b226b8d977cb39c81ed413bee
client/android/resources_vn/image/ui/map/map90_alpha.pkm	1120	907e72ed8d19304c66a5a5e667683507663d2e465f6e945778c8a8025e613e26
client/android/resources_vn/image/ui/map/map90_not.pkm	1120	0ed954dff243e5d793043995810aa84356a1e9cb3eaebd7ecc769911de358edf
client/android/resources_vn/image/ui/map/map90_not_alpha.pkm	1120	907e72ed8d19304c66a5a5e667683507663d2e465f6e945778c8a8025e613e26
client/android/resources_vn/image/ui/map/map91.pkm	1120	527e41ccaf0065c00703347c2f43c5bfa5af5512ad18dacc0e2001fa3e0e76dc
client/android/resources_vn/image/ui/map/map91_alpha.pkm	1120	647eea999f6f2ef28546321c914f9a2285d6ed0c04f0a0b5357b39e07c543d1f
client/android/resources_vn/image/ui/map/map91_not.pkm	1120	983a63273d34c00cf418fcf399fbaba24372344e50a9c9ed09180159c4722b70
client/android/resources_vn/image/ui/map/map91_not_alpha.pkm	1120	647eea999f6f2ef28546321c914f9a2285d6ed0c04f0a0b5357b39e07c543d1f
client/android/resources_vn/image/ui/map/map92.pkm	1120	de21dd4889d6aa1bfb70a8438e6e75f646d27e32e2ac9028aa8ba8ad9542a3fe
client/android/resources_vn/image/ui/map/map92_alpha.pkm	1120	26780e3de0cdf735fe736b6c94f01353122e53fba8a60841dc3ec63a7e9aa6c5
client/android/resources_vn/image/ui/map/map92_not.pkm	1120	0b4cc7ca825efea39ce5b134e4226881cce3b2f4f5ad2eb47e4d3293790747e3
client/android/resources_vn/image/ui/map/map92_not_alpha.pkm	1120	26780e3de0cdf735fe736b6c94f01353122e53fba8a60841dc3ec63a7e9aa6c5
client/android/resources_vn/image/ui/map/map93.pkm	1120	2a8351a2e72179a5b761990671a08ac06b1be734c30fcfe5d1a9f75a1c6da8e5
client/android/resources_vn/image/ui/map/map93_alpha.pkm	1120	d7d41e54f67c7c7325aa31a4b347a123c658488992ffe79fb06ee06a623a2869
client/android/resources_vn/image/ui/map/map93_not.pkm	1120	6d45e2b35c5a7a341b8ee66759cec77f8ecbc9f92d13f648300bdabfe9488851
client/android/resources_vn/image/ui/map/map93_not_alpha.pkm	1120	d7d41e54f67c7c7325aa31a4b347a123c658488992ffe79fb06ee06a623a2869
client/android/resources_vn/image/ui/map/map94.pkm	1120	6b2dbd001f5359eb680128812c02b4e6ac2968b00b69fe502a2f80456077fef4
client/android/resources_vn/image/ui/map/map94_alpha.pkm	1120	41d63938942ff63dcaa2805067fb3421eb544efd51f782eb937e12d4c72a6119
client/android/resources_vn/image/ui/map/map94_not.pkm	1120	cdb6cbb49edc1ed9be97b54abe756eac42e793c2ec249a9e5a190d9d6e729153
client/android/resources_vn/image/ui/map/map94_not_alpha.pkm	1120	41d63938942ff63dcaa2805067fb3421eb544efd51f782eb937e12d4c72a6119
client/android/resources_vn/image/ui/map/map95.pkm	1120	8edd4455e9b412da17d87122a76b94d73ec01da6da8e9c7dede45022ca4a75e4
client/android/resources_vn/image/ui/map/map95_alpha.pkm	1120	8e468823246c75242da4e267c649ee27c0cb544eb3b1d674545c61185b006b11
client/android/resources_vn/image/ui/map/map95_not.pkm	1120	c6bbd4a42fa403aab3fcfb7b4fe5d9f58578a51f97a3478c28c70d61ab3789b6
client/android/resources_vn/image/ui/map/map95_not_alpha.pkm	1120	8e468823246c75242da4e267c649ee27c0cb544eb3b1d674545c61185b006b11
client/android/resources_vn/image/ui/map/map96.pkm	1120	5efe6344176269244640da17c422727a3b0e8a45fce532fd2f10630e7705ef16
client/android/resources_vn/image/ui/map/map96_alpha.pkm	1120	1ea5c76034f3b70a6c39c2b5db36ff9c6a44d7df6e50d6bdd3fb455c5f462210
client/android/resources_vn/image/ui/map/map96_not.pkm	1120	efd61abb558ed3a07450a4d2a02383a683aac082646bb61c1212c471fd65a88b
client/android/resources_vn/image/ui/map/map96_not_alpha.pkm	1120	1ea5c76034f3b70a6c39c2b5db36ff9c6a44d7df6e50d6bdd3fb455c5f462210
client/android/resources_vn/image/ui/map/map97.pkm	1120	910735ce0d08d167359ded5d52d67ffb443eece4b956f077ce8f651ab2b46dd6
client/android/resources_vn/image/ui/map/map97_alpha.pkm	1120	44414a47a0974f74c29c3fc4ad9ca0fa31797bc138fdcbaf09c845fa784ca9d4
client/android/resources_vn/image/ui/map/map97_not.pkm	1120	3f3b21a6a22ed2f517c8c76b771ea97384a74ed0e4a9358c8d99fb60d8053af9
client/android/resources_vn/image/ui/map/map97_not_alpha.pkm	1120	44414a47a0974f74c29c3fc4ad9ca0fa31797bc138fdcbaf09c845fa784ca9d4
client/android/resources_vn/image/ui/map/map98.pkm	1120	dcb22c99da9dcaeccacec8c63d4984c5cb45b5adf9c9dc24faa8bc61f7b702b7
client/android/resources_vn/image/ui/map/map98_alpha.pkm	1120	9549ea802f635357e03a991bff0561c4e940692438193b91ad3ae8113c3284c0
client/android/resources_vn/image/ui/map/map98_not.pkm	1120	f53d4ea7324bdd90197423e90ab22daf6b424049430e77d5887e09e3f5f8a86e
client/android/resources_vn/image/ui/map/map98_not_alpha.pkm	1120	9549ea802f635357e03a991bff0561c4e940692438193b91ad3ae8113c3284c0
client/android/resources_vn/image/ui/map/map99.pkm	1120	3b81c1be7cd1c4a4aa75bfe7a43803dbdbd8490bf33bbf9acc802394dd4777ac
client/android/resources_vn/image/ui/map/map99_alpha.pkm	1120	46d602d2da8200269297c11c2e0224b2eab13e65b13141e1395031ddb409a938
client/android/resources_vn/image/ui/map/map99_not.pkm	1120	2372ef0a249ad7467f3321863c39cc13cf9906a23af04d91af0b263cf770a4b8
client/android/resources_vn/image/ui/map/map99_not_alpha.pkm	1120	46d602d2da8200269297c11c2e0224b2eab13e65b13141e1395031ddb409a938
client/android/resources_vn/image/ui/pet/commom_icon_cwsd.pkm	2256	547522f6a5f15972c23aefb3d4982b2608ce204752927d28e53a2e2cd004c513
client/android/resources_vn/image/ui/pet/commom_icon_cwsd_alpha.pkm	2256	8e1e765f9004ffe5db0f6d52f8fce90f9ccbec5d6451db89e53bfe0d60823968
client/android/resources_vn/image/ui/pet/commom_icon_hb3.pkm	2656	921c6adfb20dc9f5c1a0d275f4fa492d9bc027bf534d32159269766f22214dfc
client/android/resources_vn/image/ui/pet/commom_icon_hb3_alpha.pkm	2656	e6bb21c4bce1843857ff26bc2d8d3c47f67ea854b1a2009a4161b1725a36e778
client/android/resources_vn/image/ui/pet/common_icon_chuzhan.pkm	1368	b35f9fe0a6b704d237b4e820cafd510749ad295debebb0f8485be6f76f7122d8
client/android/resources_vn/image/ui/pet/common_icon_chuzhan_alpha.pkm	1368	2e9af3fbc500465d9f9f6ce329e0f05a9bbd7b67e0ebf8986333d3f6f28671f2
client/android/resources_vn/image/ui/pet/common_icon_cw.pkm	1456	848b83188f99e6c0eaef6e4461fa0eec0a9f332f2eb1b332f0da2462e47f273f
client/android/resources_vn/image/ui/pet/common_icon_cw_alpha.pkm	1456	66b23715bf8a4f644531b73fe4534a102626149cfa203ee29e624789f51627ab
client/android/resources_vn/image/ui/pet/common_icon_cwdq.pkm	928	385f03dec1880923b971ecddc88a91ba1665a39de729429389b7d863f44a0d0a
client/android/resources_vn/image/ui/pet/common_icon_cwdq2.pkm	1248	738b4092755dd6ef542cca1af5c4f05ec01db00ce6a33d8407f5765a07943a9a
client/android/resources_vn/image/ui/pet/common_icon_cwdq2_alpha.pkm	1248	2810fe689f3d9eff78517e5a7d871d91ba4b41d709813b90344505c784b36d44
client/android/resources_vn/image/ui/pet/common_icon_cwdq_alpha.pkm	928	7399e4d1852e925994a29833ed7b1765967d8ad494131694e4160d33985d34f0
client/android/resources_vn/image/ui/pet/common_icon_cwzd.pkm	2816	48f2e3508eb19fa23beb0bb2a49a043338358e4d480b1d860442a3a0e07dfca1
client/android/resources_vn/image/ui/pet/common_icon_cwzd_alpha.pkm	2816	a4562d9b6cb08aadd280e58104adaee29fcd8f86c2990c6bba9446f37cdbbdf5
client/android/resources_vn/image/ui/pet/common_icon_gxhdcw.pkm	5872	af11c4f80def8654ea1a4382c005715df89ee08bb126cf95a6b70abb39ff0847
client/android/resources_vn/image/ui/pet/common_icon_gxhdcw_alpha.pkm	5872	4d026cbff5c9a9b4e0415c6aae5b3b332cbbd229051ab76ee1b8654071a95fb4
client/android/resources_vn/image/ui/pet/common_icon_huanxing.pkm	3056	de8f025235bb08a90b5153d74dd69da0666daf4cd5fc3fc80bd9432bbd5a0ff7
client/android/resources_vn/image/ui/pet/common_icon_huanxing_alpha.pkm	3056	26cfbc268478dabb2bbc1681fe1eb83d8172bcb78230708a6341ff90d73e9c89
client/android/resources_vn/image/ui/pet/common_icon_jndq2.pkm	1584	e45d54426a30c5428dcea39ac8b1e591cba1fd9f3425853c102a7cae5eaa5e5e
client/android/resources_vn/image/ui/pet/common_icon_jndq2_alpha.pkm	1584	42ffb783c3d9b849ec5c7c2d4e5280bbc9875ccab4cd2b6ece56fa795a678440
client/android/resources_vn/image/ui/pet/common_icon_lwcg.pkm	4592	2709e900d7e0bf361d10ac7e06c492cbe5e717086f431938b8528145e71eeab5
client/android/resources_vn/image/ui/pet/common_icon_lwcg_alpha.pkm	4592	962589fa72a2c62ba2d55ad542185e03652d6d97b598d1c2f05b18a346845833
client/android/resources_vn/image/ui/pet/pet_btn_cs.pkm	2464	1da4d7a5421f0000a932780499c5eb0e145773f087fbf798ada9c7344206f13f
client/android/resources_vn/image/ui/pet/pet_btn_cs_alpha.pkm	2464	fa0e4dc03002b47a986ac17b85221fe9486a1ba610986b23b43e38f48e5e362f
client/android/resources_vn/image/ui/pet/pet_btn_cs_sel.pkm	2464	ba86bb7e61cba481435f14c6a4c14bc3ab0143721d46fd2fd25baba295edff7d
client/android/resources_vn/image/ui/pet/pet_btn_cs_sel_alpha.pkm	2464	71aa31702fa838e71215caf5e3b4517d1f1b157061dca80fef3fd82974577a51
client/android/resources_vn/image/ui/pet/pet_btn_jb.pkm	880	dea0c477f155a62e9cc1cd29b8893503562b2688bf651cb61e4d75f84279cd51
client/android/resources_vn/image/ui/pet/pet_btn_jb_alpha.pkm	880	508d68a8b06b8abc52f671e8a29a36d05d695ff657a054a5e81e9e0d636dc4ab
client/android/resources_vn/image/ui/pet/pet_btn_jb_sel.pkm	880	a8691973daecc008a9a4a5327ca00e8a30fcd76652a2757a3ade14663f855511
client/android/resources_vn/image/ui/pet/pet_btn_jb_sel_alpha.pkm	880	03e3dd93791b7b64594a4b590c920c7550cd75bcc6f7aa787d492e236f58b5af
client/android/resources_vn/image/ui/pet/pet_btn_jh.pkm	2464	88ac06d368a1499be6f4c9b407c36ff1bb82fb8c3452bb8125ac7004a93cd1fa
client/android/resources_vn/image/ui/pet/pet_btn_jh_alpha.pkm	2464	2059a216f536d2399e598e1a11b6ba4e1f6f59b205cb3dc0ba8d5c06b93e895b
client/android/resources_vn/image/ui/pet/pet_btn_jh_sel.pkm	2464	ac82ba0a318f9f8e91831a8e35b37a7c57c812937c4bb1667fef46b8d2350f43
client/android/resources_vn/image/ui/pet/pet_btn_jh_sel_alpha.pkm	2464	b1e8456faded26808eb32c4045a509ce7c4f48899bc11479b8da539c9ef2e406
client/android/resources_vn/image/ui/pet/pet_btn_jn.pkm	1096	67e946c8b36a0e7ff1670ebb4130f87e37d7c7be68a460d86a55e77435fd4c59
client/android/resources_vn/image/ui/pet/pet_btn_jn_alpha.pkm	1096	9df1f0088b108c38215afad0c25589416868a05628d191d466a136b5bf6c57ca
client/android/resources_vn/image/ui/pet/pet_btn_jn_sel.pkm	1096	55fbfd1163f8fc142a6a685203a2fbc7b5d5ece2ef4b88a67f85abceed45b719
client/android/resources_vn/image/ui/pet/pet_btn_jn_sel_alpha.pkm	1096	4b7a359a1f6ed369285da67db932edab22c7eacf9bfee77e822ebccf05d87ae1
client/android/resources_vn/image/ui/pet/pet_btn_sj.pkm	2464	61494efa5c550645a4894ab391be4c88a7a83215632dd02e06d67c78f43ccae9
client/android/resources_vn/image/ui/pet/pet_btn_sj_alpha.pkm	2464	615bce39d21b8355c26697ec36fbd3e17d80ff1734589fc86c1ad21eb2a1542e
client/android/resources_vn/image/ui/pet/pet_btn_sj_sel.pkm	2464	4e372340a658a7a6f89a754a66033331e391134e8b710ce25a247cfeaa48e05e
client/android/resources_vn/image/ui/pet/pet_btn_sj_sel_alpha.pkm	2464	d4e6e25d211143bdfba34c150ea3b207f309dcf7e8147770bff151ea93b295c2
client/android/resources_vn/image/ui/practice/common_icon_xlzzl.pkm	2320	b8ea745db442e786360084a1194f3867586fd19a726cd9fce4176ea6b440f19b
client/android/resources_vn/image/ui/practice/common_icon_xlzzl_alpha.pkm	2320	fe1b53ad70260d9159bf6459bbc74ba5ceb539943de990cbda21476fc6d72d5d
client/android/resources_vn/image/ui/pvp/common_icon_pwssaiji.pkm	4880	70efff479eb5bd72a2eed6a8bd0b248e806b181414e1bd3657d92aff638653ae
client/android/resources_vn/image/ui/pvp/common_icon_pwssaiji_alpha.pkm	4880	01fe0dec8807fd4b8e75ba72e06143a928cbf502500e086bc7fa5579f46948ce
client/android/resources_vn/image/ui/rightMenu/activity/activity_pic_jrljcz.pkm	29016	deb4a44e32618024f7cbef0b1753cf5623c1adae25f83bd65cfd05299cddc529
client/android/resources_vn/image/ui/rightMenu/activity/activity_pic_jrljcz_alpha.pkm	29016	98bb8c43a788efaf91eda75dfb080c160ae4abc0ce80becc2fe326807d61f754
client/android/resources_vn/image/ui/rightMenu/activity/activity_pic_yjk.pkm	112016	995bf5840a8d18bc4b2c4ab5e90f87831414b481e1c05d1e570c4d791ddaa428
client/android/resources_vn/image/ui/rightMenu/activity/activity_pic_yjk_alpha.pkm	112016	cf196fba1003caeb268513bd68fd8e2ce46e7b2ce46f37a6a602cc22aacb8d94
client/android/resources_vn/image/ui/rightMenu/activity/activity_pic_zxjl.pkm	112016	d4a8b51aca9c75e1cd0a480e8cf88e7158fa9a27d89b492c8aba5c1f627809e0
client/android/resources_vn/image/ui/rightMenu/activity/activity_pic_zxjl_alpha.pkm	112016	cf196fba1003caeb268513bd68fd8e2ce46e7b2ce46f37a6a602cc22aacb8d94
client/android/resources_vn/image/ui/rune/commom_icon_wz_fuwenshangdian_2.pkm	1136	dae61523a8681dfe0e913e7962b986b027033dae36144179131d879d4671d96c
client/android/resources_vn/image/ui/rune/commom_icon_wz_fuwenshangdian_2_alpha.pkm	1136	18d1f5dfacdcc839c55e88b820630dc8652f8c8057b181d04080af9f9e543acd
client/android/resources_vn/image/ui/rune/commom_icon_wz_fuwentujian_2.pkm	1136	e5590dd03413644e54a347b02149eb2db60015f8737cb179f0daad242300968b
client/android/resources_vn/image/ui/rune/commom_icon_wz_fuwentujian_2_alpha.pkm	1136	f997608c7db005394cd3e18ce8eef113afeb3a0a9b43d5b965c27fc8297e93be
client/android/resources_vn/image/ui/rune/common_icon_fuwentujian.pkm	2176	a3742c00f64b4bc03e170ef4e2c13c58e7d02e3678f1e0fb686e306530c373d7
client/android/resources_vn/image/ui/rune/common_icon_fuwentujian_alpha.pkm	2176	4b6db8d5c4c44f7c61bc3e4ccfb46af2505059500b4a9ba6e2ff00f669fa5c16
client/android/resources_vn/image/ui/rune/common_icon_fwgxhd.pkm	5184	37515294bb85e2430553f0bdc1b9adfa9a65d1aff72834df59f4f78a04bfe260
client/android/resources_vn/image/ui/rune/common_icon_fwgxhd_alpha.pkm	5184	058660c54598265b3e0c0506599d87e509d8457dd77888d357de9d97aafb4e10
client/android/resources_vn/image/ui/shop/common_btn_shop_biaoqian4.pkm	2536	d3b0e3d9ec8ed8c52e0bba12b415a682dd56de98a3afd26405a656a2f3ac0eb0
client/android/resources_vn/image/ui/shop/common_btn_shop_biaoqian4_alpha.pkm	2536	b9f38d9358d5fa98646ab515229d6efce7483a9dcb1b1d3f3fc3cf499f926d6e
client/android/resources_vn/image/ui/shop/common_btn_shop_biaoqian5.pkm	2320	84a465be9e18ad5ccac945a68cc666921dd4f68a1367fdad4205f5e8a31b4a9e
client/android/resources_vn/image/ui/shop/common_btn_shop_biaoqian5_alpha.pkm	2320	020c05fd08d7faf0ec8dc79eac63e1c0d2d8b5c8bbaa4e4c685476e5236ba7fe
client/android/resources_vn/image/ui/shop/common_icon_smnsr.pkm	7312	794f653a58ef815e4da98160e4d792c174b5b285fec42c855f6202455edc41c9
client/android/resources_vn/image/ui/shop/common_icon_smnsr_alpha.pkm	7312	54d03e6b300e4a831de8b12f316637ab23a4e270200858f3fb9bb4be29e0374c
client/android/resources_vn/image/ui/signInNum/commom_icon_qd10.pkm	696	830d46c1057b224fe735bf72973de96d5fdfb71e357ea94d93d03dd56e10da86
client/android/resources_vn/image/ui/signInNum/commom_icon_qd10_alpha.pkm	696	aa1ccee9462712e58f408678e39b698172b65ec61598fec5f797876723115823
client/android/resources_vn/image/ui/signInNum/commom_icon_qd11.pkm	696	05c5ac27c06c361263a3112ed5470ee9cfd007c4ce21873b32a04b069ea9d4d2
client/android/resources_vn/image/ui/signInNum/commom_icon_qd11_alpha.pkm	696	f5289164887893f892749b6dd96c834f14cbe1ea00267d3a1c869347b462962b
client/android/resources_vn/image/ui/signInNum/commom_icon_qd12.pkm	696	2923618acbb8234a6af1f6fa3df82fd5b876014d7aa9da644dd22e9741e4bb20
client/android/resources_vn/image/ui/signInNum/commom_icon_qd12_alpha.pkm	696	55527c77f91622acdcc16929fe878829d03afbe06536811caaae0ed5c7c01439
client/android/resources_vn/image/ui/signInNum/commom_icon_qd13.pkm	696	cf4966a95f322c7e7af19a739229246f536017d48a951208b75ad721ca4e2175
client/android/resources_vn/image/ui/signInNum/commom_icon_qd13_alpha.pkm	696	d91960d99d63a741e5204bde3dc0737ae392c92d603e49d82fb75557b1b40721
client/android/resources_vn/image/ui/signInNum/commom_icon_qd14.pkm	696	b7eea093396250b76719290809af3622029ea9890fe72df909b5c890ee038e36
client/android/resources_vn/image/ui/signInNum/commom_icon_qd14_alpha.pkm	696	78f6665a65712ba276a3f12a9f1036f24a8b72ef81357ef52bf19b4bc3327ce4
client/android/resources_vn/image/ui/signInNum/commom_icon_qd15.pkm	696	2308f184b9ab15b4a3498caff12e0f07846e74166e4100147ec7c7c2c8168d0d
client/android/resources_vn/image/ui/signInNum/commom_icon_qd15_alpha.pkm	696	5b8e6f1ffd33ce2b9ba217d0dd1cc737371ce1be04013ad29c94337f4d5ceefb
client/android/resources_vn/image/ui/space/common_icon_grxxkj.pkm	3056	edaa09b1cf87d5b86414b07fb55a588c0e4aad7d4e20dcac4d74026f38741e43
client/android/resources_vn/image/ui/space/common_icon_grxxkj_alpha.pkm	3056	edfaca0d96975bc59b71c2b3819ecefbd6d1614d762812a637597d92633b6d85
client/android/resources_vn/image/ui/strengthen/common_icon_qwzz.pkm	1248	4a984a9825db3dbb064d5b9748bf7651318f12ca2965887bfc00038bbe0cffc6
client/android/resources_vn/image/ui/strengthen/common_icon_qwzz_alpha.pkm	1248	8b3df61329bada96d7505c721f23fbc1b156f387022047e2c224d90a471435d1
client/android/resources_vn/image/ui/task/common_icon_renwu7.pkm	2328	84e6da73818f2f4c027f2593877254ee14956db15468a7ff6dd78a90a489c79e
client/android/resources_vn/image/ui/task/common_icon_renwu7_alpha.pkm	2328	3366bd94f62cbb1eaa5421a531fb3cbd4298d0cda481029ba25ff79356e663f1
client/android/resources_vn/image/ui/upgrade/common_icon_xgngn.pkm	1640	09db0028157b031e03d94c715023c1340510ddfd84dec76c91d019e330fdb02f
client/android/resources_vn/image/ui/upgrade/common_icon_xgngn_alpha.pkm	1640	5b4c672ae7c6cd32093690197b20077118a9d9fde6ce3ced60be99fc9c82bb2e
client/android/resources_vn/image/ui/upgrade/common_icon_xgnjs.pkm	1640	5d49d22d626f96e88b164910afbad8330d21c0e0e7e3b9433a7c747e1aee1579
client/android/resources_vn/image/ui/upgrade/common_icon_xgnjs_alpha.pkm	1640	bcfa770209cac271f6c0bddbfa4fe09d45a6fb582c898cf3fbe1e07c27c75980
client/android/resources_vn/image/ui/upgrade/common_icon_xgnyg.pkm	1640	9a8e103e9dcde866ab894d6b8bd82e29f6c98ea00d7d3afe968f55d63f00cfa0
client/android/resources_vn/image/ui/upgrade/common_icon_xgnyg_alpha.pkm	1640	43a089e2011aeba2815d8aad391af183b37336d6d58c734346118f91d0345a54
client/android/resources_vn/image/ui/vip/country/pay_czfs.pkm	2000	7a1d4d0343a33223578703d3c4bdd7e7b3dab9e130892f88b4440e8946a6e25c
client/android/resources_vn/image/ui/vip/country/pay_czfs_alpha.pkm	2000	1b5d3482785061635e2a47d25655f6128a4aa9f7aac62d4d22779047cc1b4f51
client/android/resources_vn/image/ui/vip/vip_privilege0.pkm	1872	cfbc585e88b4df934e1c9cc64cc15ad6f50a436b96fd97aea8f05b8fd6eb3080
client/android/resources_vn/image/ui/vip/vip_privilege00.pkm	1872	72455d38d997ecebd11020742d2e03a2dc6046167ba73e78f304fcb8f145da49
client/android/resources_vn/image/ui/vip/vip_privilege00_alpha.pkm	1872	0a357431f4659358a39809913b138195d8689293b821adae86e975699c13fb68
client/android/resources_vn/image/ui/vip/vip_privilege0_alpha.pkm	1872	de449c72837553800cc159bca206e9aad0f7365b7d3ee8a588f6834c619237a8
client/android/resources_vn/image/ui/welfare/active_pic_axyx.pkm	1472	01685b31ce12c388187f68d4876bd8c9ce0c14e52d00c4d6fa409197e0b28885
client/android/resources_vn/image/ui/welfare/active_pic_axyx_alpha.pkm	1472	cf3ff97ecb53e905daf68d7d223deb9807f2bc9d8b273265968a846b759ee949
client/android/resources_vn/image/ui/welfare/active_pic_czjj.pkm	1472	dfc96c966bfe0776467aa3ac17aca4c9933521bf8fc3279c25196ec4b520661f
client/android/resources_vn/image/ui/welfare/active_pic_czjj_alpha.pkm	1472	4d0995983623fc251958d363ef48d47093976641125b45b07925165f35bd0f8b
client/android/resources_vn/image/ui/welfare/active_pic_pws.pkm	1472	5e883cf5246c70ee646b0ecdced9f81bc899e19143f57915c8cb966ae4e25c07
client/android/resources_vn/image/ui/welfare/active_pic_pws_alpha.pkm	1472	12bbbeffc7bb05cc664222f8024f97c777678070d4ae4b30609a11f9d01efdc0
client/android/resources_vn/image/ui/welfare/active_pic_qdjl.pkm	1472	6c8249337e5417144bb03553232fccc6f573f3fe8c1d10f802eef483f3725706
client/android/resources_vn/image/ui/welfare/active_pic_qdjl_alpha.pkm	1472	1434ba672838c2e2c5a3dffcf857db07fe67765d5ce07ec67dfe3c7858dc61a5
client/android/resources_vn/image/ui/welfare/activity_pic_dld.pkm	112016	9faf7cd967e7d4f80ebbbc10ba7ea9fe74ea130272036a04eba28cb1a714e01a
client/android/resources_vn/image/ui/welfare/activity_pic_dld_alpha.pkm	112016	dd9ac49093b0561c6462decc1a245887db6696deeb9f19f3441199b9b8848247
client/android/resources_vn/image/ui/welfare/activity_pic_ghz.pkm	112016	f9106791869f4e1730db1e3439171b2bf915cbd7ba7e98692a60c1b3a1b1fdac
client/android/resources_vn/image/ui/welfare/activity_pic_ghz_alpha.pkm	112016	455d66dabdda34aff8ca33b83146e6a56c013622c6482ec5abe9a71f304638b8
client/android/resources_vn/image/ui/welfare/common_icon_bs.pkm	3448	b9567396c065f3cd2513bad87b23af39c41f877b04faa5445ea78732ad9da3f5
client/android/resources_vn/image/ui/welfare/common_icon_bs_alpha.pkm	3448	19d50bb0657f58b07a5f3128da8c868be1d6cc436e15c3ca8dbfb14bc503406d
client/android/resources_vn/image/ui/welfare/common_icon_dld.pkm	3296	21bc7e975829e9faf5126aa9d111a09be92f3e48c68eaf973008bae1a9e5d19c
client/android/resources_vn/image/ui/welfare/common_icon_dld_alpha.pkm	3296	f788c106d18ea3e381049a763aace52b7f772c86f3096180ac3ef5ae12a1232f
client/android/resources_vn/image/ui/welfare/common_icon_dzhg.pkm	3536	e3a9f4b05d46980dd2717780bfa9ac962551b3c0e7e99ffbc8a1fb32ce9403e5
client/android/resources_vn/image/ui/welfare/common_icon_dzhg_alpha.pkm	3536	2c628c8fa0ca8730851c34f99435d939019b4f2dd5f7a5a239c1c35e39cf2524
client/android/resources_vn/image/ui/welfare/common_icon_fl.pkm	3448	0a743b8e4e60539354d95adf4f4ee85412a1a2f2faa586ef80bf9137908c74e3
client/android/resources_vn/image/ui/welfare/common_icon_fl_alpha.pkm	3448	9fce6d10ea1d7b2f4e3ee19eeefa16d8776f220dafe44aed65f640155d09d21c
client/android/resources_vn/image/ui/welfare/common_icon_ghz.pkm	3296	663c986e240a4e624c0324d40b4eab60b92aa8660912b0858f7be78166ece008
client/android/resources_vn/image/ui/welfare/common_icon_ghz_alpha.pkm	3296	8fcc704ebd46320b3181664c192898d239612d3ea9fe3e1af9d40ea8f248d3c3
client/android/resources_vn/image/ui/welfare/common_icon_jrgonghz.pkm	3296	74a28fd6eb8c1bb6fb95be9073514938c5fa08f8d4f121249f6a16106a714f6e
client/android/resources_vn/image/ui/welfare/common_icon_jrgonghz_alpha.pkm	3296	5edcdd16e8105c4cc7c3660c00926194f83579154dd9bc9ddd0b403e7fb2770a
client/android/resources_vn/image/ui/welfare/common_icon_jrpws.pkm	3296	3dac7f50db0030eea55baeec2ed8561d8a3bec0416f52d8fa536d486e02605fd
client/android/resources_vn/image/ui/welfare/common_icon_jrpws_alpha.pkm	3296	d9388506dea62e7901285dc6b3baf3f0f8fea8f1822977a4f7bfd133741290a5
client/android/resources_vn/image/ui/welfare/common_pic_pws.pkm	117392	4d545ca5ef290883b5dc70dae14aaad2520ee293d9aee1d41b55cb05b256228d
client/android/resources_vn/image/ui/welfare/common_pic_pws02.pkm	117392	8007e8775ad35a8f99e78949046e52691320da4b17000ab78ce4b03ddb094f6f
client/android/resources_vn/image/ui/welfare/common_pic_pws02_alpha.pkm	117392	89ae7b22ab49e848c89ceeb503e304a89876c89852a34140ae934610d909c1a7
client/android/resources_vn/image/ui/welfare/common_pic_pws_alpha.pkm	117392	dd597347fadec17489148160c4301f7a62518c581bbac75d504e2a3de819ea45
client/android/resources_vn/image/ui/welfare/common_pic_yxls.pkm	112016	17b08e8f7cd030936230791ff14dff556bc243aab6cbcf104f0a27e56f7cdaa4
client/android/resources_vn/image/ui/welfare/common_pic_yxls_alpha.pkm	112016	9b041cb34c6ee384f23e3f88235c11048f62eac7a72c4ee1774cb2b07b23aacf
client/android/resources_vn/image/ui/welfare/hero_icon_canjbs.pkm	2392	5849c16f10e6cccf9e8f531e9bbe3a378ceb19754d2e7f47ec99f682c66e94bc
client/android/resources_vn/image/ui/welfare/hero_icon_canjbs_alpha.pkm	2392	707c9a93cc5c978233cbca34439f6354eaf8a6eec9fa73cfdf4bd896e398e78f
client/android/resources_vn/image/ui/welfare/welfare_pic_czjjggt.pkm	29016	425f122e44ed974739d1908d4eebb3e3ea05da558cc0f433cea79a6a444bb042
client/android/resources_vn/image/ui/welfare/welfare_pic_czjjggt_alpha.pkm	29016	32a4bd2ae03bf87769be387605dcbd5a653d4c38896e50b3e0a8d5f407fe4db2
client/android/resources_vn/image/ui/world_boss/common_icon_tz.pkm	2416	7a76ce19869203603fe2952d6fbec2788d7a1b066602398ae303069957348181
client/android/resources_vn/image/ui/world_boss/common_icon_tz_alpha.pkm	2416	c8e9ed247851a9f1fa97b8a512e78623974478f579437fe179f960a4f2c91135
client/android/resources_vn/image/ui/world_boss/common_pic_wkqzt.pkm	63040	d14f702a0b92717e1e403f4bcada6f3c0fda7174bbea5bb781ba84a0e6dccb0c
client/android/resources_vn/image/ui/world_boss/common_pic_wkqzt_alpha.pkm	63040	83ad51f78368f69b1f679d44050be54a2b03f90fd94cc0b32e3e48be39cbd38a
client/android/resources_vn/image/ui/world_boss/common_pic_xebl.pkm	63040	c2c4e8e3c9dd7779b4ccb096db578f4cb63aa2345f65566b79cca2bee15a8084
client/android/resources_vn/image/ui/world_boss/common_pic_xebl_alpha.pkm	63040	5478468d6f1c965e9ea91efce43bd080b3e03949c59d5bb9339b08101dc619e0
client/android/resources_vn/image/ui/world_boss/worldteamboss_text_001.pkm	976	2018c70f1286b0bd455d0a015f33be68880312d69476f2010361561d70120c7b
client/android/resources_vn/image/ui/world_boss/worldteamboss_text_001_alpha.pkm	976	bcb9d7c6a959696d18005a7b92dc69621db194bb58b7037f2a4617cced132bca
client/android/resources_vn/lua/LocalData.lua	1466666	5fe85592e258fdcdd83426a82842323a209cf158cca8fd8027957acf6aad73f3
client/android/resources_vn/lua/LocalData2.lua	5256619	c27cfe0eb701a13a7d6ae2d9471aeefdf3e83ec74cd3de35884da86bd2430f10
client/android/resources_vn/lua/LocalData3.lua	3277231	13c2189a938b0dd8db125921e2006716bd3c984ee614a04023ef2240a32e1b23
client/android/resources_vn/lua/LocalData4.lua	119714	040d1b05a57c6bb05a466f09da85bdf12dce73e7cd48ba43601f7308bece0fc6
client/android/resources_vn/lua/LocalStrings.lua	561230	b5c58cf414d1af4e2a6bc3444c956fcfee0b02f0ab02c7750492a25ab257103f
client/ios/resources/dat/AutoRunBattle.dat	33208	8ff60ac9b8083176a9d3c19a0d1c4acfe75429e1ab3c8b5f22a77eefaa73997b
client/ios/resources/dat/PreLoadFiles.dat	9288	3271e9868a31690a2825ad617024d04ae9eccff64669556c0b01becde90bf953
client/ios/resources/dat/ProjConfig.dat	13285	cae0d2076f6031ef60f46d62a01c28a522815220623f44121894b72fc1ddcf80
client/ios/resources/dat/Regexp.dat	3263	bf749d63a00becad72ed06b97812fe46026f13971295836057e46868925cec60
client/ios/resources/dat/SettingManager.dat	9341	c2649d5f63e9ba77081284b3b5e23f318e712a6ae76e201024aee48491564e4e
client/ios/resources/dat/WGCacheFileList.dat	32	36911cf2d9d5a62bedf174f59a5b7bf257a19fa6ea4709916fbea9067fc39518
client/ios/resources/dat/WGTextureFormatMapping.dat	18414	237d4b86af53a2b508e301210ed85abefd0f98437f29912062e34ed40b4ad499
client/ios/resources/dat/account/CellActorInfo.dat	2759	c38815423962bc64befa128b3260ca90672abd1156b49ad869da8c74f909c623
client/ios/resources/dat/account/CellActorInfoData.dat	1743	b0c9d7b226652bd2d59637de5a002301f809a9f7a52c4ac297f8c7230ef6752b
client/ios/resources/dat/account/SceneCreateActor.dat	21824	3e3ee95c6941f862ea89b82974c61c83968c761ae7393f1b1015afbfd2ea2c38
client/ios/resources/dat/account/SceneCreateActorData.dat	2088	c5dc55c91391a60f5b325786f416323c8d37814d8b7293678d49d67113e23e99
client/ios/resources/dat/account/SceneLogin.dat	45984	519edb7849bc41a03152bc13a353f912bc74cf14383641548c682c5350cc3b81
client/ios/resources/dat/account/SceneLoginData.dat	1999	2cdc31b8fb21b74a7a30cbcfd09fada872446806d2bb5fbec5875f3657ca8b65
client/ios/resources/dat/account/SceneSelectActor.dat	9211	6aa67a3bb69be30360ed336022ede908ad5484740d39d4e6e1a63580205210a0
client/ios/resources/dat/account/SceneSelectActorData.dat	2582	c26423e9bc5bf98e9bd4d8fa6d122b451e7a38ae8d53ce80a40161214b14efa2
client/ios/resources/dat/account/WndChangeAccount.dat	9410	64b6686ce19b63f642fdf22971dba2203ea004ca1624804b9c80176a9319e826
client/ios/resources/dat/account/WndChangeAccountData.dat	1868	6a0faaaba75dc8543aacd294129883609cda4c5bc099ea56a575322acbc4510d
client/ios/resources/dat/account/WndExistAccount.dat	9209	4b767a704e95d3708b01708cb938cace50515ac2e805bc1a5123f352a6086e84
client/ios/resources/dat/account/WndExistAccountData.dat	1475	403a7334d97d1f4fe674b05727d397efb8614ab174e9666ea5c04c020019529d
client/ios/resources/dat/account/WndExistAccountLoginTip.dat	4660	804ba9a44b7ed5f6fbb74144e336811d0fc01e37b2758cd776043a749d9c1614
client/ios/resources/dat/account/WndExistAccountLoginTipData.dat	1429	e479a53bf90478086c2ac915802211effe3f02dbadc8d171b53c79e4ff6951cd
client/ios/resources/dat/account/WndFindbackPsw.dat	5200	255f9c4db343390e357a7b1cd028e0d9b36261991582606e36de93da5b793835
client/ios/resources/dat/account/WndFindbackPswData.dat	1999	1b0caef2db57aa93ce607b9ef32da7d508739242356060d391e9b7653e00041c
client/ios/resources/dat/account/WndRegister.dat	24881	a9d5949769bd12e1181f22a17e16263f27aacec16e47b9b92cf1bd00af7b3313
client/ios/resources/dat/account/WndRegisterData.dat	2195	25ad03d7b4a11a677401c9ae63582b08b34bef49ddb9ae02cc79877c2bb3ebfb
client/ios/resources/dat/animationPlayer/AnimationParser.dat	7026	645698cdce8fca2487cf4c62682defaf5a4c520ef49479b052b6d84e5c26da80
client/ios/resources/dat/animationPlayer/AnimationPlayer.dat	3844	8f071beedcb2fea1a44c24817268932810bd2fcfa90b6c31d597f525d90c0ac4
client/ios/resources/dat/animationPlayer/Define.dat	1440	3d705727d561eec1fff94a1337f1161828dc073db2b624717ceea210ba421c7c
client/ios/resources/dat/animationPlayer/ElementFactory.dat	1064	eb63e5a438e91706ecf94839b5399bc84705037f60a16d4c569a741be3cb3b58
client/ios/resources/dat/animationPlayer/Util.dat	1777	3baefb35a8d8855588a34e58f2df12653596387e417e36cd531e3f8f0248147c
client/ios/resources/dat/animationPlayer/propertySettter/CCNodePropertySetter.dat	2151	93b378a129940236f8fc3de179f8a71dcf591abbc0e7b3a24e8d73643d58f929
client/ios/resources/dat/animationPlayer/propertySettter/CCParticlePropertySetter.dat	311	c0458b5bbeb3998bc4e8752de6ea93af7e1f7108befc71f74d96a39662e655c4
client/ios/resources/dat/animationPlayer/propertySettter/CCSpritePropertySetter.dat	2162	250407e86fbd60822a4a4f68d966dfbc00bdd476c18bc31ba71c3477bf571b9b
client/ios/resources/dat/animationPlayer/propertySettter/PropertySetterFactory.dat	644	6f2f44de4a742214523146488aaca24bf76128e0081d3f64c151c89125e294a6
client/ios/resources/dat/animationPlayer/propertySettter/Scale9SpritePropertySetter.dat	1226	5b33300bea4eb50318d73fb9b8749178829ab4b7339c898dcf2dd367019e5c86
client/ios/resources/dat/animationPlayer/propertySettter/WydAnimPropertySetter.dat	1270	13d9aeb786b2dfa471e379fe26866fe90b88feaf1eaba3f139fef184adacfc11
client/ios/resources/dat/bag/CellCheckOther01.dat	30805	b4bba067ef8015545e2188aab3a87d7b3dadba88fda7fa724ca3e02db257e6a7
client/ios/resources/dat/bag/CellCheckOther01Data.dat	2037	e42c1fbec73ebe9d8eeb188cba07f6821a7bdce4fb827bb16638d8cf335e9862
client/ios/resources/dat/bag/CellCheckOther1.dat	27384	b4efd3740001bd089d97ec73d63cbeb284bab118d1e884e52ae0e9b0dbd1c235
client/ios/resources/dat/bag/CellCheckOther10.dat	9456	8cc46e07437059de36d7f336cf1e8edf735b9821935b09a755fa98ae3f446f9b
client/ios/resources/dat/bag/CellCheckOther10Data.dat	2223	fcd886840af0d53fd9cdde17e9c95b8b7782a4af3ce468bf255ff1b7995c4419
client/ios/resources/dat/bag/CellCheckOther1Data.dat	1844	5ba2f11d9123744fe7f7c56078d6a7fae9577b77a51a49bd4d49450a8be8139e
client/ios/resources/dat/bag/CellCheckOther2.dat	4905	f7c6b69d943fabbfc073913713d6810cdf1390ec1b32904f28cee48f8abecfe4
client/ios/resources/dat/bag/CellCheckOther2Data.dat	1902	70fbf116dd8017d5464dd331eba2a096508d44e09c44cb64ccca90041e5ee5be
client/ios/resources/dat/bag/CellCheckOther3.dat	21204	f972967722f6eb244cd70310787e2f135db9374fea160db761adc57ec887f62b
client/ios/resources/dat/bag/CellCheckOther3Data.dat	1850	9a55cbf5ce7baacf8550fe6b3f26a30614227c347a120679c0db73c4711e528a
client/ios/resources/dat/bag/CellCheckOther4.dat	12401	fd8f2486323ba4f6d65605f5524cde329000341b08e1a38e3cd76595f7fdfd18
client/ios/resources/dat/bag/CellCheckOther4Data.dat	1886	ece478ec32274bce4750d2033396cfc987a0fe3e3b45184116dbc58d01a0589c
client/ios/resources/dat/bag/CellCheckOther5.dat	17068	8c310d74e49a92fdfc6470d30382c2119791a45212d2be2899ae1fe4b05e45f3
client/ios/resources/dat/bag/CellCheckOther5Data.dat	1902	f84d27497f2acef549940c21ee68e2b90d42a819268d8f889166560b57df4518
client/ios/resources/dat/bag/CellCheckOther6.dat	15669	86040ef2d40ed86b20fd7be73d560cd0d724edd7793c6defec316cdeebd17c74
client/ios/resources/dat/bag/CellCheckOther6Data.dat	1902	49b5455c9ef04ff979f06fff2d8902283051159205d4bf1c7f046d1bbe1cde4d
client/ios/resources/dat/bag/CellCheckOther7.dat	10900	47502fd497c85dd8e0c36988606715ce7c2c84f8b4c0da3421e56d586134a81f
client/ios/resources/dat/bag/CellCheckOther7Data.dat	1886	eee2682b9ab7dddc4865e465de00f1890a2fad298824b533a301333e0659bd8d
client/ios/resources/dat/bag/CellCheckOther8.dat	2091	52fe78e112e151d7e9dc27afe8801d0a7774fdc6169ca825169cb58f837f02d1
client/ios/resources/dat/bag/CellCheckOther8Data.dat	1949	d73a63374da56dd5a41222fee4d53180b6256fe957c55bb8eeb2d50354d6a7f7
client/ios/resources/dat/bag/CellCheckOther9.dat	5210	88ab1c6b246b4bae3bff8df1474797d29c2810ad7246b4c1a89a240e4f989fbb
client/ios/resources/dat/bag/CellCheckOther9Data.dat	2044	d3aa1c58ce7e936a201dad973fad05b607982d575008b4e23e1bf8b00a7599e3
client/ios/resources/dat/bag/CellCheckOtherBg.dat	3692	c2cb91d84fe6cc32dc6493bd59814d81ed5119002566b2741175964af632d093
client/ios/resources/dat/bag/CellCheckOtherBgData.dat	2224	85a14cdcf52682c263e4881b319f50dc6d324c3a90e67af959d76d32155c2b03
client/ios/resources/dat/bag/CellCheckOtherRune.dat	3203	d1bdf427fb8f947f3110eee2c9008f0145087961b213c1a6ac59dde148a97b8b
client/ios/resources/dat/bag/CellCheckOtherRuneData.dat	1866	a97429fed495f4d3415fe811744fb5328a68671c05dafd5ee32558bdf83ad570
client/ios/resources/dat/bag/CellDesignationOne.dat	5064	56ad125ca683bf125283d76c7eb5c6d1d96a35b6f6896844f83a041044c0e999
client/ios/resources/dat/bag/CellDesignationOneData.dat	2898	2433878b8d6f65ec40c6d0c05f3fe2ef2818468e0e6f9ddbac61edcc51b6cee1
client/ios/resources/dat/bag/CellDesignationThree.dat	9861	8170234f259f7f2ee775293fe9ee60827b389147c3814ec4a13464dc1696d1c1
client/ios/resources/dat/bag/CellDesignationThreeData.dat	2523	1544b603d1bc51bad94f635a9e6d58538d3b984085082824e610821be6c657c9
client/ios/resources/dat/bag/CellDesignationTwo.dat	16416	4e63924e8337083eae169ad008fccf7a9d4cd604e7f833811e3ee5e848e6ee40
client/ios/resources/dat/bag/CellDesignationTwoData.dat	3285	4b82da87abbe8c838a7e735c92d3093fcc39fa8f7e7d9c93c363315e86bea003
client/ios/resources/dat/bag/CellDress.dat	25520	af63b5526915d6b8e5150c96ad9f683b7e5ced06fb7d0b507d6d3a065ff17520
client/ios/resources/dat/bag/CellDressData.dat	3313	7e6fafc2849e4999ef83393121482d8559bd2fc37f3d3609252cd629b4c617f6
client/ios/resources/dat/bag/CellGrid.dat	2817	c6f37892db084e8c9d8b16436ceacc0267f31e444a253cd08f4726612e6f49ad
client/ios/resources/dat/bag/CellGridData.dat	2064	7212cfcc1465d45bedb73bad289e1a462b6c47673c0da5cd60e74fcd3355257b
client/ios/resources/dat/bag/CellRecover.dat	2532	28e7a58d0c88232a5fd7b609e158c4e7ecff379f526f41a13725f6a789abb957
client/ios/resources/dat/bag/CellRecoverData.dat	1800	619b9a5f3f541185abcbcb164b6616bb6ca3be03b9d55ec77f710f1dd5eccfc5
client/ios/resources/dat/bag/WndAchie.dat	5682	3754ce1df85fcf927597a87b6c5df29a81f24a1404a0c9339f497d26903efb96
client/ios/resources/dat/bag/WndAchieData.dat	1433	b68bc4adcd013f7b1638491c88cbcd51a6a27c58b89d6614533b140e5002c1a6
client/ios/resources/dat/bag/WndBag.dat	30988	f14f6d250be7fe690d9913f2ea31fe07d1ceb33944edb67eae35f902d804e638
client/ios/resources/dat/bag/WndBagData.dat	4110	4a2d2bcff93e6c0c6c9a332957ae8646119c8a29e8fd296437cea47ef9eb6b4f
client/ios/resources/dat/bag/WndBagMain.dat	15897	c22975c295b9663999b5f9f93ad59c77b561b0eed15494f636e1103c1c585143
client/ios/resources/dat/bag/WndBagMainData.dat	4171	7486fe7db3053be66972beb9fe39cd3d1883495055b68d7ea3c720f507f220bd
client/ios/resources/dat/bag/WndBagRole.dat	2589	ff00cf9d5b563ce010976bf8058e88142ffce2155952a0218d7c1881ac2c8532
client/ios/resources/dat/bag/WndBagRoleData.dat	4205	e05b8e109e8e5d0589fab2ee9bbb09da3c36b820f74ebf7adab5d40bb7c0fa09
client/ios/resources/dat/bag/WndCheckOther.dat	71414	fcf931fe4ec111656a9ebd3f83c85230ac40f89eed0f8eec164d0426d567c85e
client/ios/resources/dat/bag/WndCheckOtherData.dat	19981	cb7bb23374d71a63911a46007d22a1ae3d8ba713034aa8866a09753688a4a2cf
client/ios/resources/dat/bag/WndDesignationMain.dat	56711	ed6f85b24a8cb2b803870321bf2446535a73399b56c32b4e2abcf2c83acbedbf
client/ios/resources/dat/bag/WndDesignationMainData.dat	4078	d25f4e8d5e3885d320c1c18521ab3595e4da8eaefaa928306dbd1fd3c6c3a88d
client/ios/resources/dat/bag/WndDressAttr.dat	18181	7c899e2e4c3322523071361a4f3b48abd1b611054c8158d8b96bd9eb72a0f386
client/ios/resources/dat/bag/WndDressAttrData.dat	1378	07b61c251f704022bbf93c51c1600515ce1feb4ce996cb167d475178882b2613
client/ios/resources/dat/bag/WndDressList.dat	18611	bf9436c8fb3cebafefe3a60af8b4325f9abfdfe47ceffbc8f24ae3576337ce3c
client/ios/resources/dat/bag/WndDressListData.dat	2200	a34e1577f92b7da25001bbaedd6bfefb118a3fd4f40f9a1754749729529862ba
client/ios/resources/dat/bag/WndDressSuit.dat	13439	28841979a5d5ac566dcdc94b32f331b559d984c6a636e8c861c169621d750b4f
client/ios/resources/dat/bag/WndDressSuitData.dat	4166	7c4ea9e5c4e7a91b6a17651746e3d207be572f6a050c76ec28e0d305bf2bae1b
client/ios/resources/dat/bag/WndEquip.dat	16375	1d2981d0ec439e07716bc59e0672e73e8952f5a5128d90e4c837be7f650bbd70
client/ios/resources/dat/bag/WndEquipData.dat	13203	1a675e04ee69ae885277c10edf952086d767148c5cf2d57d4491affc8055aec8
client/ios/resources/dat/bag/WndEquipNew.dat	22294	692fbc3082fe025d5373568f27d69abec51f9d2868771f90d96cc82addc6fa4d
client/ios/resources/dat/bag/WndEquipNewData.dat	13143	c2ad75ae9e91e2b7d3b48204f0cc22ed2a5c05b353bc9083d6bcb2dc69210134
client/ios/resources/dat/bag/WndEquipRole.dat	967	96c1beab3a8ef95c84b5fa6f27b8906fcd26afc56f73a54275be344d202f3f46
client/ios/resources/dat/bag/WndEquipRoleData.dat	1437	48b1fffac2428980e522b5f278e4bf5b5b74dc65f64f67f20153a2d9735056bb
client/ios/resources/dat/bag/WndExchangeExp.dat	6698	bac868022e8e663c33931d776bc77012db16b505377f86f3e3ddf2a79b4989f9
client/ios/resources/dat/bag/WndExchangeExpData.dat	3857	939c4d87bc20a69f7dc431305e33ccdda3813adc68ea254ad230cce90a852a6f
client/ios/resources/dat/bag/WndOpenChest.dat	17478	26d8611d6b9bd89954bbedd6da0adf7cd5379e50d2273b082d13bfbfb84c5780
client/ios/resources/dat/bag/WndOpenChestData.dat	2916	5ebcca7bddfbfe577e9ef9a844d60f874a91d0bf78a6fbfddf4302cc21537ef4
client/ios/resources/dat/bag/WndPlayer.dat	29998	ce09ab9cdbfff08af7c316274281f4c3c18d282345361de43d5f9ab056dd9deb
client/ios/resources/dat/bag/WndPlayerData.dat	7094	2ba7bf77f70db5b1ae8dd46800b135af7129b3fc38548e6cd9f4e6f394900326
client/ios/resources/dat/bag/WndPlayerInfo.dat	47317	f201843986464e87ee14d27d170f71796b117085e1255b8e9878107cf3d0db36
client/ios/resources/dat/bag/WndPlayerInfoData.dat	9750	7b58389be6c037890b84b611810df361fda45cc8efef838002bb84ea646151a6
client/ios/resources/dat/bag/WndPropertyInfo.dat	27993	a576aefe87557f38d21b3f4df242819be9b6602861f38cf288560ec5577a7473
client/ios/resources/dat/bag/WndPropertyInfoData.dat	1509	437de977a985804deeb238d69383adc6d2d21bef071e929f1e26ad1f1de27376
client/ios/resources/dat/bag/WndSell.dat	18253	e4e4e7d346bdf8ac0fe535fa294461e3be8d2627877b1dc872c9def62a23daa6
client/ios/resources/dat/bag/WndSellData.dat	4958	28b2531a18f4286598df5f029cbfc6842b58f47449334dd1d461a399706cbf0a
client/ios/resources/dat/bag/WndSellList.dat	10054	72195d43e22cfd75d0a0f7f42c918837fc20252efa73f8958d1289d74c3b059e
client/ios/resources/dat/bag/WndSellListData.dat	3713	9340fc5fc468cd1e47f7d73a3fb936c463ae8e7c704ae1a8166ed0fdc7255dfc
client/ios/resources/dat/bag/WndSellNum.dat	4548	f2cd8c0251c0d16c6b8dc841bfc751b42e9b3b660b31b13825d9b03e497f1df4
client/ios/resources/dat/bag/WndSellNumData.dat	2796	0ccd41ca43caad578b05fb8368777dfcdc40419dd5af8ffbdd9de8b43a0f8287
client/ios/resources/dat/bag/WndSynthesisLeft.dat	23274	e857706f3dcbfd5f4cf63c12428478ed13711a7c6d97bfc7827c958367319094
client/ios/resources/dat/bag/WndSynthesisLeftData.dat	2768	044755cf5317bb551a761b5dcae8e76f0b4442f5075e68d465fc975102855e48
client/ios/resources/dat/bag/WndSynthesisRight.dat	12722	4a2181a3f1a7d56fa9bdb892e0298778ea6930ab8aeced4852ebe93f253be6ad
client/ios/resources/dat/bag/WndSynthesisRightData.dat	11266	270cd9341e01e2247c2a8feca684b6b293f4eedba7c2e9d063798b39eb5e90ba
client/ios/resources/dat/bag/WndTips.dat	191325	36655af4e0795f05a0a60d104d97ff2e6cf416bba4c389ca8406db6219db91c3
client/ios/resources/dat/bag/WndTipsData.dat	2706	35be737eab13dcd1fe06a97c50e18b281ca5cc26fe092f4c4405f93d7df44c2b
client/ios/resources/dat/bag/Wnddyeing.dat	25458	4ba0737eb14a7ad8dbd1f3cf9eaf44c05fc95e7e95581a50dba519c5964c17ba
client/ios/resources/dat/bag/WnddyeingData.dat	1746	d4a46b2007ba3049d02ea86d5e0f8667fa4a2b977504aa861f4bcd31bf86e15e
client/ios/resources/dat/bag/Wndwardrobe.dat	17600	77f0edc46a2d9004d1854ba23fcb38d34b1e6337a0f5696c44b4ebd97b223f0a
client/ios/resources/dat/bag/WndwardrobeData.dat	2783	5ea2ba907485b8c9715c6c542a206f129c4426dd62a0f7c74a5747af7c5f93fc
client/ios/resources/dat/battle/BattleActionManager.dat	1442	e43c015b81b02358ebe6fcfa03c6146d14f352a3feced5f7cd123846006eb75c
client/ios/resources/dat/battle/BattleAiCtrl.dat	56610	b3449be80f8b41310985cc5d60180bbe7736941ff7ba5e42627a02e11b85cdfd
client/ios/resources/dat/battle/BattleAiCtrlHelper.dat	13578	4b02f39c373d12a5ab48d4033e4e13ba712826c1b5f9e7bdd2a686fba9d7b754
client/ios/resources/dat/battle/BattleAiCtrlInterface.dat	14845	1f8ea3138e63dd821ed8b532d2f46245cd56f88f03d07ada5f373e38cba4b93c
client/ios/resources/dat/battle/BattleAnimation.dat	20549	cadd83a4a9109864d3b123d2d186309e6f9303e3d296c90e244ed6250e410d1e
client/ios/resources/dat/battle/BattleAudienceManager.dat	6627	9ea633849991beb8f1d9cafea7863c651f8fd3e340a6067604c065304e5b8c3c
client/ios/resources/dat/battle/BattleBuffMethod.dat	8891	11ebf92cdac3ddd03d25caa55401e39ffbb94809d8e8730054ce0795fbc83f07
client/ios/resources/dat/battle/BattleChooseMethod.dat	4065	cec893889ab50cb297eccca5abfefa54f290f67aee0228879b44ee70944761b9
client/ios/resources/dat/battle/BattleCommon.dat	32724	1302b9904274c35ebc402d32efb51f8897198cde5b921edad3fcd90fb5f78350
client/ios/resources/dat/battle/BattleConstants.dat	5850	c8f9fd26f21c1d6113079c33c949e4adf3a02db698343566b2a306a5e7b8e1c3
client/ios/resources/dat/battle/BattleCtbManager.dat	28597	9770d6d12624b87d6c591153cea2672ff767d25aa33ef9aaf4c5072c865dc56e
client/ios/resources/dat/battle/BattleEffect.dat	12442	0193ea5de2b437d6703892a3de0e0a789affea94d06b9baa289486b478da4b43
client/ios/resources/dat/battle/BattleEffectManager.dat	3866	288cd37fefd13d61351b6aa18134a608cab5d489d971832814b4dae7ee6772d4
client/ios/resources/dat/battle/BattleHeroName.dat	12260	b60de2824625cbee45304e5e4f9f35e615aefdaa44cb9b095e57d575571919a8
client/ios/resources/dat/battle/BattleHeroUse.dat	17733	473b21936890a92a0c8e4c3bbd990ce7846654cf1b920a8471ed8ceb88459b6b
client/ios/resources/dat/battle/BattleLoop.dat	24885	5b9442f3e404b610764512931b2486e0a5856c89469890f2eb125ead34d3a70d
client/ios/resources/dat/battle/BattleMapManager.dat	23632	085b9a8167b12fe6775bb4aa620bf22ecf7fab11dd0593f61a646578233cde4e
client/ios/resources/dat/battle/BattleMoverPosition.dat	2176	5a1396dc38849d9101085b9432bc16b4bd2ac22bd39b86e4a010c1e550a02b8e
client/ios/resources/dat/battle/BattlePetSkillManager.dat	18845	fa1bf34c8ea10d53cd1087efa197864220c6517db25c72e5b5e62ae848fa02d2
client/ios/resources/dat/battle/BattlePlayerBigSkillAnim.dat	20984	d25aed9819a21dd767acb24e27c50c917993e7e3d5ddfa31e6e558013cd0b64d
client/ios/resources/dat/battle/BattlePointsLine.dat	32016	c685faac2f4dbb8355112cc2a8b1dfe5375fe0e3477ceb8548068b4c1bcdb309
client/ios/resources/dat/battle/BattleScaleZoomAction.dat	1779	1460e7fb9f1d1a36d16902d40e54744f652196f87550da5af1c2b924e341324f
client/ios/resources/dat/battle/BattleScreen.dat	11313	7ceab0635eaf4d494d17c142a1f924b4bb833a783e1f913f8b32bdf2cb3881b9
client/ios/resources/dat/battle/BattleScreenControl.dat	20811	b3e7069a1ed91dbfc8148599f7da6227bcbb5f3b64d9de81ae26003ba50a379b
client/ios/resources/dat/battle/BattleScreenMoveInertiaAction.dat	2405	eac6ca35600801aa97cb52e82536e0432179f09aaf5d3901e8d2cb2f4aa80287
client/ios/resources/dat/battle/BattleShowHeroUse.dat	18241	d5953f7216dd10daa22a298292921224bc624d612d3a87de329b83a0204f6c48
client/ios/resources/dat/battle/BattleTouch.dat	7269	6dd265b71b287f79bdccff3c73407b6b9c516936e6c3437f9558378fb7cb23fc
client/ios/resources/dat/battle/BuffAnimManager.dat	6157	2d55d78e6740403cdeccc7dc3bcd250c0c9505814b5d6749515fcf9dff20abec
client/ios/resources/dat/battle/CellBattleCtb.dat	16524	8eb009c2e225090ec45f5f927ebfadfe359dfeea82c51341eeee9a741e2093f7
client/ios/resources/dat/battle/CellBattleCtbData.dat	4392	de788eb382e9925c659f9fa79e9feba386f4c561fb6e37bba0169cdb0cd46071
client/ios/resources/dat/battle/CellBattleDialog.dat	11967	251bab039b6d492b0a6db6bd7b0e8f3aa2ae35f9d04ceef7e25ccf380c2aaac1
client/ios/resources/dat/battle/CellBattleDialogData.dat	8349	c60f70a445428fe000ef9e8beeae163413a63f02b27d372134346c920485d07c
client/ios/resources/dat/battle/MsgManager.dat	7676	3a5b001ba57701565423e0888927ccd962ccdaba3b3887f8a89543573de522e9
client/ios/resources/dat/battle/SceneBattle.dat	61312	6406fa79f3beb83f9000cb549bd102d44a3603b84e9e7566bf5bb8be3f1cba2f
client/ios/resources/dat/battle/SceneBattleData.dat	2822	3865cb3475ccf485bc855ca5d2e0e0123a89630ea85bbccec6cb5ce9f8e82209
client/ios/resources/dat/battle/SceneBattleEffect.dat	9194	82d4955a36f8de6c647fd904deaea5b8da6a8633dd08028a2c3b92520d83bbb2
client/ios/resources/dat/battle/SceneBattleLoading.dat	109448	199854ad71d251f089a17939a4a74874842468362391165c55edaaa375b9a094
client/ios/resources/dat/battle/SceneBattleLoadingData.dat	11032	80e93705fade5d94db8c47b297fdb32c8651d0403bc5c7471c3b5ca420be9202
client/ios/resources/dat/battle/WBattleConfig.dat	5180	e3d9de16d55f0be40addf956f3bb10a349441e9c0c51d55d1e18c9b911f1ed73
client/ios/resources/dat/battle/WBattleGlobal.dat	245519	a675d5688a2ba1efacbfe45575a3047bd28c5b21c75fb083428ac49a27167606
client/ios/resources/dat/battle/WBattleMachine.dat	11653	612678a375f07e2faef5e743818b3e588597be5bf887b3c21e5d181882ae0252
client/ios/resources/dat/battle/WBossBullet.dat	25117	f019a81789bbd8c9cbf6cd3e9cd00824a8ba3cb3f444dfd0bbf62addc45cdcff
client/ios/resources/dat/battle/WBullet.dat	78526	58c38e9c1d28ebf34c9116bd5eeacfce38099bd41b728af7f1911d3c368c9b54
client/ios/resources/dat/battle/WBulletEffect.dat	70495	2e10bae12c7304f1a0ffedc8f9a4d8859373ef217ffc16893fd522f3f762f7d7
client/ios/resources/dat/battle/WBulletTeach.dat	64244	aae4f63032939e1e880298f2cd0eb67fdcd032dca508a10f3ef922e521dcdaa8
client/ios/resources/dat/battle/WCharacter.dat	157334	5c79ee0689d047133ee5bd17fdd1d6379cb5fc54afbb415d0722c544a89072e1
client/ios/resources/dat/battle/WHero.dat	89206	e04ed463c09dfb513dbbd0c6a673e2759b389153f1cb49850d35623ca404fdbc
client/ios/resources/dat/battle/WPet.dat	8686	f6dff44561250d1acc6615d8c83c503707502d444dfd7a3e2a5f031a02ccdd18
client/ios/resources/dat/battle/WPetBullet.dat	17091	be2603dd6786d3e538404846e0790493c785261190ceeb4df3c862e82d9f5a79
client/ios/resources/dat/battle/WTreasure.dat	12435	6e413b4194e03eb05b17d8049971dc7bd2980230bcffd0caff3509eb14d99cd6
client/ios/resources/dat/battle/WndBattleHud.dat	180336	4a73de547259fa575104bb56ae6e91d5eea5b92b5a1ba7749a36a672f321a032
client/ios/resources/dat/battle/WndBattleHudData.dat	11395	b03eb3eccf6d347c3f45a011ed076736f7ee20b8d5ad66a6fa16094cf11fe4ed
client/ios/resources/dat/battle/WndBattleSetting.dat	26260	6ffe57cd33a17849b164720133c05e4b7fdc771815d3f1054074cd253a726a8a
client/ios/resources/dat/battle/WndBattleSettingData.dat	1578	b559817b0a5933730b80d9558b1cce4dc938d2d91767e86753c5c5ef8332ec27
client/ios/resources/dat/battle/battleAi/BattleAiCheck.dat	4810	4eac4dc1a1e231d199f92dc5fac3d0e516c867d73e912860f92c235f827fdecb
client/ios/resources/dat/battle/battleAi/BattleMsgAiDisplacement.dat	7676	9cb0319376c9c7bef099b66ed8be50b89208ba6fd7682e3412b6248705973e8a
client/ios/resources/dat/battle/battleMachine/WBattleMachine.dat	11714	8e585bfb3300d88c9f3539d86f8db2f0a75396490c0bb95515d7349a240d7e1d
client/ios/resources/dat/battle/battleMachine/WBattleMachineBuffTotem.dat	18531	9e1cab13724660854352a2495aed12a56b521e7052161a183457f4d27e11cf69
client/ios/resources/dat/battle/battleMachine/WBattleMachineCage.dat	20950	4cb3482120768348042ac61d1c4df46188805517515ea81d533c68c34a26a94b
client/ios/resources/dat/battle/battleMachine/WBattleMachineFire.dat	21199	446be9e353a5843fe141b72f65332234d18adfd03cea91e00327dc41a27e498c
client/ios/resources/dat/battle/battleMachine/WBattleMachineGift.dat	22116	987dfbed0c52f89731d6a91e28b9f86a770c911b338359b2dfd577fb2b2fe64f
client/ios/resources/dat/battle/battleMachine/WBattleMachineLaserGun.dat	21681	9ad2e1167a821ed65e502887d6aa056b957792449251d9173b1388ad21026db3
client/ios/resources/dat/battle/battleMachine/WBattleMachineLight.dat	20060	339f06ee823e7b89782ac33fe3d75d7aa589315ff26de14a38419efefba01d80
client/ios/resources/dat/battle/battleMachine/WBattleMachineRoundStartCollisionHurt.dat	18266	61e6daeb76b131fe147f7aab592bc3624b1d1a70b6ade0debdf3586706cc7e4b
client/ios/resources/dat/battle/battleMachine/WBattleMachineTornado.dat	25242	5fc29738527f86c62058d855beab79f71c762bfc6678e721ebc8b5306f75ab9c
client/ios/resources/dat/battle/battleMachine/WBattleMachineTreatTotem.dat	23744	6bc30bffc6cb06d1fd1dbdbcf5f8edac36e85016cf07b702378209c5a8145e9c
client/ios/resources/dat/battle/battleMachine/WBossTreasure.dat	17263	558af311913cc0c74e01f7e900e7ba4e46d92461515b3235ff78a5e960ebd1e2
client/ios/resources/dat/battle/boss/WMonster.dat	85391	d17bd0976f4ea7809289947fb21049cc41ebd74fabe9010d48df8c1b0363b07f
client/ios/resources/dat/battle/boss/WMonsterAI.dat	63033	79371eb9d493b737b7736493c7671bef292a7b24fe6123eb28f456a303b33e38
client/ios/resources/dat/battle/boss/WMonsterAIInterface.dat	22524	695ff6a7fbcc74d772f3ba7da836f68e500b561c79c1d6ea36b2e53945e7a7f1
client/ios/resources/dat/battle/boss/WMonsterConfig.dat	94869	b88f6282a89edc1081691d71ba5d5e75a98632c1c71dc12cbb204241bbef20a2
client/ios/resources/dat/battle/boss/WNewMonsterAI.dat	59340	ad37d8c33920a1386dad12f16e7351c723ec77a771489a5473562c578a2b956a
client/ios/resources/dat/battle/bossMsg/BattleMsgBossMapSkill.dat	210193	e6184a4dd7a661567be8b9ccd10a075e61c43ce96a31e3162852f1076db938bd
client/ios/resources/dat/battle/copyData/BaseCopyData.dat	2128	177f18beb56c63d44c6255e91785b76870f678b42a105dc5ed0a9235a0cf1505
client/ios/resources/dat/battle/copyData/CopperCopyData.dat	7280	90562d29e87ff80497d9913bf4e3db9fbb448b971d2d8004b1c6baf065031036
client/ios/resources/dat/battle/copyData/CopperCopyDataII.dat	8325	1ea05fc1267b2e942684897ed9ec9dc0f58eb8bf1a8a74a3ca88279dc9154e01
client/ios/resources/dat/battle/copyData/ExpCopyData.dat	21864	18156fff26d38f1b8c50cdb1f32d6d0d0134f3ded261e0a8ac5c8ed5c5fd21d6
client/ios/resources/dat/battle/copyData/PetCopyData.dat	5438	2f9d0a29015c94d1ad06ccee3f10c0ee98c9fe21cb87a2b32f7c07e478fcb099
client/ios/resources/dat/battle/copyData/WndCopperInfoView.dat	7120	1164d50dd08fea0967a0bca05c3196790d3f62ee66ac95930730c909eb50b3a2
client/ios/resources/dat/battle/copyData/WndCopperInfoViewData.dat	1366	65509df1d6632c4d691993a50cacb9d5859a1d53f768172b1e2a641e9856ec9d
client/ios/resources/dat/battle/copyData/WndCopyExpInfoView.dat	2778	6dc247c4fbc7e2818d6888d2b909f1322ceaf585b1c727c419c03c1882da0d7b
client/ios/resources/dat/battle/copyData/WndCopyExpInfoViewData.dat	1375	d9183e87edec5bbb3deb130b2e53f83738eab60d93cb373c5e32f8481b08f46c
client/ios/resources/dat/battle/copyData/WndCopyGuildInfoView.dat	1661	7bc834894b05ee73ebdcfb4c0f20b4ff9b588292229cac3b40c57d0b7717ca89
client/ios/resources/dat/battle/copyData/WndCopyGuildInfoViewData.dat	3005	e1dacfe96fc130a5eef9211e8e3a7d72f348a18f79a50a0bf0604694dc8cecbb
client/ios/resources/dat/battle/copyData/WndCopyPetInfoView.dat	5768	500ab955e78007e2860e95b637c9700deadfaec846e24837544975bd2f9deb5d
client/ios/resources/dat/battle/copyData/WndCopyPetInfoViewData.dat	3690	5d04f9ea8668e7b9fce7f942c1fcbc1744ca8324da2363fb55576c7a230f170e
client/ios/resources/dat/battle/copyData/WndCopySingleInfoView.dat	10191	ff51cffb516595f803d4f40106d4ad59d66e51dd8a83f8f7cb9f5ad499e4e19f
client/ios/resources/dat/battle/copyData/WndCopySingleInfoView2.dat	3967	ace420cda7c334e1ee1e9caa504a8c7a5bcb0a9b180e58849b8b6c7a644bb3e1
client/ios/resources/dat/battle/copyData/WndCopySingleInfoViewData.dat	3700	03d5b282a532a82747119e9b8dcbf8b0f44bbe0646a7f2cc80d22104cf7bcfcf
client/ios/resources/dat/battle/copyData/WndCopySingleInfoViewData2.dat	3716	83ad8f37481462914a2d8dd67cb0b967f8cdb3c836ae80aaf996cf183eb394cc
client/ios/resources/dat/battle/copyData/WndCopyTeamCDView.dat	2681	cb181119e2d742a248c6ec9831a52905b9873f8de91b90b60e39dc814201467e
client/ios/resources/dat/battle/copyData/WndCopyTeamCDViewData.dat	4522	32f516b897109bf25a5a737ac29b64662c752c2f904f798817b62d5a83d5ae17
client/ios/resources/dat/battle/copyData/WndCopyTowerInfoView.dat	3292	ade9fd1644253454db23ec40b2a3bbd01db82e8f49bde747dda6958022b30b54
client/ios/resources/dat/battle/copyData/WndCopyTowerInfoViewData.dat	3636	93e31ce924f56437025672a51f5e51d36fbaf682ab197b994ec7973af916e928
client/ios/resources/dat/battle/copyData/WndCopyWorldBossInfoView.dat	1801	4a3cbc42754113d8966d269b40fcd1a7a9bb52bd6c28e88d000495a33c0ba8ea
client/ios/resources/dat/battle/copyData/WndCopyWorldBossInfoViewData.dat	2325	97c98ee6d14fce89e35ea3c64db8ced6de5518ad3bd27a6a3524dd26bd1f8fbc
client/ios/resources/dat/battle/copyData/WndHeroCDView.dat	3976	cb76d013f78a8f81bb999be9e3b148f4061b06699518b9f8654afec1828d21a2
client/ios/resources/dat/battle/copyData/WndHeroCDViewData.dat	2030	eaa965ae769c486d2c8f3714a9d3cb8a0bd678d8f4671b7e4ac3d920df1fc422
client/ios/resources/dat/battle/copyData/train/WndCopyFlyInfoView.dat	8759	759d2e89e83ad4c94dc249de851f35c054b5042e29546d467636a981c657022f
client/ios/resources/dat/battle/copyData/train/WndCopyFlyInfoViewData.dat	5017	0569c7ee7e44f6d63b8b64b277be0179440b98e46a9baea3d99c9eee5178e185
client/ios/resources/dat/battle/mapEvent/MapEnenvtBubble.dat	16503	5202a94aa3cafaff30da52d75bba9b19de846dde96a88819dc2c421a99107e65
client/ios/resources/dat/battle/mapEvent/MapEnenvtLava.dat	19268	cea575350f95befea08e655c6618ef58e6add363057b1eceba07cf8f82eead74
client/ios/resources/dat/battle/mapEvent/MapEnenvtMeteorite.dat	16713	734a1c3a5122edb06bbd854bc4ac076fd76ec2d8377b9144695f07c2389351b9
client/ios/resources/dat/battle/mapEvent/MapEnenvtTornado.dat	16263	43f4435920e449dc48044cb0f8bf208d5d0ea7ed1d57f60d786d8be6bb2f2195
client/ios/resources/dat/battle/mapEvent/MapEnenvtTreatTotem.dat	8245	f846d45af84abe349b0606c7db4d5384183e81a21e5b883956397d6ff2635b48
client/ios/resources/dat/battle/msg/BattleMsgAddBuff.dat	2477	0e8044db0b9a6aa383364e8efc88a304470b1f02fa951abaac4bc8b301b02347
client/ios/resources/dat/battle/msg/BattleMsgAiControlChange.dat	1295	b61a5a00b4b26d5e83b666c6ed42366e9655f6f70a0f1ed9c37a42af6cfeee6f
client/ios/resources/dat/battle/msg/BattleMsgAiStart.dat	1434	5171889dd01e2411c477ab197fba7a95342dba296c74f69f940457796caac24a
client/ios/resources/dat/battle/msg/BattleMsgAutoRunRound.dat	1206	305531dd8d8bb723778291516406463c182634e93f651bda1432de695986a13c
client/ios/resources/dat/battle/msg/BattleMsgBulletParticleEffect.dat	6978	c0977f3b7dd5a02944da9ab3257f90d3ebcaf22b7fea4ae35490868e846f93ab
client/ios/resources/dat/battle/msg/BattleMsgCanStartCurRound.dat	22496	c37fe0631bb47483e577febe85ef63f0311c4614c1493347f29a910a5eec7e87
client/ios/resources/dat/battle/msg/BattleMsgComeBackBattleInfoOk.dat	1492	5de57dceeac245b5e7630794909ec941940004694e8d9b88a459850a0be0dee8
client/ios/resources/dat/battle/msg/BattleMsgCopperEffect.dat	7596	19c79599e393de5c4d41c68dcc56eff66e9238e277bc9eb5c6834935a06d6ff0
client/ios/resources/dat/battle/msg/BattleMsgDailyPetBattleRound.dat	4318	e7322709f6c15b4a654b774dbddd6a322a9ce39ad5f93dc5b3b80139d3999ab1
client/ios/resources/dat/battle/msg/BattleMsgEndCurRound.dat	16801	a7fc1614bfe45cb422581a3d42c2bafe947f5dcd76bea2ef803e8f92e4d66c0e
client/ios/resources/dat/battle/msg/BattleMsgGameOver.dat	39675	6cb559e5db84f64484b7a1ba1db72cb481b502dc1d6d94292dd650489a091ef1
client/ios/resources/dat/battle/msg/BattleMsgGetProp.dat	8551	93044634ac50c30fedb74d00a20c361106776cb134ffdf76206265bd0af5e8ab
client/ios/resources/dat/battle/msg/BattleMsgGhostMove.dat	5566	261d518f6ac799e293312a1d6b9c071e3bb793e680274bc7ce09dbbf4606bc13
client/ios/resources/dat/battle/msg/BattleMsgGuideAnimation.dat	3001	397bf510ef44a10b23520d9eff055473d8a3a83263aba82d0614e607864920c9
client/ios/resources/dat/battle/msg/BattleMsgMeteoriteAttack.dat	17480	0e0c8202bc9969a8f929faa66d752a9b64dd31400fad581a4494307c16eed7b2
client/ios/resources/dat/battle/msg/BattleMsgOtherPass.dat	2552	02cf121ed3d953f4bc43b8242f69f409fecb1fbf51e2c2af9219220f62f7817b
client/ios/resources/dat/battle/msg/BattleMsgPass.dat	3325	14c46b0e8ba4be9580dc06cdf0b040112955df5cf58cf9f6074b053d9f05f181
client/ios/resources/dat/battle/msg/BattleMsgPetShoot.dat	26711	f2f4acefaaa06b8237972a7faa14183780a5a6486ad70b09e8c88bb424048bc6
client/ios/resources/dat/battle/msg/BattleMsgPlayerAIControl.dat	2881	3733cb780d00654742aa1e554a2bd8e9264cd78f4b07741cff8762fc3633c509
client/ios/resources/dat/battle/msg/BattleMsgPlayerExit.dat	2756	29f70bb0e2607f5309ac02ac94610c211276273f41325f18e7bd35986768117d
client/ios/resources/dat/battle/msg/BattleMsgPlayerFly.dat	21997	18f860aa994762002f0696749a4ff174acc0a482217fe85766614ed4c2e40164
client/ios/resources/dat/battle/msg/BattleMsgPlayerMove.dat	8207	489f7a2fbf0da37fbed847b6dd2c6c17577e352a0e77940f63b07cc372fdd31c
client/ios/resources/dat/battle/msg/BattleMsgPlayerMoveCtrl.dat	7156	ff48b43663713ce7525e4be7741542904704814a06b350a5a7645a362a46807a
client/ios/resources/dat/battle/msg/BattleMsgPlayerReadyFly.dat	16347	e273ff03ccf05bfddd59db3cb7d1f014604d789a0756bcc0301b0506a58ed206
client/ios/resources/dat/battle/msg/BattleMsgPlayerReadyShoot.dat	16674	90dddbb1ce6866cfc454b18ef224f6c7cb9256857e2a68f1cfed26f5e55a8497
client/ios/resources/dat/battle/msg/BattleMsgPlayerReborn.dat	1644	9e5a39e396139e95035501b5941f17484a38bfbb2143b23f4c18771d5adf8572
client/ios/resources/dat/battle/msg/BattleMsgPlayerShoot.dat	64515	cb7ad7587b77e46e2e3920ad462fb094279081bbeac56efd299f28613e8d916e
client/ios/resources/dat/battle/msg/BattleMsgReadyStartRound.dat	1468	518f84d2a47ea6f7add760625b024bf53acfcc83996893b8fb57bea217be7d50
client/ios/resources/dat/battle/msg/BattleMsgReplayGame.dat	48826	08b570f1dd6fda7f32353bac03be80aebf062d1322bae9e589802f9ca93178d7
client/ios/resources/dat/battle/msg/BattleMsgScreenMove.dat	2731	13dbfbd90b0328f0f9b1e18764d05b2cb071bade8781d6ef4de96e01a79ede04
client/ios/resources/dat/battle/msg/BattleMsgScreenMoveCtrl.dat	3637	2b5cbb96696eeae91e6fe99d1b4fcde2661c2bdf269817f7fb27364784d483af
client/ios/resources/dat/battle/msg/BattleMsgScreenZoom.dat	1445	280e4d72a5baa4e23d81c42478be53e6c3681f9bd8e3dccef742d8fd4c641779
client/ios/resources/dat/battle/msg/BattleMsgScreenZoomCtrl.dat	2916	194f865f74918ce2e942a44f22e759d0a22f3fb6bef3f4f7ceef61e66b0c507f
client/ios/resources/dat/battle/msg/BattleMsgShowCtbTime.dat	11440	a45a9e483b4c7105dfab7f2d93f59aa471772774439c2c91c1a260a989d446b1
client/ios/resources/dat/battle/msg/BattleMsgSomeOneDead.dat	12073	a1ef1561d500024bdbffe0e90178939e4f2bfa9fb289b2322b3e90dfb5a3b69c
client/ios/resources/dat/battle/msg/BattleMsgSyncMonsterAi.dat	1229	7daf01c42e1f7b9ea4f53c08055e0e000cd133bb6b4c840ec2391d06d69142e3
client/ios/resources/dat/battle/msg/BattleMsgSyncSkill.dat	1497	dc3e45a161a46dfb18178a7e31d2f5ea9b96c153d61909b615451ecba2947ad7
client/ios/resources/dat/battle/msg/BattleMsgSynchronousBattleInfo.dat	2018	575f8590a8fa1ea1bc96d7903ab25f10ccca92169770cd4992f8c5d39ec25dc7
client/ios/resources/dat/battle/msg/BattleMsgTeamBattle7Round.dat	8841	a79df666895489b2d49ba2adcf4091f1443d80c81681bf61179599582e26bfe9
client/ios/resources/dat/battle/msg/BattleMsgTemplate.dat	929	42ad98ac9e762b63650f4bee16705dee60df74ad35ed5429b85f090454b363ea
client/ios/resources/dat/battle/msg/BattleMsgUpdatePlayerHP.dat	2751	6344621c2fa64155af73a0d87a57d35e3025ac0c64b7800df6da4a0c2cfaedc8
client/ios/resources/dat/battle/msg/BattleMsgUseSkill.dat	2117	0d477fd3566fef145dc5f5e41ee62c2b95aab9046a262f043894b9e6fe2d23c9
client/ios/resources/dat/battle/msg/BattleMsgZoomOut.dat	1639	205b82d1b231e8450419ae4ba569e033188b0d76415bf8696921a86bd6d08e1b
client/ios/resources/dat/battle/msg/BattleMsgZoomToHero.dat	2589	eedc2e43c0e6114cd2574e39135d3841441ed8f07aed2f9ae049048c705932b8
client/ios/resources/dat/battle/other/BattleOtherPointsLine.dat	35801	dbb05f115f7f65cea6d6bab2b9be6c7e06d68d48f336177288756a1855e08e48
client/ios/resources/dat/battle/other/WBulletOther.dat	15789	f05551cce2ebd81a5033a19005848eb3f8ac33a7e5a56867846a6eff2bff93c3
client/ios/resources/dat/battle/protocol/ProtocolProcessorBattleInterface.dat	29585	1344f4445217d6e50d2af16d1c79da6813fcf9b2995a48d4b9cd283eb42ff083
client/ios/resources/dat/battle/protocol/ProtocolProcessorSceneBattle.dat	120931	50527817dfd75c4019275fe0fd7c7d0e2005c7ff87fb55fd88026d1938cce155
client/ios/resources/dat/battle/protocol/ProtocolProcessorSceneBossBattle.dat	108670	0c72fa03c2a0e8507dcf0f932d7714bb0d85a5ce7d41099414151586a0b70fc8
client/ios/resources/dat/battle/skill/BattleMethod.dat	16300	1db287d26c2096cea52907a581969457a7353acf00b38f37dd35d64ab0559255
client/ios/resources/dat/battle/skill/BattleMsgSkillEffect.dat	76997	458752d684b09b6e1409e5b116d2f691e7ebe300cb0821723d377108fa5f6d50
client/ios/resources/dat/battle/skill/BattleMsgSkillLoop.dat	26519	f0405d276c324532f3cc6a4152192b8e08fc8862f304db1f56f78976fe3731f5
client/ios/resources/dat/battle/skill/BattleMsgSkillShow.dat	59915	9deee6fedda75f27fd8a45797eb2b19fa77f7a60470edcf1aa0ea8399ff3f1ce
client/ios/resources/dat/battle/skill/BattleSkillShowConfig.dat	60500	11945483422453518d342d64d1ce9f87d9fd02bf311a983b0e1d2e27a030f91a
client/ios/resources/dat/battle/skill/assistedMsg/BattleMsgAssistedAirStone.dat	5741	7d3ba05699e2f85a893fc9405ebfec0fe208d09d02123a14f1ece8ba7b952490
client/ios/resources/dat/battle/skill/assistedMsg/BattleMsgAssistedBase.dat	1786	3eb05d51e9b0b0055e555b2857c8c7c588dda0f87a4d6efe7b02052a3bfd7a61
client/ios/resources/dat/battle/skill/assistedMsg/BattleMsgAssistedBoss10_1.dat	4564	f4f6790ed03bdbaabd791d76a4e04672093fc83a95f282d798ac61206941d42d
client/ios/resources/dat/battle/skill/assistedMsg/BattleMsgAssistedBoss10_2.dat	5728	6d9373ea67babc853804cf8a6d2851b9a23c8984bd9e5e376117c490036d43cb
client/ios/resources/dat/battle/skill/assistedMsg/BattleMsgAssistedBoss10_3.dat	3762	bbde3689f168126b00d5b75a2308b7d405000bc4e4820e8db3fcc9a60a541560
client/ios/resources/dat/battle/skill/assistedMsg/BattleMsgAssistedBoss10_4.dat	3384	d37c5bfe4835a446287b5e9cb399913c0ae27643b0a6aff8e2211c60a8a218f3
client/ios/resources/dat/battle/skill/assistedMsg/BattleMsgAssistedBoss4_1.dat	3343	8ff3d9ee76995eb94b619a17c9a7e11cfe1440b5bebf5d10f27e7668b4c305ce
client/ios/resources/dat/battle/skill/assistedMsg/BattleMsgAssistedBoss4_2.dat	4938	6b7c79e5d4d210e230af3b91568516db5e0dff60aa65dbfb14040652652e49ed
client/ios/resources/dat/battle/skill/assistedMsg/BattleMsgAssistedBoss4_3.dat	5074	0314b76c26ad34c783eaf07365468a628ed35faf3c25a255b0fd65ca5bbcda71
client/ios/resources/dat/battle/skill/assistedMsg/BattleMsgAssistedBoss5_1.dat	4205	1e744f9044ff7a6923ae963d08f4434753a83aee78789dd5a5c982b81310c9ed
client/ios/resources/dat/battle/skill/assistedMsg/BattleMsgAssistedBoss5_2.dat	3323	8543a79d707292bf3645fb6badcca1f22e7c6c6e1b503c8187bb3136be2654d8
client/ios/resources/dat/battle/skill/assistedMsg/BattleMsgAssistedBoss5_3.dat	3281	ac240660bc733fb829c7ae0c3dc82291ed0647be5534e44f3a3f03213b2eff0e
client/ios/resources/dat/battle/skill/assistedMsg/BattleMsgAssistedBoss6_1.dat	2782	01feb4c760948a1a0c7824595992575c414374521d7f7c2a2809c5701fa1cabb
client/ios/resources/dat/battle/skill/assistedMsg/BattleMsgAssistedBoss6_2.dat	3242	4c0d733e98b8f743629eefbdc05026d781d234e7c594295273a2dacebe3e171e
client/ios/resources/dat/battle/skill/assistedMsg/BattleMsgAssistedBoss6_3.dat	2500	cf9b6cdefc9f4b603fb1bf9d1cb5a01319b20532767f1f5b3886af4e00efe0a5
client/ios/resources/dat/battle/skill/assistedMsg/BattleMsgAssistedBoss7_1.dat	11978	897393ffe1ee8e358e81b978e3395142cc8a316d6c2d03f8d1c1e1ac2fff721b
client/ios/resources/dat/battle/skill/assistedMsg/BattleMsgAssistedBoss7_2.dat	3456	abf9170ff97e0f48981b96d1134b45b0532c758f240aa72023feef1dcf92afca
client/ios/resources/dat/battle/skill/assistedMsg/BattleMsgAssistedBoss8_1.dat	3158	5103d7ea4d00d79f391b1f7f3431763929c885c154a3063ad26cedd024d6488d
client/ios/resources/dat/battle/skill/assistedMsg/BattleMsgAssistedBoss8_2.dat	3727	8c067c762a5aab259001ce14e36820707a76ce162312f3baf621bc549c968f21
client/ios/resources/dat/battle/skill/assistedMsg/BattleMsgAssistedBoss9_1.dat	3109	db3c38a854d87abb6682526389d09e349ee56fed4c3182415141ac598f917faf
client/ios/resources/dat/battle/skill/assistedMsg/BattleMsgAssistedBoss9_2.dat	12156	2e44e3f791ab1fc009834e8570a2b573c34713a1882f44d37e583296dda71290
client/ios/resources/dat/battle/skill/assistedMsg/BattleMsgAssistedDailyCopyOrder.dat	4447	80727e580c2ef1df17a80c62d99d31165d4127535401f7b7512412dd619151f6
client/ios/resources/dat/battle/skill/assistedMsg/BattleMsgAssistedDailyMonsterMove.dat	2699	352bad99ac5d53ab278d6eec245781d7e86c409d299b47d4b4754e1d14650654
client/ios/resources/dat/battle/skill/assistedMsg/BattleMsgAssistedFlywheelAttack.dat	6280	d3625410d6e30e8a7469ac921d5275cdecf2b878d046ee3bcb2fd2a56643e717
client/ios/resources/dat/battle/skill/assistedMsg/BattleMsgAssistedFlywheelBuild.dat	5528	bc38574e8fa3a3034828a185a601c0e3aea378f04ac3b9da8d1ac33acdbba9de
client/ios/resources/dat/battle/skill/assistedMsg/BattleMsgAssistedHitSkill.dat	1458	cd3bf34c03e93467c658bd4e7227e2df4e7c0a5c472520148df1fc250342bb18
client/ios/resources/dat/battle/skill/assistedMsg/BattleMsgAssistedLib.dat	5212	fb1e047974babaeab6c117e5fc99569ff775eb25e1fab30d0d56d3e708c93e79
client/ios/resources/dat/battle/skill/assistedMsg/BattleMsgAssistedMeleeHurt.dat	4732	30d0f530b05356fbaa0fbc2e27de773197471b020718c220c49ad307e7a80141
client/ios/resources/dat/battle/skill/assistedMsg/BattleMsgAssistedMonsterFly.dat	8592	74c6a844aa2fdbfdf596e0144ea7281c39faa4c1b1867799d2e5434e57fae41c
client/ios/resources/dat/battle/skill/assistedMsg/BattleMsgAssistedMove.dat	6801	a49d4fb0e3a79368ea85ef941e40a555c83ad24a4d3b82c9cd5dfdf8a3b78aa0
client/ios/resources/dat/battle/skill/assistedMsg/BattleMsgAssistedNearAttackOrder.dat	5495	5dcf346a9e1dae7374d3d13e071cb59b7e80e7d810ec2d75b106f9d411d2b66f
client/ios/resources/dat/battle/skill/assistedMsg/BattleMsgAssistedParaMoveTo.dat	5411	cf76a9f1bc2f18c9175dfb83058f60f45c182a6e6641c1412f738f22c6568d2d
client/ios/resources/dat/battle/skill/assistedMsg/BattleMsgAssistedSelfBoom.dat	3499	5b17aed0ca3952a450e7534443e4baa9e285193778f3febb08b7bd89d427fb48
client/ios/resources/dat/battle/skill/assistedMsg/BattleMsgAssistedTeamBossCOrder.dat	4734	51764211f5edd9dc1acd0e8ee76023256c81adf255485b174be7d13126502342
client/ios/resources/dat/battle/skill/assistedMsg/BattleMsgAssistedWeddedBossCOrder.dat	4318	1ee137cfd4f805d53b8989b724ce9106627514d9f9398af4262ba27d46253b65
client/ios/resources/dat/battle/teach/ProtocolProcessorSceneTeachBattleLoading.dat	7935	2f22a19651a54ae1dfff8e5ab482ae0e625e86defbfa007a008b7030dd7288f3
client/ios/resources/dat/battle/teach/SceneTeachBattle.dat	8011	083f36ff40fa4e8f44b386005c55d03d0d9dc7f7f5318eb105f696792ed37bc6
client/ios/resources/dat/battle/teach/SceneTeachBattleData.dat	1853	f3532567f342a66a80c28c85296a35fd79a5b2811c273de1fa2a13bd210ba4c3
client/ios/resources/dat/battle/teach/SceneTeachBattleLoading.dat	10569	8554f9dd8f5e2202580a030bbcdf5388cac59c150bfe5207d99c6334cf7b9877
client/ios/resources/dat/battle/teach/SceneTeachBattleLoadingData.dat	8105	45926b5c0723987b3f8305285f56d7f79ba89f8ff374ee41538023fbf4701e8e
client/ios/resources/dat/battle/teach/TeachBattle.dat	9509	58c4b92c1458681be5ee4a457209b1b3b9287793816642e2670898745a0e5cc9
client/ios/resources/dat/battle/teach/TeachBattleCommon.dat	11274	bda7259108454baf4d3a0e432a5476d70f28811c51358f967169bf3c6852e8ee
client/ios/resources/dat/battle/teach/TeachBattleLoop.dat	4349	4b6c66847af7a78e84004edba4f570a5d5b0396ea44d4fd4b65590449dfd9ef7
client/ios/resources/dat/battle/teach/TeachBoss.dat	24390	83800bbb4082be85714c5e140836316b8f94ba56e69567f95ea29b193dcb2550
client/ios/resources/dat/battle/teach/TeachBullet.dat	11866	bcd63c6748f510c801af7669f6b7af567573d1f9b86236c2576293804f1ed63b
client/ios/resources/dat/battle/teach/TeachChatDialog.dat	6836	78f0ae5072c9e94c5c414771dd9ec2d7445dd6cb7fae4bec439c4c89a3eb3a91
client/ios/resources/dat/battle/teach/TeachHero.dat	22190	25b918ff016e8f5b930668107a70aafac351739e1c7d2556a07756c6a5f7fd70
client/ios/resources/dat/battle/teach/TeachMonster.dat	32979	14a517bc90190fe118d8e18195ea11f09f70bbee58699a251ab4c0c109e9dc6e
client/ios/resources/dat/battle/teach/TeachMonsterAI.dat	28329	6abee2aace1e084d477464f5b109f76894782ee498dfc5af932c318108909309
client/ios/resources/dat/battle/teach/TeachShoot.dat	8677	16bf5cea8336082f3a913577416ce92905ccc063420fa42feee5aeae1912704a
client/ios/resources/dat/battle/teach/WndTeachBattleHud.dat	13894	9ec232906a5b4f8225df6ee9237385adbfc381eb2578205c68a38404345a3743
client/ios/resources/dat/battle/teach/WndTeachBattleHudData.dat	1678	cae5b221211cb73f41a0225a7c99c6e789805119791031539fa0ebb99dddf263
client/ios/resources/dat/battle/teachBattleMsg/BattleMsgTeachStep4.dat	42613	86c79eb833c148dd964b2597d3925ab5b488bc4aba2e404be42905a8862069f7
client/ios/resources/dat/bless/CellBlessItem.dat	9295	07ea362a4ca32f088fc9cf09f5cee2fcb55b5377d64a57830e359b118e8d4163
client/ios/resources/dat/bless/CellBlessItemData.dat	4195	0bfa5e299e41c62754568eadf2c362d42ffe3adcb2f9f4659dee90b40048098a
client/ios/resources/dat/bless/CellBlessShop.dat	4246	93ae12e48459b07fd2a0c91487e970b9dfc22766834c0b98f840e2e81ef2bfa7
client/ios/resources/dat/bless/CellBlessShopData.dat	2475	2dea23890d1b90537608807f3ffb88fa9f66e3acb5ff124c63a7c87387e93a93
client/ios/resources/dat/bless/CellBlessedMen.dat	4349	d3204e1647d0fceaf266481024dc455efd7f8432eb7dfa1305bf15987cfd79f1
client/ios/resources/dat/bless/CellBlessedMenData.dat	2545	9246a4e7d0c89fbc33e95193a0e36edd6b578afff92a42635efc7c82dafcb463
client/ios/resources/dat/bless/CellEquipStore.dat	7167	62d86bcf0e259be9b0bb2ec834c1d0a2c58f11b18aee9af4f5d809765d16cef5
client/ios/resources/dat/bless/CellEquipStoreData.dat	2071	e28af1c7252af67085490aa21ed7d260fca75e02a19747b0bfceb199cb14b412
client/ios/resources/dat/bless/WndBless.dat	60976	304fee8fbb721465524b20277e464da2b0b1819c9cd18c5828b1aaf4cff0f2bd
client/ios/resources/dat/bless/WndBlessBag.dat	38117	27e19dc1a16c99f1cdb760c6eba320812669a20c98d66f625dcdd165637ca2c4
client/ios/resources/dat/bless/WndBlessBagData.dat	8892	e7bbc64dd2ea582804817fca33032242a651e030a20f5fb3cab40f11ca332bb3
client/ios/resources/dat/bless/WndBlessData.dat	9956	6832372706bdbba15346cd03743d2fd6e7055b5c3fb0ae4c6c3a5c92283bdb41
client/ios/resources/dat/bless/WndDevour.dat	27292	6c77e4d58363219b67b751ebcf00e5608cb71c889ba7e08fa758670e2e296f81
client/ios/resources/dat/bless/WndDevourData.dat	5474	e4232895528ae92db0e7ccce71affb7e835ea78369f4ee97110af73e078ec2eb
client/ios/resources/dat/bless/WndEquipReward.dat	1497	376a30f5c55f24b4974802a65008db7f69064cf53d0a473de704ef9ab6c405a7
client/ios/resources/dat/bless/WndEquipRewardData.dat	5225	42102d7d125a377c629bdc98758971738612c2552d8a035c66dc7d20cafc1080
client/ios/resources/dat/bless/WndEquipmentLottery.dat	55410	a2a853020d15931e80a7c0a4e0225d9f0d0b499be76a30776d3aa8fc6a00fadc
client/ios/resources/dat/bless/WndEquipmentLotteryData.dat	12753	24f1d8049034ded54713e8ca1e4b0ae7034f16b10406f6b5ed1d830d6b90b8f6
client/ios/resources/dat/bless/WndGoodsFull.dat	10377	a298d8872c54035a808d444c5f2ff08497a37048d8ddd5066310f92172b94b66
client/ios/resources/dat/bless/WndGoodsFullData.dat	1817	f04e5cd74444381ebc7009d4bdaa309afa93cf40151fc1aecc25b4a86468c2e2
client/ios/resources/dat/bossMap/CellCopyHallList.dat	6064	2035da5234920b2e431933f0c8e29fb1c6b606a9cc772358d4419c7f568253c7
client/ios/resources/dat/bossMap/CellCopyHallListData.dat	2740	8c6e616894f9bba9faa47414cd37eb201d535f7e1b2bc03a69ab9d9e7758b220
client/ios/resources/dat/bossMap/CellMultipleItem.dat	5234	3397e5d41ac11f53164823fd3a4ad8a34723bcf537ba6e48c9190ac8420b85af
client/ios/resources/dat/bossMap/CellMultipleItemData.dat	2761	4f672acb46b6bc51ff1b06898781d919337a967d872e043330ef63c7db6a57db
client/ios/resources/dat/bossMap/CellSingleItem.dat	5967	c62d3aa185d0b7e4cf6926746945b7e05ca363e9c5d0e29dccf3090d816e2678
client/ios/resources/dat/bossMap/CellSingleItemData.dat	2692	2219e124c0069000b4378daad62b1b4aa566c3f506a9b5b613b4d5930a1f087e
client/ios/resources/dat/bossMap/SceneBossRoom.dat	58461	720b53b93dc11ddac69cff3ccb24453c30bf015a00e97899778fc3f29f139e3f
client/ios/resources/dat/bossMap/SceneBossRoomData.dat	29616	2be600f3497f2a5f21eb65801b01bc58895efcc16445cd2341e597547c90dbd6
client/ios/resources/dat/bossMap/SceneThrowingEggs.dat	24551	78485ef456e9a2a10d1769a849dd3dd7c77afe6a3ca12bfbc3bbd0a854e4c589
client/ios/resources/dat/bossMap/SceneThrowingEggsData.dat	6231	c0df3f18a10e8a6d6c0e8c4b1cff63921cfa6be698647ad3cb0ef9516b3c3441
client/ios/resources/dat/bossMap/WndBossHall.dat	9968	cf32d5d08e7680f0578bb5658e904a00642648304be98cfa10f42d6b8a8816d0
client/ios/resources/dat/bossMap/WndBossHallData.dat	5032	f5cbf4ed9e8c08d425740d283f544c1ca0e0edd5a40258b29a2a06d1691da673
client/ios/resources/dat/bossMap/WndBuyActivity.dat	45592	29fd3bfb8465f394999df066429db0bb3017ec70c3cb5e27e4fe9a340c09a892
client/ios/resources/dat/bossMap/WndBuyActivityData.dat	13360	bb2492a6a62e1181680bec248e63603ebe3555ade7f8eab2d722029fa40c6782
client/ios/resources/dat/bossMap/WndBuyFiveAttention.dat	8871	8a4593eb0f514db1e5a7c88be4f9fdba948829b12b3801f07b33c0bc392816be
client/ios/resources/dat/bossMap/WndBuyFiveAttentionData.dat	3692	2f70a93a1ed915846f531c4db4c94f26f648456db16cd8bfe9f33513af19fc2c
client/ios/resources/dat/bossMap/WndChallengeLevel.dat	10948	2394c2e79e05818eb3eb05b745678a21cda00da31add544bcde3769633412e1b
client/ios/resources/dat/bossMap/WndChallengeLevelData.dat	4802	d67c082518615db0bf8586dccd92ef7f7a2f37277279b050b1cc194e3e26492f
client/ios/resources/dat/bossMap/WndFindRoom.dat	6802	5b356f60a1972deb1543b09b9a206fa28d3158c1e19daaeebf819ac39f273835
client/ios/resources/dat/bossMap/WndFindRoomData.dat	1617	50eafe3b229ea403602355a3618bc794c3b6862c99890859eccd1ee1847d2cf7
client/ios/resources/dat/bossMap/WndInvited.dat	13557	e6d458bb44adaa14843f39d86bddbd62f929c02b3b246278a668404ddae068a4
client/ios/resources/dat/bossMap/WndInvitedData.dat	1988	a9de72a14734d4c725d40737b32f4c676c56f639ef5223d0b9dd75c22bf9c44d
client/ios/resources/dat/bossMap/WndSingleMapDesc.dat	11301	62e350c01b48a70950581595dbff5dd7881f700e4d15a81e4e9a915ce2168159
client/ios/resources/dat/bossMap/WndSingleMapDescData.dat	2585	f28a27a1b4fca73537a09c6c75b1378e591dbe4be717e2d2463537e6c6c5b34c
client/ios/resources/dat/bossMap/WndSweep.dat	19024	ce04e1344e694d3cb9a765b0c68722bd603f05d168c9c104f62aa397b29ca9c5
client/ios/resources/dat/bossMap/WndSweepData.dat	3027	a74d4a4255c5dd3d9478957731752b409d97aa870e30067e745ab58c3f26d61c
client/ios/resources/dat/bottomMenu/CellAbout.dat	2200	f04d6d26241d36cf318a2a6fb3922a9ecc3c787ccb8ef4d7cd1ab932cbb6d213
client/ios/resources/dat/bottomMenu/CellAboutData.dat	2614	1c57358ed1534e7df96e79907275f4da5e6e2f559370a3bfcc1777ac885e8d22
client/ios/resources/dat/bottomMenu/CellDailyTask.dat	26654	2c7996713675dd378b9a85a1ee791a31fb22d3897a680f7664f9df6578805841
client/ios/resources/dat/bottomMenu/CellDailyTaskData.dat	2191	09b7bab998f1bf3257b156b522e72c3a37c5383316c330c1eb7d8bf9abbd4f9f
client/ios/resources/dat/bottomMenu/CellMailList.dat	7015	65f14186bef3d594cf3ad5217fe07c275a5115f103c210bb2a1592cebee191e9
client/ios/resources/dat/bottomMenu/CellMailListData.dat	2836	31b1799c79f9c76111a6205b25874bcda0f56d708a40c3d9bec4be8584560475
client/ios/resources/dat/bottomMenu/CellMsgItem.dat	33092	ca75ac9da5b055d7c1aa8ca68ba1731f018772c191f2d0cfaa9b1d75dbca5c01
client/ios/resources/dat/bottomMenu/CellMsgItemData.dat	2259	7b651d676bd86b1d5fbd41f55a112e1471dd0b8f17d586c02efb765faf3bda47
client/ios/resources/dat/bottomMenu/CellNearbyFriend.dat	9455	eaa1745f2b84b3699da0bfe10beaa30d3129b703f88d4e3860bd02fa73f13af0
client/ios/resources/dat/bottomMenu/CellNearbyFriendData.dat	5098	d20fb6b5274ca5d116fca1fc5d1a77abf47bc34923a9ad0bf6c574c90156514a
client/ios/resources/dat/bottomMenu/CellPageList.dat	2142	9edb7f1bf41e5c7d14f52cdf685bae49f4656b32c9152b3cdd06639412813dd8
client/ios/resources/dat/bottomMenu/CellPageListData.dat	2344	57eb5ca1da65c6e3221d7c9cf147bc0cc4b32a9a17adcade9bba10d1f67fe6d8
client/ios/resources/dat/bottomMenu/CellPrivateChatHead.dat	6868	c923e9abc730c4b875bf1601c99c4e8164e0028ed735eb449174adf779413fc8
client/ios/resources/dat/bottomMenu/CellPrivateChatHeadData.dat	3702	6275ae610ad4c8c1de80f89f1bb45ec5728c8f10a3bc10324539e6a54112d2ba
client/ios/resources/dat/bottomMenu/CellRechargeAndroid.dat	1783	8827dbde129dbce550cc5af8b9cd5215c1fd3b6d40c393c172ada36cded9aa2e
client/ios/resources/dat/bottomMenu/CellRechargeAndroidData.dat	2736	94d35b1ee7c186a616bfe1ef2957a3f97e8477d1abd84b6e54c5b80419e57f86
client/ios/resources/dat/bottomMenu/CellRechargeList.dat	4546	4c7c3b523a8541432d3c6123a3fa2426770d7b5e6accf1af1526997cbc392099
client/ios/resources/dat/bottomMenu/CellRechargeListData.dat	2793	c7f15ec5a73a684d09e69fd0fab8f4b382bfc6276ec4e68b3758deecc49ca634
client/ios/resources/dat/bottomMenu/CellRechargePar.dat	1621	cc8e8a01350d0d8ceb7d6abff0c5460b784b1f8637d490ab23eaae5f25b36cb0
client/ios/resources/dat/bottomMenu/CellRechargeParData.dat	2186	ea17c4115fa6bfdf63c46ef310df07bbc3a60674c3465c8ee09a3d9d6f9800b3
client/ios/resources/dat/bottomMenu/CellSetting.dat	2211	0c97210eba79e08d82df4ff867138015a5217568ece946adf547363f649541ab
client/ios/resources/dat/bottomMenu/CellSettingData.dat	2172	3f6962b2a7f18766ee9dfcd549d73d8640a0446b2ab18646ffdbf9eaff8c1e9f
client/ios/resources/dat/bottomMenu/CellTaskGoals.dat	2354	8761c38f1cc167aaa51a5557b0d734643bf47077a5273429f47aba2aeb8726f0
client/ios/resources/dat/bottomMenu/CellTaskGoalsData.dat	1726	5efe9694aa16b3c9415fc42a22327e75c7bb20a5362ca639dd5f0e2fa8c618f3
client/ios/resources/dat/bottomMenu/CellTaskListItem.dat	23905	bac81a5f7d9ff3dd41c9d599866d99a5313a1b92982a8635d8b497c69088bdc9
client/ios/resources/dat/bottomMenu/CellTaskListItemData.dat	3441	acb3d69c3afadaa911cc9f4e6a1831f681faf421b3787188f931dba821eaa0e9
client/ios/resources/dat/bottomMenu/CellTaskNameAndDesc.dat	3540	f1d381f8d16b90cf4c4678b52fbe0f4c3d1aee44c901e45833459198c1c0b783
client/ios/resources/dat/bottomMenu/CellTaskNameAndDescData.dat	1795	5ffa05825e9c27eaf8b21a7390e737d88eca44a3eacafa3e43558b9204a5bab6
client/ios/resources/dat/bottomMenu/CellTaskRewards.dat	9752	c74da173f4bc4e09eb1da3997c5f6fc34bfba2db0167bec6674978db5c23c439
client/ios/resources/dat/bottomMenu/CellTaskRewardsData.dat	2300	6f950757b9493a3350513b0da0a4d7ff8d6100492a633ce7d9bad29ec2521362
client/ios/resources/dat/bottomMenu/PushWeibo.dat	2116	cbd0931833646843277bf3a871a02b796edfbaa2d399a11a7532e91afbcec8f7
client/ios/resources/dat/bottomMenu/RoleGPS.dat	3339	4eac02fcd9a97875cae1d1e123b9f53af70c26c50e21d0eb57ab71242e19d81e
client/ios/resources/dat/bottomMenu/RolePhoto.dat	10012	6a2dbd101b60ba5745f138cd06bba0f280cb4c5dbdac3624caaf2d677aa174cb
client/ios/resources/dat/bottomMenu/WndChat.dat	121381	0f6f7aa77e5665f621cc33256ff8d00f1483d625829d54cd3e874f5f82c729aa
client/ios/resources/dat/bottomMenu/WndChatData.dat	67003	3195193f3fdc00a86ea08126edfc206ecfc0382e519f85ac25e67c9e8f567ad6
client/ios/resources/dat/bottomMenu/WndChatManager.dat	1262	263939b210e0ff0c6ff0e4943cba5a9cd5efc06d1f866f99d6b0acb49a0b2cdf
client/ios/resources/dat/bottomMenu/WndDownloadReward.dat	5229	a28e559574c9cd98202076a9a0f6ce1600b6995a157a0014a3fd4e88426c4993
client/ios/resources/dat/bottomMenu/WndDownloadRewardData.dat	2536	07c8e6b90b5206de24974444e8b6ac862767f432b7d6b1e65981dbfddaf13aa9
client/ios/resources/dat/bottomMenu/WndHelp.dat	4341	385ab4def735a5dc5337b7137632bba2994fe809d23eb8c3cfd25d31511fce5a
client/ios/resources/dat/bottomMenu/WndHelpData.dat	2043	69edd0f945974f01d4390876668d7e8d253e53fe17571d2ea69024235e7d501f
client/ios/resources/dat/bottomMenu/WndMail.dat	68969	3de8e685f631c5dda32bfb984147573ee66849f18756a7fbd944233822bd7a16
client/ios/resources/dat/bottomMenu/WndMailData.dat	4570	4fd8bb99dd1c2e556ff6879099fde5108d7ba1d8cc50786ab47931ef7c1c9062
client/ios/resources/dat/bottomMenu/WndMailInfo.dat	12467	d296aa9e503f05d432a31d4b4e947ab949b5b0fb3ad7335155407324555dc80d
client/ios/resources/dat/bottomMenu/WndMailInfoData.dat	5345	6be2b875de9a9e829286ecfb91d9a4cc3ee94c03f37632cc5ae2d897d71a1d60
client/ios/resources/dat/bottomMenu/WndRecharge.dat	25740	221737276439bcf6a6e0463e87665d3277527b6b0bebaaab928e73de7b05ce31
client/ios/resources/dat/bottomMenu/WndRechargeAndroid.dat	25752	ca8fd7992be127084796fe8227474dd4b84d53a6d9fffc577df627cf973e6d21
client/ios/resources/dat/bottomMenu/WndRechargeAndroidData.dat	16343	9df4971e02cfa06bff6756469a045e947453dcd2a6da4f76b59b2be19a17d4cd
client/ios/resources/dat/bottomMenu/WndRechargeData.dat	16252	a3ce921f3c20b0f3245f4fbe6726473cfce072cb09ee3ba38c90b5c46b17163a
client/ios/resources/dat/bottomMenu/WndRechargeDefault.dat	10755	b7202e45e7ca0d89a15eaea9bd5a3eb871abc8393f401d5c0a1a8ea41169a6e1
client/ios/resources/dat/bottomMenu/WndRechargeDefaultData.dat	5207	a8b15d280f8f34f02cb12833228e71539631c0908946013d61e65771da81a4c7
client/ios/resources/dat/bottomMenu/WndSpreeRewards.dat	4560	22416f06092d50835b306d57a06a3372f5719cfcd47c65bcf950a04d0d18e95c
client/ios/resources/dat/bottomMenu/WndSpreeRewardsData.dat	1991	e6d0a42a5c897836aec29c332835ed57161313caa7b7dab7f2c31d16ebc5497f
client/ios/resources/dat/bottomMenu/WndTask.dat	63233	1009b5e844486e610667641663050c6ea3719446226176c84aeddc3b7e1bc192
client/ios/resources/dat/bottomMenu/WndTaskData.dat	17555	d32919febbf71540287e10bf7db1176e78f3ee02821b9031e8dbc47a53264248
client/ios/resources/dat/bottomMenu/WndTaskRecharge.dat	3029	05dde223f603ec5fd3decb1458130c6ab2b53d6a8be611d4f4e063db93a1c4ec
client/ios/resources/dat/bottomMenu/WndTaskRechargeData.dat	1363	43e5414ebcac8e822eca4a5dad853e523b7dbc690cc85e07d94c1b637225e593
client/ios/resources/dat/bottomMenu/WndUpTaskRewards.dat	9072	4580f63963b284fb779c81426c18fbf5254534a15ffeba1132499741c2d1d21b
client/ios/resources/dat/bottomMenu/WndUpTaskRewardsData.dat	1795	b2e8a2c652d1ed1ee4dc031e71352f0640b7512dee17a42834d5948fa2c71693
client/ios/resources/dat/card/CellCardBoxItem.dat	4840	d07bc9b2a11102df2be0d0c9990949d4eca6e1dfc04a2313610857dbf7aa36e1
client/ios/resources/dat/card/CellCardBoxItemData.dat	2243	bd14e706ef7c71ef6ea8e7f9c4abf49ee871ae9e8ddbc4c31f5b64d546307d72
client/ios/resources/dat/card/CellCardItem.dat	8878	5d08965838741cfbb4d86b1b81c1d2f030aa433510b25d139566bcfe64a72eb0
client/ios/resources/dat/card/CellCardItemData.dat	3045	b91a0ec9246110484b3b45eeccc80dcff7bcc0bd12823d90498c38d7f0682743
client/ios/resources/dat/card/CellCardListItem.dat	2080	232eba6c45b9780c7db0b5199d469e153cb7a93710a768ed2486a71ecbacd33a
client/ios/resources/dat/card/CellCardListItemData.dat	2303	9c6fe39ecfe393a8808d25e74acc693681ca1b2a2b16e67f40856e906b5778e9
client/ios/resources/dat/card/CellCardListUnactive.dat	2262	f78b51c53ab0cf71adb8ed8f90dfc02021400d2f6cf22b344ee757475495c322
client/ios/resources/dat/card/CellCardListUnactiveData.dat	2357	a39ccce6d8d0945bb7e6efaa5d9d4f409136f1b5e913e6a803eaafb7d30191d1
client/ios/resources/dat/card/CellCardMark.dat	1566	f0ef12213ae9aa6d65bef8206038967208892df1d6b794b92c286971757d8d4d
client/ios/resources/dat/card/CellCardMarkData.dat	2379	81589f00664d9e293d44cfc2b212020e3196511aeadfbc849ca1862480089aa0
client/ios/resources/dat/card/CellCardShopItem.dat	9071	d04aa37b7631fdd31f6adf4ae6428ad0bb4031e5bf19d7e21ef358230b42ae43
client/ios/resources/dat/card/CellCardShopItemData.dat	2392	20bfa8c34464d20d261fde8e333645769cdbf0fcbc6df279e001c17e8465f3ce
client/ios/resources/dat/card/WndCard.dat	38326	57d8ebad7b5b42fb494e401986cfcd3c89e283f2717f2175cea71493143b431a
client/ios/resources/dat/card/WndCardData.dat	19869	33db9641ee01a69a3fa2b436b00f029448a334883c4cd52c045cf644a900c46b
client/ios/resources/dat/card/WndCardRewardShow.dat	8567	a3f2cf0a03cc73b5783f1fa5a858412bd178e34d0ffca843c16968249a71e804
client/ios/resources/dat/card/WndCardRewardShowData.dat	2692	1d0f22d3bef0a12753b38b5a81a83692bf1ba935d862e52fbf2cc4161df7d26d
client/ios/resources/dat/card/WndOpenCardBox.dat	18740	cbcfc316c923f9a1c9cd668779eb9ccc4eab920f2146b66535e72321d6e3818a
client/ios/resources/dat/card/WndOpenCardBoxData.dat	3677	b19dc6243d94ecd0c91b7276b6e7555b546f95b393e9c97abc503fe8349abbb5
client/ios/resources/dat/charmSpace/CellCharmRank.dat	4220	0346da2937502c5f10e5db67ec43a89cd3792f2abe1781467d55f8b43d911f9f
client/ios/resources/dat/charmSpace/CellCharmRankData.dat	3273	b5ef9379a6a2797467df03a726439e7c3557b24108dacb1824270f84cf8689ce
client/ios/resources/dat/charmSpace/CellCharmRecommend.dat	3958	1f02a544c1c737856b7a9ab00334fff9bf6f526ee4661ae1915af65a346deefd
client/ios/resources/dat/charmSpace/CellCharmRecommendData.dat	2374	802d029b98ffa8e403bb5b9f1cfcc6b35a00e61f2fe1a4c18a391cf758d72efe
client/ios/resources/dat/charmSpace/CellCharmReward.dat	4083	9c6ed6dbcdb0ee2d01dfe2b2f413d6d34743ad40350ebd5a02793019d7b89ea3
client/ios/resources/dat/charmSpace/CellCharmRewardData.dat	2488	3e4819f600d4066afebd9c951030a845e9ac43d3f66ac7c538eda671cefc1c11
client/ios/resources/dat/charmSpace/CellDressGoodSeat.dat	7614	e28b821ddaa8be0ad4f6c0ebb77a62a2a6f0361b581c66b9e70b633f0eac38a6
client/ios/resources/dat/charmSpace/CellDressGoodSeatData.dat	3116	9f556944df7bdf0817f4a1b01a2c04f259d4adfefe2607bfab7b13b5fa1db79e
client/ios/resources/dat/charmSpace/WndCharmSpace.dat	59698	b3fd8702061cf16440bd9884aeca5071d2f6d15c9337a14bd95b443087faff6d
client/ios/resources/dat/charmSpace/WndCharmSpaceData.dat	19164	75f0f839654c9aabae0596660b275980f68db3944e2833c8745b0c310c51b52a
client/ios/resources/dat/city/CellTrainingReward.dat	52853	de68a5f52bbe17e8d0660a778d1944f12245c7e803f6be147d9c872ee65cea42
client/ios/resources/dat/city/CellTrainingRewardData.dat	7810	678505634b91c7877629df73ed0d743563ec2fc20a681f6386af70f29380cc96
client/ios/resources/dat/city/CellTrainingRewardList.dat	5028	a9d97124ae7d797a8d96f573e966df896031bb4228db29370dc9209527d099f3
client/ios/resources/dat/city/CellTrainingRewardListData.dat	2113	7c82817a4015c61e5ea02fcb1898efb518a1945a3babf9483b6237fa997f50e9
client/ios/resources/dat/city/Figure.dat	70023	84ff06d2b2d4c80d94698389be4ece9614f71abf9b43a815403fbe5751ed02ac
client/ios/resources/dat/city/FigureSceneManager.dat	47420	1f3853245983275f36fac73ec27ca8f58189bf5e872c167ff94371442ea66123
client/ios/resources/dat/city/SceneCity.dat	180166	aa19c34a00510fb6f58d38c74bc82253aa3884c7d11d5176287ea12ac76562c3
client/ios/resources/dat/city/SceneCityData.dat	11477	db84658d590c8a3fc92827ad7166325e187cf6a5ab1b617edc7bbfda21c1f9d2
client/ios/resources/dat/city/WndBottomBar.dat	56581	ff568bd0d15cd5769a862bdf687461db5f58bb147dd923e1f65f771ad4628d78
client/ios/resources/dat/city/WndBottomBarData.dat	3465	82efba5ea839faaf545d477c6201481a762ff8541f454b65936f75967401766d
client/ios/resources/dat/city/WndCityBottomBar.dat	68286	e40fd30f9ed10decef1f9f992d88c0ea259f552ec97bfe7fec808bea69bfa55b
client/ios/resources/dat/city/WndCityBottomBarData.dat	3551	c4ddfea92f7c48fe9c7f384d4e3bb02a8a71031b4c0d065a65f10e1a7f2c93b3
client/ios/resources/dat/city/WndOwnCity.dat	104285	83112634ff43cdf5ea8e71278e9d2aa6052de1bc5856bd9c761015c71f861ce0
client/ios/resources/dat/city/WndOwnCityData.dat	10648	773870aece11b1e5d73aadb2d9cd2ba8385aa05420a3ced942f1a6b98df0fb44
client/ios/resources/dat/city/WndSummonEntrance.dat	6646	9ad234f44a3fc812855beb5dc6cb22840c9301af9a50bce15b08d92e986674a3
client/ios/resources/dat/city/WndSummonEntranceData.dat	1748	208639e3160a5f665c6a58035009c058e070bcd46e21bc96c5ef3ffece7f6e50
client/ios/resources/dat/city/WndTrainingCamp.dat	3220	1ee24eb00edbe6ede61d60b0d4ae3cadf8bf9442b89093a0a7ee5e5f48ee55a7
client/ios/resources/dat/city/WndTrainingCampData.dat	3466	2d9d9e10a6027b267fbb71fa5430dafb30907e5d22860abe734ab3b6f7785db3
client/ios/resources/dat/community/CellCommunityAppoint.dat	13868	f16fb94387b312449a0e1aef52a08e0d7eccab8befef9271797f1da5a16907fc
client/ios/resources/dat/community/CellCommunityAppointData.dat	2236	7a6c456c0dbc063a96b93164c287bc6cf3966a7ab7027efb39516f5457ca2ee7
client/ios/resources/dat/community/CellCommunityCheckDonate.dat	8059	ff50e6e818554beab0b72f6155b0a696370df0e4ea68eee6f320e00d8ac88481
client/ios/resources/dat/community/CellCommunityCheckDonateData.dat	2095	04519c503089062c60244176389330a71b5345f2f9490842bc670efcbb522acc
client/ios/resources/dat/community/CellCommunityCopyRank.dat	3427	7928bd06f99b219ba415e5655a54bab82c1b3a8cd6ca6613a71b669eccc76ead
client/ios/resources/dat/community/CellCommunityCopyRankData.dat	2222	255875f65b834ed08965b9e72436e14763200992044ca18e4e0114ec89125336
client/ios/resources/dat/community/CellCommunityDonate.dat	3705	e2a327803bbeb05f769dd8760dada4df94fbcfb90a1fe5e0533a255cb6199f62
client/ios/resources/dat/community/CellCommunityDonateData.dat	2365	7bc0c7e50f5ba2bfa8ddcab8ae968b26009d77493cbe6395d84e3ffaad6119a8
client/ios/resources/dat/community/CellCommunityInfo.dat	5659	3d30c5ba09a11646e753340c19bd4a1e74f57fd42598bcc2dbf36c5aa3b0e1e1
client/ios/resources/dat/community/CellCommunityInfoData.dat	2136	07a689aeec8c99dbaf916e6343df1739e59a50d61c3d43bd99f305d8affbd713
client/ios/resources/dat/community/CellCommunityInfoList.dat	3723	6329f9c24a28888d7e6f84c01342edc56a61105d20dac6c0e6153340dda6a1bd
client/ios/resources/dat/community/CellCommunityInfoListData.dat	2357	0a03b07703f07e7f5273da2080f2b936277f5fb7225bc669d047d743f05c4d99
client/ios/resources/dat/community/CellCommunityList.dat	9239	9a238ff43da0d7cf5b43cd239219096b2d31c5de59a8b4579096fb9736cb1573
client/ios/resources/dat/community/CellCommunityListData.dat	2726	13ef5f959fb5ed0fd93f0ce5aa56d0db3daff96747039b8e62f8241c11d5d783
client/ios/resources/dat/community/CellCommunityMemberList.dat	11993	833d7e143fddcd719eccb59b3175788c5b6f2ef8915dedd68d3852b0efb61441
client/ios/resources/dat/community/CellCommunityMemberListData.dat	5713	de94656b7995dde5eee85db327d52963f4cf058797830bb236dbe8d0c221f6db
client/ios/resources/dat/community/CellCommunityMonthCard.dat	2425	bdfbe780d2d7c3489a2f0f77d7910f34a895334d58d40bc3c29837b39d2e575b
client/ios/resources/dat/community/CellCommunityMonthCardData.dat	1910	240b1246af5b2a7c907d8bbb7383acd4099639e4c950c8b2d88782d76f73e07a
client/ios/resources/dat/community/CellCommunityRank.dat	5723	2682185cc8a31ea0f8e7d21a24f233d7a7f1d5ace594c7a6d8f6d2266fefd42e
client/ios/resources/dat/community/CellCommunityRankData.dat	1908	6935d2cca27a90c24982dde266c9fe6e3b64ce20672ae790649d680daff5881d
client/ios/resources/dat/community/CellCommunityRemove.dat	11909	8aa4c2586eb37a7027a26cfa60278220b24b029d6d98b2c5fe73434e1ec062c7
client/ios/resources/dat/community/CellCommunityRemoveData.dat	4738	cbb58879224c213caa2bfef0629834088742e0023a312093c9a12d8090da8160
client/ios/resources/dat/community/CellCommunityShop.dat	9648	71c7904860d720020d1e86776358448066915c598472bfb7e4eb6c567f9a073f
client/ios/resources/dat/community/CellCommunityShopData.dat	2192	5dd8de311ef964ca8e1749627ea294771eee156f662ec9320b542ee3fba468dc
client/ios/resources/dat/community/CellCommunityTask.dat	2063	0bf446bd54dc5bfac05bc822b105e7aa9a76d5bf606feddd3a8035e1f3bed30b
client/ios/resources/dat/community/CellCommunityTaskData.dat	1818	1506b8ad86d208dcbbabb042e36fd80b1fb89ba6638ca01ba2ef73cdc05520f6
client/ios/resources/dat/community/CellCommunityTaskRelease.dat	6149	ebe5318c1b91204e00740a09be37c7fbc8828f95e45baa0bb013e53461194b84
client/ios/resources/dat/community/CellCommunityTaskReleaseData.dat	2066	bc18d855874b9c6acc1aa04de44b2fa35879d3b80a39681f16f2b16e0adf6a2a
client/ios/resources/dat/community/CellCommunityTaskReward.dat	2612	508f715081366b649f925170418c9c5fd99f6420e947f47128ea1178b551f922
client/ios/resources/dat/community/CellCommunityTaskRewardData.dat	1884	b9abe9cb1679912a585e8406d25aebf214b57e2761c0112786951429daf4e801
client/ios/resources/dat/community/CellRecruitList.dat	5073	7916a43ce7d4aa5b3c19cfb402b9ac26c6d3f7274ac5bad0efcdd3feeb68d570
client/ios/resources/dat/community/CellRecruitListData.dat	3269	21e6052e27d824cc07b0fdb9aae87631a8661a59adc89f0284670ef8145f4c46
client/ios/resources/dat/community/SceneCommunity.dat	41072	85e3164de7cafcca2bf1345a61b5aede919d52528ecc0dcfe15e4df6ffd5f0a3
client/ios/resources/dat/community/SceneCommunityData.dat	8096	a13c4825368c452ed691594bf4b9427dcc6f0abceb3a6fc4bccd8fda13d4bd79
client/ios/resources/dat/community/SceneCommunityMain.dat	37579	66c9fd978adbc16bb8c31ad9c5dc933017203751899d5ff29009cca489133cf7
client/ios/resources/dat/community/SceneCommunityMainData.dat	6712	e7cb84cc385d0b4f7f8ee9cfa8cf56ad28471db2a4260a13fe676d04d6a8a9d6
client/ios/resources/dat/community/SceneCommunityShop.dat	10743	afa0343ea10253558a46ae9c5b042e09b1734723deae01c845cee8d434ab4634
client/ios/resources/dat/community/SceneCommunityShopData.dat	2924	d453430b5096c79306b81aa0508b9415c4546f2923ca3c20f8753a25fa8f5d2f
client/ios/resources/dat/community/SceneCommunitySkill.dat	16057	9898746d2315bc16e266d2b67b4cc38e0028cda2eb4a7d724e4d4d7935cc4048
client/ios/resources/dat/community/SceneCommunitySkillData.dat	2735	65e1042bf26338c0c0423405de0d253ba0aceba379ad66330eac6d180b56cff4
client/ios/resources/dat/community/SceneCommunityTotem.dat	12874	13df411d792b7e2bca5a1d05749bd951c822043c5b3400ca5898c3efef03bcde
client/ios/resources/dat/community/SceneCommunityTotemData.dat	1426	b13b02f4d3e92915fe1f7864785e8d5adfae325c06e1f579456b1a34edf1140d
client/ios/resources/dat/community/SceneMemberList.dat	63128	978fa4dea3ebe7200c77e031317c42f6b83c0da629a2cb1e70fc5f4e31e8e341
client/ios/resources/dat/community/SceneMemberListData.dat	26806	139af4b41ce43c5dd0e73fe47bfb75d55518fb845c4f2a2f689414da076a69ad
client/ios/resources/dat/community/WndCommunityAppoint.dat	11382	2d53164a2d4da6c60500b17b19e91a43aeb23329b6d1b05fe1bede2b7291a9c3
client/ios/resources/dat/community/WndCommunityAppointData.dat	1722	0b60d2a3f7fabd0d88be788c1f1c68847040e9b502771dc99d4bb71c09f9d435
client/ios/resources/dat/community/WndCommunityCheckDonate.dat	6235	9f1a60c1fa55cad157bda88386d3609d1b90598842e8e27bdc7115e97ccaa868
client/ios/resources/dat/community/WndCommunityCheckDonateData.dat	3199	20d6d31cc53e6dcb5f53196d58d1423812c174afab618f822f2a5d362008a101
client/ios/resources/dat/community/WndCommunityCopyRank.dat	7092	60f7c0db3504db71d5cb0c455f2f4741a15d7e130f3f35997ef6d923f794b656
client/ios/resources/dat/community/WndCommunityCopyRankData.dat	2704	7171e99775db78ea1daf540b3f0f20baec4fe7898aae7573eca349181c8ad349
client/ios/resources/dat/community/WndCommunityDonate.dat	4552	c547ae07c5d65405421126505c33779fff8ad0078cd6695b281a7d746bb100b3
client/ios/resources/dat/community/WndCommunityDonateData.dat	1402	6f1e647693e3bcb20906047d069b5939d0aa9da9336d4fcaaa45220412776026
client/ios/resources/dat/community/WndCommunityHall.dat	8486	9d8e294cb951131179b950fdf3f2f9835cbbca7aedc9efce76c6830ab52f1c03
client/ios/resources/dat/community/WndCommunityHallData.dat	4065	36c54771bd0735a90b063c3ede8eebacc976ef534070bdc11ae475ea6379c89e
client/ios/resources/dat/community/WndCommunityInfo.dat	9383	80984e69176a38ef708c683f8a0f44ad2123b599d30b973765d12cdd23be6e5e
client/ios/resources/dat/community/WndCommunityInfoData.dat	5610	45bd4c2636b2268813784edfb56c5f3ff353b97d54b18614e620630e8947c547
client/ios/resources/dat/community/WndCommunityLog.dat	14075	66c98f36ca01fb695c9264071b88b18e187cc731f69c075a62ccaed67a911127
client/ios/resources/dat/community/WndCommunityLogData.dat	4447	f3e50ccfa1a811d9cf8e1f1a9625622fcceb4d8f48d484f1570b17d1c8dbea47
client/ios/resources/dat/community/WndCommunityMonthCard.dat	4226	d077dea62d372e95aee70dc7624543ae6c0a7763b08f61fd8e6b05f0ce5833c1
client/ios/resources/dat/community/WndCommunityMonthCardData.dat	2033	093936e2d9737e7f518570308f6e458f77923071acd49517438b1b602c0122d3
client/ios/resources/dat/community/WndCommunityPopContent.dat	13655	344f6793c35bf3d046fcb94d26ee0438186b3f379ca952238a551a8a198873bf
client/ios/resources/dat/community/WndCommunityPopContentData.dat	2683	72c6bc3f934ef5cfeb547817a02c4f1cd3cd5c6e63b45bd19055303a799d2368
client/ios/resources/dat/community/WndCommunityRank.dat	11326	7d2f39f0ba54db8c06c475ad7d5e8750ec1fea01c88f60b5e02311a96b1fd880
client/ios/resources/dat/community/WndCommunityRankData.dat	3495	31473738ad82f93e8aec3bb3776e356b4b1f96371cd4b14c9c2befce3eda503b
client/ios/resources/dat/community/WndCommunityRemove.dat	9368	d298ce22e656435fac747bb296b9e15ab8f346e89157f44900637acdd6e4c194
client/ios/resources/dat/community/WndCommunityRemoveData.dat	1550	3e0e691256a7ecaae756119d105da045738338466fb908a7873e4f8dc98a61f5
client/ios/resources/dat/community/WndCommunityTask.dat	10004	288a28f0be90c81747b425f830d2b119c2ff1cd5b1e7124d32ed5b0ea921677e
client/ios/resources/dat/community/WndCommunityTaskData.dat	5309	cbdc7d1a47a1c9b8bffb8e59892068f0d1e310fe3ac223b660dd717accfae445
client/ios/resources/dat/community/WndCommunityTaskRelease.dat	20300	934840d8e7e18b58f09b9a20e57d1320591afd6eae19106faaa6db964f1d758f
client/ios/resources/dat/community/WndCommunityTaskReleaseData.dat	2219	1db078c73bcad2692f075ece93ea215acd613724082e5f565bb9e158bdf251ee
client/ios/resources/dat/community/WndCommunityUpgrade.dat	8278	69ab2681bf0f50c69d21290663df4e3464189c46b3da865f2a3d6e6409334bdb
client/ios/resources/dat/community/WndCommunityUpgradeData.dat	1692	3fb1c29cd2935a25bb948adc166ee2190aa986baf22adce5cee91a2da46b864d
client/ios/resources/dat/community/WndCreateCommunity.dat	5880	ac6b06d93df2499e63479001a9998bf44200ed1f2d9315e778524a9dbbdefa34
client/ios/resources/dat/community/WndCreateCommunityData.dat	2074	27f17e18abadef83a166784864a10d9073d05d365f33ba208c00b9282a9dd97b
client/ios/resources/dat/community/WndDismissCommunity.dat	14165	1b67836437f225a3f59a4d67f33dd24908d69483f57cf2c8a6537886a3ec1af3
client/ios/resources/dat/community/WndDismissCommunityData.dat	4564	eed178a5438d8931a7662b1f6f6d54bb4d3ce5da0c0c9a6e4993bb486efa9451
client/ios/resources/dat/community/WndImpeach.dat	5142	25b7c0e19855bde5a9efd307abdbf5f3a628e8422e67cfaed518272a65d08b48
client/ios/resources/dat/community/WndImpeachData.dat	1664	d5515cfd23c7a0b39963f89ed13505efee1301103672163d1be955e1caf805ae
client/ios/resources/dat/community/WndRecruit.dat	13745	b30618d7f3455e8787c7398a3c18651d1b556701b2988396b44a2f51b8372b97
client/ios/resources/dat/community/WndRecruitData.dat	2675	26f5f4c6d85b32b3f8c3809b6f482f3f36dfba67e720671d9ea2bb4ec24d1493
client/ios/resources/dat/community/WndSetEnemyCommunity.dat	10589	07269b1f20e374fae59289ecbe737e46b004b375ceb91a221f31fdaab8142fbb
client/ios/resources/dat/community/WndSetEnemyCommunityData.dat	1402	ac5e6b63617cedf126e099645aa00b3a6b43fdbe86ff3418a1e4273191c3da4d
client/ios/resources/dat/community/bossWar/CellCommunityBossInspire.dat	1679	7bfc44fac68f8d5499d9806de04254aafd80d2936585df2a655200b9de2f99ba
client/ios/resources/dat/community/bossWar/CellCommunityBossInspireData.dat	1967	c7f22b03753c74f8d3de2a4359db62acea3d0858b54d2989e55f8a45a87e3751
client/ios/resources/dat/community/bossWar/CellCommunityBossWarRank.dat	3736	2ea220632c415bea9d31406f033659cf9d43dd128bee6fb0407dae50b55a89d6
client/ios/resources/dat/community/bossWar/CellCommunityBossWarRankData.dat	1967	28f506240f7119825b56babb715b1f628d2f8151d53a4fea110a0df26a7d41c5
client/ios/resources/dat/community/bossWar/SceneCommunityBossInfo.dat	13998	02e68ef3b65cfe3edc743c13517be1bec28b52663be1de2d275145684139f654
client/ios/resources/dat/community/bossWar/SceneCommunityBossInfoData.dat	2961	b79d4afcb349672a70b7c906f88e301644bd4249020139cfab7ac88db1435f20
client/ios/resources/dat/community/bossWar/SceneCommunityCopy.dat	24879	5b9723b720441acdabf163ee10e44bcdf349dfec870026165bb956375215370d
client/ios/resources/dat/community/bossWar/SceneCommunityCopyData.dat	4832	61684ec9f38600188a4178da5b6a590a4b3b605f5bfc81d4463a2673b8abd6f5
client/ios/resources/dat/community/bossWar/WndCommunityBossInspire.dat	9239	327d5ed75201950d5644e673e254f3f7794646acb94f5bc5df697447f7dd0b63
client/ios/resources/dat/community/bossWar/WndCommunityBossInspireData.dat	1982	f0f58d2c1249faf3d89aba29123db822c6214ad7e7ac7a64d71801c59b29f0a8
client/ios/resources/dat/community/bossWar/WndCommunityBossWarRank.dat	4816	4ac9e88338819e0319ad372dc67966e3dc013fca9d5719837f2665aa54eedc7c
client/ios/resources/dat/community/bossWar/WndCommunityBossWarRankData.dat	3231	11d013592702b9a7dd71a658b28c37f6b2743ddb8f37c666117a9d6858b0b5e6
client/ios/resources/dat/copy/CopyManager.dat	5197	55dfacda908aeb455efbe057d60a02f4e4f6c04bc0e097b6f557ff51192b95e8
client/ios/resources/dat/copy/SceneCopy.dat	11869	ac187147328af64d8cfe1fd983b20dc4e42f838663083ad89a265f1b5c3b550a
client/ios/resources/dat/copy/SceneCopyData.dat	7337	dce4e56c0350d89a7f50eb274d363105dc88406126166f5dc6caa747183b9417
client/ios/resources/dat/copy/SceneCopyTurnCard.dat	3139	da6696084e5e751bdb4bd30c13500d31eace643c64028006c92385d4f8423cbd
client/ios/resources/dat/copy/SceneCopyTurnCardData.dat	1480	82dee5408cedea03e9e0c446ff1632b5094ed2a94d3dc2385d27b579b9297548
client/ios/resources/dat/copy/WndBossRoomSetting.dat	5898	505690536e76db0eb7148fa0e94c1f5ca516bb4c27569f562cd03ffe2693f499
client/ios/resources/dat/copy/WndBossRoomSettingData.dat	2226	0b3d18360c434108deedddd808344674bcc59b2da25a5203f7429f14681445c7
client/ios/resources/dat/copy/WndCopyEntry.dat	6504	a4e07f0a05e7398a1d40ad69848e3089dc6f3dbca6d66ec527bcebad63c9b580
client/ios/resources/dat/copy/WndCopyEntryData.dat	1328	85eb3b06372dc9c7d429695759d3ff35b1183c7a0cf8812ceca380513f30de65
client/ios/resources/dat/copy/WndSweepResult.dat	10266	4c424f004d18b6e097ee5e05f5d37b19aa1e88af3602e3ad78dcf0127401adca
client/ios/resources/dat/copy/WndSweepResultData.dat	7489	848fcbea1e214a4f07a3ff008c83a2d90ff7bc5252d6ad182f109e4e5fb9e70e
client/ios/resources/dat/copy/arena/CellArenaInfo.dat	4429	b41e995b6e828631d12c6266bfaaaaffa73952ad5b1c20248b422563e2ccede0
client/ios/resources/dat/copy/arena/CellArenaInfoData.dat	2015	f9cc52b8a695ef297e687849a415459e98d973e20b5ad0cc973ebe54aae1b9e5
client/ios/resources/dat/copy/arena/CellArenaWinFightResult.dat	7956	0c4885fefb1417969bae26273698ad0ac15609261be21504772d4a7d3e2d86e4
client/ios/resources/dat/copy/arena/CellArenaWinFightResultData.dat	2461	d92ad3e8770d7fe84b35c85b3c9ff4cc96c449e7b5585280e0bb37d72dd820d0
client/ios/resources/dat/copy/arena/CellArenaWinRankIcon.dat	9708	35f17cbfe3c5ba0c36109a60ecbb90e40309b3cb1c2e5ea0a53e8228a9d989d3
client/ios/resources/dat/copy/arena/CellArenaWinRankIconData.dat	4059	a039f536880bc14f6a37fe36517e594a463b7f63db4cc4eee53d93b8100c8d04
client/ios/resources/dat/copy/arena/WndArenaLose.dat	12286	1e02004c5a8b857b4b43c1632cef86b1b1e331dd3eca4cab36ef81347e9bd924
client/ios/resources/dat/copy/arena/WndArenaLoseData.dat	8900	d213709752215fff98ae011fa96f4d4b9e1fde19c5bb7234ca19de7ddec7ac9f
client/ios/resources/dat/copy/arena/WndArenaWin.dat	13201	23c81fba41e04b9fd1bb34136893b508ed49d1479e62a5170af346d3d3de4254
client/ios/resources/dat/copy/arena/WndArenaWinData.dat	8684	61251461c21053b962840e68970f09869dfb9afea290cd129d4ff8b7dda78ff6
client/ios/resources/dat/copy/arena/WndArenaWinNew.dat	54027	402dc1c6e55998bddecb7a10909dc406c4efe1cbeacc159fd5e4c549d146081d
client/ios/resources/dat/copy/arena/WndArenaWinNewData.dat	10406	e5dccfc6ba69161f66c27e21d06b659d47a7324d95e94d7c8620ba52371c462e
client/ios/resources/dat/copy/athMelee/SceneAthMelee.dat	17509	9bbcc22fffe591c9d372a030ebca9d7185a689df53026114025b6e53de0e201f
client/ios/resources/dat/copy/athMelee/SceneAthMeleeData.dat	6093	a6355619ce724415a4530ce4635f53c4fe5ba82f89aa085f18f601c3c5054d63
client/ios/resources/dat/copy/communityBoss/WndCommunityBossEnd.dat	3710	0a18463c57379de4528835c67eec780e03f4ee9a833803117d76081bdd93efeb
client/ios/resources/dat/copy/communityBoss/WndCommunityBossEndData.dat	1497	b96a16c551a863c14164e52198ae763c1e9288bbefd72a09dfe5a7f3b7399a64
client/ios/resources/dat/copy/communityBoss/WndCommunityBossWin.dat	11042	b37f4ab57e9b10daa684b8ef8b3c6b9f2d5eb2dbc0167adaaf58672ace3f596f
client/ios/resources/dat/copy/communityBoss/WndCommunityBossWinData.dat	2106	3453db92f78d7a2a5b143334ea3d4b594b3808c4703c17c7c3d64adfab712671
client/ios/resources/dat/copy/daily/CellDailyCopy.dat	5424	e771769edbb9052b5ecc7a49fba409b4df2519370588e4fd2f0a2e493a706f52
client/ios/resources/dat/copy/daily/CellDailyCopyData.dat	2330	08def0f66b05c5ad776f0b499d0443fc7431cff63672658ada12db0df7e2dd62
client/ios/resources/dat/copy/daily/WndDailyCopy.dat	20327	8140e589298e458745d3b1c3b8f05f4d95208bd7eff28b281f1152b3826c91f0
client/ios/resources/dat/copy/daily/WndDailyCopyData.dat	6883	b85ca5d25dc91c4b9a01d30f4682e7c5f16a5bb1bfd2d11643491e95c7b1369a
client/ios/resources/dat/copy/daily/WndDailyCopySettlement.dat	19713	038017471289711d9ba92f17c27dce345e10297719111fe1e6bd9013299afc8f
client/ios/resources/dat/copy/daily/WndDailyCopySettlementData.dat	5172	2c0f83377b428fe4ff746a38f93a14465186646b3878ab3efde9fb45961c375a
client/ios/resources/dat/copy/marry/CellMarryCopySeat.dat	10779	d6cb5496c3aa5a9bc2fc82746ffe4c45124ab0cb8fa2f0553ff76e439df41f2a
client/ios/resources/dat/copy/marry/CellMarryCopySeatData.dat	1960	4392d53165745e099c7e1c1dca1051112612b97f1e5a383d35899513da0d9740
client/ios/resources/dat/copy/marry/SceneMarryCopy.dat	23055	fb238c35ae754fc0fd047f311f33eedea0affda98d9cb2d2d0202729fb57831f
client/ios/resources/dat/copy/marry/SceneMarryCopyData.dat	11838	3bf24da3dd0d1698d2d8b66dbc4e450bdccc0272f6f14e936ca4ccc94abce898
client/ios/resources/dat/copy/multiple/CellDropList.dat	2657	631bd358b82e6ed236daac23aeaba5bdac4073a8368c7e32418873db1fcb89cf
client/ios/resources/dat/copy/multiple/CellDropListData.dat	2119	7cbce1f40899781e89ccdd8dd332c1f86b1f5dfeb2949936e76cddaddfd6e5bf
client/ios/resources/dat/copy/multiple/CellMultiCopyList.dat	5878	d0bc9475031e462b6e02f2b8f9afd035b1343030b2835318e39ebeab7db80126
client/ios/resources/dat/copy/multiple/CellMultiCopyListData.dat	2866	52edb21cc67f46e4105298035f273b1f414bfca95200ba8cd1bbab626c51520b
client/ios/resources/dat/copy/multiple/CellMultiCopySettlement.dat	9879	12bcddf90bbb09d0d19b6e3b9295ec4e3e8a8db5a7b75bf799e2cef39dbf6fdb
client/ios/resources/dat/copy/multiple/CellMultiCopySettlementData.dat	2704	721706ded1d1a713406d4ac635936f7818d9aa7cda078a96abe98a332048406e
client/ios/resources/dat/copy/multiple/CellMultiVideo.dat	5042	0e5653f76b2ad7e0def01686743486be3ea2bbd61217a6010f0ee8a332b0ddd3
client/ios/resources/dat/copy/multiple/CellMultiVideoData.dat	1932	ce3e94d47e9cf8194178ebd508dfa826896be40896c9ab07ffed9a59f062c54a
client/ios/resources/dat/copy/multiple/CellSettlementCard.dat	10223	fda7fea4b22d05709d4dd512f0f6b6cc2a50b59000fa5c62eb8081edbc9022ca
client/ios/resources/dat/copy/multiple/CellSettlementCardData.dat	3223	517832fb507ff4020d3e3aeafc90321a2927dc133321c3663ec0ff615cef4094
client/ios/resources/dat/copy/multiple/WndMultiCopy.dat	23905	93e9b9e941bcbf584d248ff1318070756ca6eebf47c51ecc5b1e07a0a63a50fc
client/ios/resources/dat/copy/multiple/WndMultiCopyData.dat	10788	3005775168f012e58efd52b88c905de0f009b55b283718074952f9af8f280e79
client/ios/resources/dat/copy/multiple/WndMultiLose.dat	6975	baca54ed0cd1546ad079a8a9f77f9b2f8fda78a8fe7ef525233aaf1299d87756
client/ios/resources/dat/copy/multiple/WndMultiLoseData.dat	4472	655dae3b6372c725632565b6a0348ca7672066a309ffeb90c4e196ae588dfbc9
client/ios/resources/dat/copy/multiple/WndMultiWin.dat	20963	0e3839fa37cabbe5be81521d95094103f91b1265280f27df6f8b971a975e20c4
client/ios/resources/dat/copy/multiple/WndMultiWinData.dat	9246	c100654d41101566e3ba47b9705fb81d88e2a3337252669d47df2ace3d1c69cd
client/ios/resources/dat/copy/multiple/WndTeamCopySweep.dat	19741	ed2232e1974780356273cc5a863ecc5b6b94dc2883c5b2efd116679f6c0ae800
client/ios/resources/dat/copy/multiple/WndTeamCopySweepData.dat	4523	c5dbf9199275a954932773717c70e71a46a7855be6de54cac7e7aa7cb8f1b57f
client/ios/resources/dat/copy/pvpRank/CellPvpRank.dat	3691	001dd82f511a7d0054ca131e2dad6725a614fc53ec3c885144478f3c4c272a1b
client/ios/resources/dat/copy/pvpRank/CellPvpRankData.dat	1942	9e2a5fde5ec7986e51241c7901a0cca4f44cfecda290434f174bf3fb3a7da19a
client/ios/resources/dat/copy/pvpRank/CellPvpRankKingLog.dat	2867	b1104a71cff45462d4818a44b75771a862ebf9177747a4649d6c21c32448c9f7
client/ios/resources/dat/copy/pvpRank/CellPvpRankKingLogData.dat	2002	335c553bf78a77368031fbf147d8b4b2c61e90feca114b0f64315469c36266ec
client/ios/resources/dat/copy/pvpRank/CellPvpRankList.dat	5010	71febbb5218bc74048017d46ccdc83702e3359a82be49fb2f3100cf69ee8840b
client/ios/resources/dat/copy/pvpRank/CellPvpRankListData.dat	2251	5d161ab4ccd2648f80dfd0641df4e04576474b4921f08f73e9d48ebd55fe81bc
client/ios/resources/dat/copy/pvpRank/CellPvpRankLog.dat	3911	a3da09ddcaf55d8630d647b7d6781902c261a9c1f379a231e6390529e7b920e8
client/ios/resources/dat/copy/pvpRank/CellPvpRankLogData.dat	2180	83d756c70654fae901c36f5efebce8be1f3694ad29031a5d48a308922381455a
client/ios/resources/dat/copy/pvpRank/CellPvpRankResult.dat	11792	0eb3301d8d686eb0045d300d08cd372dee8d7a0ba539eadc7bb01b295ace0b50
client/ios/resources/dat/copy/pvpRank/CellPvpRankResultData.dat	2305	2b9c498881e38e46c0e419d74a0f1a473291ab786e9b49f3219bf9cf6298ca33
client/ios/resources/dat/copy/pvpRank/CellPvpRankReward.dat	4411	04e6bb47ec8315da4e08c9ecc680d399c99015c30d397ed005bec3eb5defd9b5
client/ios/resources/dat/copy/pvpRank/CellPvpRankRewardData.dat	2422	e84a43717a970930498f5fc09f9176531a8e9b9b3cc2bfad1bdc8c9b1d3d1d0b
client/ios/resources/dat/copy/pvpRank/CellPvpRankSegment.dat	2434	b9ef03bbaa8e7a577937d9df46b8c21e9da29e89e76bc1bf2c0a150b2d25b48a
client/ios/resources/dat/copy/pvpRank/CellPvpRankSegmentData.dat	2329	e157ccc32b9ada5f3260b5ff3bf505a4c9db8803eabdb81337ba1445b95a85e2
client/ios/resources/dat/copy/pvpRank/ScenePvpRank.dat	31833	94f48eff892f5c639dc7e09e34951fe4fb1202d252ca984be5a0fab87b87b6ca
client/ios/resources/dat/copy/pvpRank/ScenePvpRankData.dat	4794	4cda53935186ab1e44153b191de65ae0dafd14f291b7dbda1fed5f5c9acc2fb9
client/ios/resources/dat/copy/pvpRank/WndPvpMatchRank.dat	10685	2ec60a9f0d5449c9cadba497494f0ff6840ede8208ee87a7d6a87bdfe0b0e84a
client/ios/resources/dat/copy/pvpRank/WndPvpMatchRankData.dat	5881	99895d41a663bbd1f714ef95f9d7bd842b5d5e456c6905a90ee08222d766f892
client/ios/resources/dat/copy/pvpRank/WndPvpRankKing.dat	9653	302e6648c8b67b7c57bd0a7a07940971d5808c3be3045ed899f368830ab203c0
client/ios/resources/dat/copy/pvpRank/WndPvpRankKingData.dat	4476	67d49944047ae0f36d75d510034edff74d15fba92b37503b1e7f320311120002
client/ios/resources/dat/copy/pvpRank/WndPvpRankList.dat	10268	85c59f1f003b04d35376bc5e71b997198062ff53f25385eb761f316ec5658af2
client/ios/resources/dat/copy/pvpRank/WndPvpRankListData.dat	5430	b51cacefb1bd4a6923b82b874c0172f06c2f10ce24ac0d28be3a3820c1debf7d
client/ios/resources/dat/copy/pvpRank/WndPvpRankLog.dat	2314	09af29c1c406661f32041fb4421577008300c35d0cee80aeab8454cfb6d2f398
client/ios/resources/dat/copy/pvpRank/WndPvpRankLogData.dat	2114	f75593f3710b6082a8fbed7f9e5f92555deb466e66a684142b81767934b7ad9b
client/ios/resources/dat/copy/pvpRank/WndPvpRankLose.dat	3141	0035b0b5094f84d8694d6a93d60913e3fe7b7784271017ce1a582172a6d867a7
client/ios/resources/dat/copy/pvpRank/WndPvpRankLoseData.dat	1485	67aaca040d85843da2badc094447c3283701c37a7facad36492ea11fb2edde19
client/ios/resources/dat/copy/pvpRank/WndPvpRankResult.dat	3842	92cbfdedbf681cf4d459838358607af6556ba7d40672409089d3a255f7e6f537
client/ios/resources/dat/copy/pvpRank/WndPvpRankResultData.dat	1938	fd907068a132f168f8e07c1accb1a5f01094b0f0979d17f39711e6fe3144d78d
client/ios/resources/dat/copy/pvpRank/WndPvpRankUpgrade.dat	7809	4d3a5f94861fc5470fe50683156413e9ec5a9c60b4b25eea82a5d3bc9825ca4e
client/ios/resources/dat/copy/pvpRank/WndPvpRankUpgradeData.dat	2399	74223d2fc98b5a03ac3245e66cb3104f0abfd27dfae883da959a5068bb766957
client/ios/resources/dat/copy/pvpRank/WndPvpRankWin.dat	4774	2b65a1f62de5273f7e7af68555452ee29023f402b50a26d865d5c2624b9e756a
client/ios/resources/dat/copy/pvpRank/WndPvpRankWinData.dat	1455	e594995bf12b794697eed040e6720639471e0d0f9fee965087896f6a0e0cb4b2
client/ios/resources/dat/copy/pvpRank/WndPvpSegmentReward.dat	3106	d7a0c98beba2b7264dfaf967f4dbef22e698079867549aafc1c8a0c0e27bb881
client/ios/resources/dat/copy/pvpRank/WndPvpSegmentRewardData.dat	2080	dc17810ba7d9088269c6b604a843e19d818525c45d97f58d55984668db783f50
client/ios/resources/dat/copy/single/CellSingleCopyLevel.dat	6584	2b97dc47d563045eb53f276066e46fc5e46a7916475bd79b3cfe245f888a5de2
client/ios/resources/dat/copy/single/CellSingleCopyLevelData.dat	5589	4cd949a5f8f94a0fca2ca3a75505d8f64805e48dd0cf5440f6467f6adb9dc867
client/ios/resources/dat/copy/single/CellSingleCopySectionItem.dat	1884	857059b9d35b5846477204e0da0399ea79ed0dd873684c43a34e23551e5f49fe
client/ios/resources/dat/copy/single/CellSingleCopySectionItemData.dat	2282	87cb540c69050cc92b75b13f162c71a0433a52e1f57c8755226a01cb494dacb2
client/ios/resources/dat/copy/single/WndSingleCopy.dat	61195	41e83f61ab5b8e4ac99dd10187d75727274df5dcd32b23a4de88b66f0517a938
client/ios/resources/dat/copy/single/WndSingleCopyData.dat	52324	c81b3c24fd98c70b1d04816d60690b93da24c192b465f6ce973464ac354c3690
client/ios/resources/dat/copy/single/WndSingleCopyInfo.dat	57170	c0ef0aa9c47b257c311b4919abc5a915515374358aadc7525daa84fe5eab92c1
client/ios/resources/dat/copy/single/WndSingleCopyInfoData.dat	15161	30eb05b9d7917ed4225fd93e17a2396037a89f4e2fb6a61720b54b6d8b22d0de
client/ios/resources/dat/copy/single/WndSingleCopyMyIsland.dat	6562	3871e6653643dd3d3164fbbc32b7c2300394af8926b29735299a87ee09f4bdb7
client/ios/resources/dat/copy/single/WndSingleCopyMyIslandData.dat	2091	7d99ad7348e7b6073b96fac05ad8d558e0a5711f85db23ba855969c1a1965556
client/ios/resources/dat/copy/single/WndSingleCopySettlement.dat	27397	3efac96c63458257316f21874b02c3e35300da034d3eb258bf4c0e1a859a0a09
client/ios/resources/dat/copy/single/WndSingleCopySettlementData.dat	4883	f3f42dbb69763fcf235c940df6b9b2168df1940b80ef86afeb3db2c8a0d5ccb9
client/ios/resources/dat/copy/tower/CellTowerPreview.dat	3195	4f0e013a7a85226819f8ab17cb445346de153ffafc52da9494b030f148fae95c
client/ios/resources/dat/copy/tower/CellTowerPreviewData.dat	2111	7d3fb97afba3ff5b31f5d9a0b14a0f4b944dee203f3f8dde60501bd646f178fd
client/ios/resources/dat/copy/tower/CellTowerRank.dat	4131	3aaf91247b60026080e93fd162f0802b0ec8fa085cd18b87a588b3bb7c982532
client/ios/resources/dat/copy/tower/CellTowerRankData.dat	2298	27319ad7500f4c8c1fa1eaf0628da15f9fe786c72acd633068b3f4bd564992f8
client/ios/resources/dat/copy/tower/CellTowerRewardTip.dat	4230	9f134f3b425c5d47163a7c74b3d4b2ce701c01ab301941aaaaa48df004917c6d
client/ios/resources/dat/copy/tower/CellTowerRewardTipData.dat	2613	b6c9cde4292e90df2ee7fde5c27d05ac72e616c8bcb08f202080b12889e9de08
client/ios/resources/dat/copy/tower/CellTowerStageTip.dat	1541	a08c98a46746e8f7d941a24a9c4e9e218e7110e2984c10dc842545d9ad445f16
client/ios/resources/dat/copy/tower/CellTowerStageTipData.dat	2057	71c394658648f8cf51545e20378a72de0c6977e0d3cc1c56426038e1c94d8256
client/ios/resources/dat/copy/tower/WndTowerPreview.dat	6403	41f4d90a28e6eab4d219b490ad97d04f064f959c723b2f5dbd9cbf768adf7b55
client/ios/resources/dat/copy/tower/WndTowerPreviewData.dat	1953	7e1c9c9848a74527154e62da5d66ed9833b32d2e2d464745104a01fa1b210d1e
client/ios/resources/dat/copy/tower/WndTowerRank.dat	6853	d2c466418079e287520268fb5f0a17f7895313f6cc39d6701bbe9880eb6cb17a
client/ios/resources/dat/copy/tower/WndTowerRankData.dat	3847	f17ea65a23ab5db0d090636f900f848afb8c25a93b6e55673e13ad60eb1f07ad
client/ios/resources/dat/copy/tower/WndTowerScroll.dat	100825	2c95613c202f8e051ef860a892b5efe13fd99b7f4e267a2643ce788e52d1ad05
client/ios/resources/dat/copy/tower/WndTowerScrollData.dat	32376	9e681151955641da5740d77335288d95d1a681d999b7042da1c1dc0ead28dcd0
client/ios/resources/dat/copy/tower/WndTowerSettlement.dat	20873	6432ed837610834e4243f3c4d89703e2ef185e54cec4d801e6c1c9fbe3bf5f88
client/ios/resources/dat/copy/tower/WndTowerSettlementData.dat	5644	b358d01ef0a00ae1a69a0f0cc680d85240f9e2ea20b1fe957e6f71597163b65c
client/ios/resources/dat/copy/tower/WndTowerSweepResult.dat	5287	7a736aec39f795d993e2357dd8cc1c71b8f63c5453214faee359279fa4de2edc
client/ios/resources/dat/copy/tower/WndTowerSweepResultData.dat	3070	a58bffecd4fc8456bc1771980c03f13a6b9666947f6b7d0ec6b47acd6223f603
client/ios/resources/dat/copy/worldBoss/CellRankItemWorldBoss.dat	2491	c70b7049e028b4d3b7bd4a2f06674f8c25c32e2eac80e396538322aaa283eb85
client/ios/resources/dat/copy/worldBoss/CellRankItemWorldBossData.dat	2363	6246a266da11fd82c065881bcf3e6549f95571a78dafaff870285fe5ff8ded9d
client/ios/resources/dat/copy/worldBoss/CellWorldBossRankRewardItem.dat	3257	992ff010e7d8aa34b96693c2cddb8bdd29d89bdaadcc1dbe00bbf5762847cb5f
client/ios/resources/dat/copy/worldBoss/CellWorldBossRankRewardItemData.dat	2454	05a9a54f205b4aef48b121393454cea40bf0f269b7aa5fecf3711d6468705429
client/ios/resources/dat/copy/worldBoss/SceneWorldBoss.dat	24014	342356640f93e721f3e6a980f3932ca240c8029d8274ad4b9627976716cc20c9
client/ios/resources/dat/copy/worldBoss/SceneWorldBossData.dat	10512	35c3d47d43f3e4df40f47eaf52c10972a252d9f1d87c26e8b3c9fd72ca22d4ff
client/ios/resources/dat/copy/worldBoss/WndWorldBoss.dat	7780	0cba590dc0378af773d3e89cb9bbfa3861bac11b7bf612588254a43e486f3364
client/ios/resources/dat/copy/worldBoss/WndWorldBossData.dat	1990	57f141a54d7183990b187254c359cc0e81424624762ea3dc572cd4a25de3ad05
client/ios/resources/dat/copy/worldBoss/WndWorldBossEnd.dat	6229	212f2e91dbfc24aa63ca58fe5fab6a272984a0d0f3ce9176170e8db197281481
client/ios/resources/dat/copy/worldBoss/WndWorldBossEndData.dat	1578	068ea1ca3c0deb87ea0ac18b0534ee60f53bba1a612874a11d63ceb5de67711f
client/ios/resources/dat/copy/worldBoss/WndWorldBossEndReward.dat	15438	931fdb5f9d484476aeb3d0b4ba38974dea7ef50eac776a2680064f019d5a1fbd
client/ios/resources/dat/copy/worldBoss/WndWorldBossEndRewardData.dat	3482	3b70c316be72c0ff8eb7f46bcea0c8c711377b33fb1119a9323c863168d8bfd4
client/ios/resources/dat/copy/worldBoss/WndWorldBossRankReward.dat	4407	f0a9adef49ca24d5d94220fda80a758e30640e244870845391ec1d7f4a672136
client/ios/resources/dat/copy/worldBoss/WndWorldBossRankRewardData.dat	2275	4a8a90ab283dc6b824ce47f93be2bcaaf657f2c0ecff257e05b1cd4ef26279af
client/ios/resources/dat/copy/worldBoss/WndWorldBossRule.dat	2970	dd85b4afba127c025055924449db7e01e2dfaa654e0b02dddcfab7a862b438d8
client/ios/resources/dat/copy/worldBoss/WndWorldBossRuleData.dat	2413	1198239f87065ddd8c5b083eab6d259aad377a3384d9b8749f26a6b6481a5b7b
client/ios/resources/dat/copy/worldteamboss/CellWorldTeamBossList.dat	9002	e087c75d925d829dfcc1790cbe4e174daddd62404caae6d9061651f4860fc783
client/ios/resources/dat/copy/worldteamboss/CellWorldTeamBossListData.dat	2144	c28e9275c537cd3596db163a9aee9f51cf92fe455457190f86982649f1fbfb67
client/ios/resources/dat/copy/worldteamboss/SceneWorldTeamBoss.dat	34211	d1a59448cea9d6393e231dcb60a059c38fbbed67ef77da4efa84f777cf08564c
client/ios/resources/dat/copy/worldteamboss/SceneWorldTeamBossData.dat	14192	0590b856af95ef71c5afe85fd1fa8996ef628854b64a1b624de67d5d7fee8080
client/ios/resources/dat/copy/worldteamboss/SceneWorldTeamBossRoom.dat	56525	2e4b5500bff8a807d11bded99d700c31f91fb24076b248ebb5b32b0966951524
client/ios/resources/dat/copy/worldteamboss/SceneWorldTeamBossRoomData.dat	29679	48ef3c9ffa537902ad35b377a5db77a04c4cc93f2a7eb7c4a40dca764402975f
client/ios/resources/dat/copy/worldteamboss/WndWorldTeamBossEnd.dat	6662	aedd4a972f3d1889260d27025236f215d5ce1202d2828015ec8e6248158c540b
client/ios/resources/dat/copy/worldteamboss/WndWorldTeamBossEndData.dat	3566	8148bd24b1ba43410973c7bdd4879eb9f78b1ad217de11127b17d084966aeab2
client/ios/resources/dat/copy/worldteamboss/WndWorldTeamBossInfoView.dat	6089	db39be9dd6dff179b9fc38e907ce72c4f7f20afed3f5bdbe090a63fe3078ec3f
client/ios/resources/dat/copy/worldteamboss/WndWorldTeamBossInfoViewData.dat	2266	3b6afa3ffd3bb8b4649af1f3a6e3258f50ae2475df86e677561a3caf3f24d526
client/ios/resources/dat/digGem/CellDigGemLog.dat	3247	19e7cc03c693d69674b8fd98dd3eb252f82e466ec069dcac4e40f26b73189c52
client/ios/resources/dat/digGem/CellDigGemLogData.dat	1949	2ae5729dc78191f53b9b5cd862738e956d5510bc7c6ef5c437221c4bd7c04faa
client/ios/resources/dat/digGem/CellGemTool.dat	4234	103fb3d5ba42900c5a1cf53f78c056f843759c82e64139bf754fb5f0add9afce
client/ios/resources/dat/digGem/CellGemToolData.dat	1933	614e09edca2cc6d96de3df1f9856af1f0b6f2b67b0bd13a2b6c5d1e10efb40f9
client/ios/resources/dat/digGem/WndDigGem.dat	23391	78bc5316b69d4f7b3f4a8a66b52211261dbaca1a135def11c24999530e408bca
client/ios/resources/dat/digGem/WndDigGemData.dat	19599	d846ab6cf660e663598dc2e89f36f2c282231ea5612efcd411ddc1526c1b6dff
client/ios/resources/dat/digGem/WndGemAppraise.dat	12237	6182bf42322c6dd06143ebe9ee3d523d6a5ba37280199301333fe776c9e0e7bf
client/ios/resources/dat/digGem/WndGemAppraiseData.dat	8635	9ceb727b84fd28b9bbbcc7c2f29fa24807d39a02bc5a138ec98b9e39d50289fb
client/ios/resources/dat/digGem/WndGemLibrary.dat	9124	c9a1dcd95beb8b954defbe674da923d47581c342c65b55545be3cb83c545c339
client/ios/resources/dat/digGem/WndGemLibraryData.dat	3122	b00ec67ff93ba387e63c33ae86d93ca108a201f2844c7a4abed1ff6af95ab1fd
client/ios/resources/dat/digGem/WndGemTool.dat	3089	8c42810dbdb320e704e50e145957e3989459b825eb3c64c9736112a017999757
client/ios/resources/dat/digGem/WndGemToolData.dat	1970	ae3958c1cc53594ab6c7317826d380726757162363df7dded4a59f6a829e56ba
client/ios/resources/dat/digGem/transaction/CellTransactionBagItem.dat	11224	a36ed8bb000b5559f9a4c5219b2fc03c27f7069b397a659284489f822c4c2aa9
client/ios/resources/dat/digGem/transaction/CellTransactionBagItemData.dat	2005	36ca6c934c60ac27dfe0282f1465bdbb38cf7789f906474ee54d76e301bcd032
client/ios/resources/dat/digGem/transaction/CellTransactionItem.dat	8006	3d99f8bed306d3d415d2b38fc917a9c30d2871c819a921e4ba451ef644da0c60
client/ios/resources/dat/digGem/transaction/CellTransactionItemData.dat	1972	8e5786e4d751677780701a7cbe5b83a868399774628cfc5f59ebe0cbd179068d
client/ios/resources/dat/digGem/transaction/CellTransactionLog.dat	1855	5bff5997ac3d775e35bbd6e63a99da4cc48286422fc0bae35892f875e86afb59
client/ios/resources/dat/digGem/transaction/CellTransactionLogData.dat	1919	48f673c77692cf6dde78acedc0e9546ecfcf8ca03b31205b89f50a74e2aef7d8
client/ios/resources/dat/digGem/transaction/CellTransactionOnSaleItem.dat	11828	9e4dd6e09b34915ea425d43c3fe34677868a4c11e1f46a279e76db8f61b820de
client/ios/resources/dat/digGem/transaction/CellTransactionOnSaleItemData.dat	2038	95fbc14ff5779f0ada503284951540b8e4f09cc1440ba72332d2bebbb524c36e
client/ios/resources/dat/digGem/transaction/CellTransactionTab1.dat	2947	c2be988ed18d444762d24b52920beff248898d005ab53321cfab39f083ad2b50
client/ios/resources/dat/digGem/transaction/CellTransactionTab1Data.dat	1882	4bdb5faaf751eca7cb0208dd534c4f90492709ba37ec2ac8046e4a24d7fb1477
client/ios/resources/dat/digGem/transaction/CellTransactionTab2.dat	2708	32be9c3a2fb0c4a4cdbab210aa6de3ed4aed1fbcc693d2c9e67db1e38a74bcc3
client/ios/resources/dat/digGem/transaction/CellTransactionTab2Data.dat	1882	a85ae6bd8eab60ad920c75541eaf1f12032a45c2bb59c26db17a58d47260ea95
client/ios/resources/dat/digGem/transaction/CellTransactionTab3.dat	2349	fd3fdd74bed52ae8c2c0972bce0695080841628ce502cab6000eb006e57b34e4
client/ios/resources/dat/digGem/transaction/CellTransactionTab3Data.dat	1882	ffe551095754a04e483ad6c058c10a04a1a8929688767f897dec371ea045c28a
client/ios/resources/dat/digGem/transaction/WndTransaction.dat	23081	0313e0b58a5a59c290102cc93c75862dd0ba0353923d2c8ceab91d7f722f6b66
client/ios/resources/dat/digGem/transaction/WndTransactionData.dat	5717	ba5de625cdb24258bbca3947887f47385dd7e57bb6c5d752b2f44d38bc15c27f
client/ios/resources/dat/digGem/transaction/WndTransactionOperate.dat	13870	bb79d96958104b11ad7bb5480d56d4d31b07f07ec5faf543e16f20eb9b5b8a5a
client/ios/resources/dat/digGem/transaction/WndTransactionOperateData.dat	1437	d1054f52745dfd55196f996c8eab53f4c30e3c7815dca58c4320db63ec9e6574
client/ios/resources/dat/family/CellFamilyBuilding.dat	58101	c2353adc21ebe43404b845dec238517b921520994bd7632fbcc35bdf93af6cf2
client/ios/resources/dat/family/CellFamilyBuildingData.dat	2678	ee866613e3dee042ae98c5c3b99dfaf3e2ad65b1accf5a7a82b2b7b4d8ab318b
client/ios/resources/dat/family/CellFamilyBuildingLawn.dat	4865	e5445128dc9a51e9773d65fbad09bf87b5dd6f27c0eadd657b7cd3d6440cab41
client/ios/resources/dat/family/CellFamilyBuildingLawnData.dat	2051	8bc0863d81123dc3160b4de6bc2943e8c430778590f3eb7b0de897f36ef3e913
client/ios/resources/dat/family/CellFamilyPetHead.dat	4793	29e075b9f548e05d29a0490d9cc4c545267c3e903add9ceb310aa88ed80c70eb
client/ios/resources/dat/family/CellFamilyPetHeadData.dat	2498	7c0e48307e1aa5d3b449518ce943565f0c6f93e0a177f1202445c8c6fc437b10
client/ios/resources/dat/family/CellFamilyRank.dat	5462	b9c15bb32db22783e76a99eaecd8997a4d891e7c0c1c523c5ad09c06d654be15
client/ios/resources/dat/family/CellFamilyRankData.dat	2191	53ad9dff6e6a2bc9e4913fdc6f947ee1591a5715efde8ae8bf441d3ebdf36ea0
client/ios/resources/dat/family/CellFamilyRankNew.dat	6051	efc6ecaf333e244d97152af208634ffe651db6902c4790baf93973edacb6044e
client/ios/resources/dat/family/CellFamilyRankNewData.dat	2035	2521aa8b97dc93d00566e35d992ddb0a368ae1db67b3a193f24612ec4acab965
client/ios/resources/dat/family/CellFamilyShop.dat	13709	87822c3f51a81aac1c8c8ab378f24ab07aae4da217f285a22f39dd4fcbe0522e
client/ios/resources/dat/family/CellFamilyShopData.dat	1826	fdaefbad37afb012ae3094af974caf5dcd2adc4dc23888b2232728fbbe26226c
client/ios/resources/dat/family/CellFamilyWorker.dat	9203	93a8ee575c8cf0defae736542ae469614d03e5b57a5ed42ebdb1e7fb2357016f
client/ios/resources/dat/family/CellFamilyWorkerData.dat	2580	79b7184655ee5b7932571bffc8f2ed25fdb19401762e8ad6cb5e4d0d6a7d0207
client/ios/resources/dat/family/SceneFamily.dat	37388	2c8f104d5c9dfcca950f1e30e317d8c742765ba3a3527bb23895e4d85fbc4a45
client/ios/resources/dat/family/SceneFamilyData.dat	47192	5e8c9b6b6f325860bf4b4ff90e091301ee062c40faf05a23952a0cb3fdf724d8
client/ios/resources/dat/family/WndBuildingInfo.dat	10365	65d8b8f9d38a754fc37c36e774aefedc3d30c6720511230eada07d600a5be1a5
client/ios/resources/dat/family/WndBuildingInfoData.dat	2011	348a96a1fdab44be02887f6588f85d0ea57bbbc0b038f7409d66463cea480c93
client/ios/resources/dat/family/WndBuildingUpgrade.dat	20618	cf16dc486395a4805b27902b23f12f3a2458f63715373cb412e1dfe8d7604961
client/ios/resources/dat/family/WndBuildingUpgradeData.dat	1907	2ba16b899fbb23244db36a2ad34ebed35cff57c147267fcb5011cd3683a7741d
client/ios/resources/dat/family/WndCreateFamily.dat	2863	982b6d6b910aa60ea070718c1920662055ffb79812ed134e6213971a18fbe992
client/ios/resources/dat/family/WndCreateFamilyData.dat	1933	9d0c1f5ec5055cd946a70d10a316f82968b5b3ae271a345838f81fed3ffb1ff2
client/ios/resources/dat/family/WndFamilyOperate.dat	49313	6231dab5a2a247e328c56f15b4714e374e244810419df11a7cf969a9a176abb8
client/ios/resources/dat/family/WndFamilyOperateData.dat	3345	abe9c7bae26cff9709e507bad5a61c4d8d0d1d1c31cc95b3237f6fc1c0a8096f
client/ios/resources/dat/family/WndFamilyProduce.dat	31601	e3ca21164e00195c1492b384cf499e17e27ed435ec09da5bb99c696c279aa784
client/ios/resources/dat/family/WndFamilyProduceData.dat	10885	632306c2839de04c876e18e61b3a65d89aa76acd3c66e6b166f73f50cfb8136b
client/ios/resources/dat/family/WndFamilyProtectLog.dat	4955	328392f38a26454b0ed71ae2dcb9ef9b8fd5f03b49fea0d6861a996b3ced5c0c
client/ios/resources/dat/family/WndFamilyProtectLogData.dat	4048	e79965c161a28e47e252592a32a09e08d9a684350ad9064b29fca50cd1af26e6
client/ios/resources/dat/family/WndFamilyRank.dat	13460	76bf03e2ea1986292be72671c8e6e9ac80edef2c07c2261c950fd4dda5405b0a
client/ios/resources/dat/family/WndFamilyRankData.dat	2867	b5bd460dc8da2c0b8552a4b87d0ec23f912865db0f0749447e6b5e888d520442
client/ios/resources/dat/family/WndFamilyShop.dat	6825	503278d0d657a1a8481b37bb4037b7aab74680477ad5a0e3f6641c6dc2e62f61
client/ios/resources/dat/family/WndFamilyShopData.dat	2144	4b21e4a86a7ef79629a4aa1231e59d700978dc193a5dbb0e0148a9c1f32adb49
client/ios/resources/dat/family/WndFamilyTrain.dat	19040	a7674ccbfa0930f967271aa540527b78835fb36b0a9f11ce2aa00a83552aace8
client/ios/resources/dat/family/WndFamilyTrainData.dat	6265	fe9c1e85902daefed27c0c4ed29a83eae0a73ddcb56de4e88d5a6233497c83ae
client/ios/resources/dat/footmark/CellFootMark.dat	15893	2deea910ef35b22667c8d31060f9cc1ab7250b2c6874042545ef7fcaa3a81d9b
client/ios/resources/dat/footmark/CellFootMarkData.dat	2165	0809b184a4e704efd869797e21e33426a93acf1df17440fb8f3763a43a3c138f
client/ios/resources/dat/footmark/WndFootMark.dat	24959	6a2ef8506bfb6faf237362b5021bbea16b07889dfcf82ea635fe6b20562d2958
client/ios/resources/dat/footmark/WndFootMarkActive.dat	4979	90efd4f6181848c8c32cb62dbc5e76419d732efe2346e648d3638ec309190b41
client/ios/resources/dat/footmark/WndFootMarkActiveData.dat	2434	e4319a368301416cdbacff91f571c02b588fa656c5717c98e964ca01d49ff021
client/ios/resources/dat/footmark/WndFootMarkData.dat	9880	672751f9eb893ffad48794ec03ba0d9def9f1d1ec1b4e7a48b33344641be6b07
client/ios/resources/dat/footmark/WndFootMarkUpgrade.dat	53602	7b0585bda81e98b8661fdde9f710af757d81082fac30e43ea1fdc0cce8a703f3
client/ios/resources/dat/footmark/WndFootMarkUpgradeData.dat	3632	6055d071f1c87e1689cdd28a55b41f7b89e97bd2fb10c172e9d61c7c5c400c33
client/ios/resources/dat/friend/CellDynamic.dat	13312	1fabd3f53eca45ed91b8d5965958f700cc136d7d266bceaa40ed3e9c16117cee
client/ios/resources/dat/friend/CellDynamicData.dat	2854	58db4f91d7e5681c20ea147ad140bf7633191451e8ca778c64f7878e6198c0df
client/ios/resources/dat/friend/CellFriendBlacklist.dat	4227	f0c1ad686e2497d10cee87e5f95d7bedc1b730a6d5a9451f17cfba3de0c1693a
client/ios/resources/dat/friend/CellFriendBlacklistData.dat	2311	0eb999a82715248d92cf5e0ff316f2b68dba092d4eebb07b9f60833032aa9875
client/ios/resources/dat/friend/CellFriendInvite.dat	4360	40c8f3e0a7811e7c92cc45f28600232850e809ba11bbd787ea70dcc9d5473455
client/ios/resources/dat/friend/CellFriendInviteData.dat	2005	b502ef56216e60f4e607d11e0f00a3532cb8114a6a8e5ec0442b18e67f7dddd5
client/ios/resources/dat/friend/CellFriendInviteTask.dat	5901	591d8a273556c1e7a1bfa734bd186fafe1d548fcd9ba208528b80708fe9f8c45
client/ios/resources/dat/friend/CellFriendInviteTaskData.dat	2362	c13be6a789750f063e7a8df998b5b0be6f01f1c8caa58f443337bf58e81af69a
client/ios/resources/dat/friend/CellFriendList.dat	10647	dc090f27cd32c89a8d7996376967609466ede0cff674200ba0e7861953ee9472
client/ios/resources/dat/friend/CellFriendListData.dat	3128	3b65fbe904f387961101e6b8887cb2cf338f80f97147b39e11af4659cace35b1
client/ios/resources/dat/friend/CellFriends.dat	19014	118774a7d244c1b6f488aa2b36d574865a890740303c8e738baa5ddfe4fbb937
client/ios/resources/dat/friend/CellFriendsData.dat	2731	8ba8e092127d028433bdf22d684fa6affc2e70d7ec0525ced59337a0567f04c9
client/ios/resources/dat/friend/CellMarryFriend.dat	5556	ec33de59818533b5a7fdd442d79db8c4514f97ea36893ff29216a30a8f9c498d
client/ios/resources/dat/friend/CellMarryFriendData.dat	2699	95ec2f4ab1da5d6ca5e66050aa85b65d39049e2d59e32c1a1ec1cd705a0d62f5
client/ios/resources/dat/friend/CellOnlineHintFriend.dat	5981	de6f6b2bc4d8940a3d8d82385959d14f0f3c8a2f0a4efdb785295ae3dbdc589a
client/ios/resources/dat/friend/CellOnlineHintFriendData.dat	2451	d587cf7e6f18bd19fdf2800c97ef4509a20fe9a9afa84613d81323e6519a4c29
client/ios/resources/dat/friend/CellRelation.dat	4686	6ad13abc34a4e7f82107b6658f3cfe96b6b347439c682e3112e7752f84e9af5b
client/ios/resources/dat/friend/CellRelationData.dat	3183	21aed6b499f7ac8103dc0b60083161dbd90563a49f2851328bccfb7a655b07c1
client/ios/resources/dat/friend/WndFriendGift.dat	7137	f2ab906c618736ceefe1ebd4ee9bda985750ae27d8ede2820832bc973901ed0d
client/ios/resources/dat/friend/WndFriendGiftData.dat	2805	9ce26367dba7531f56ddea1cd8ce82e537a2a086a2f9f04927a0fe08672b886d
client/ios/resources/dat/friend/WndFriendInviteCode.dat	10219	c15f8ce7cdd90330cbc08bad5ac3b6b42a1d1b7e4f014c9873f77d599198c9d5
client/ios/resources/dat/friend/WndFriendInviteCodeData.dat	3298	b80169405bdeec4e5efb7322bdc4a470837c93b75d2cd1eb94a1a9ca843e798f
client/ios/resources/dat/friend/WndFriendList.dat	14873	44119da3dd61dd2c21c1ddfbd247f1f6ef6106b4ff90de42bb15498ad4e04446
client/ios/resources/dat/friend/WndFriendListData.dat	16101	b7d5599db9c24f4c6d0c88972eeb22812ea539b11a11ce8db29c24eab812ffc7
client/ios/resources/dat/friend/WndFriends.dat	91755	8c63f2bfd21d2c2a43c5946c22aeb15e1739c9dc0ae41fa6c8075ed8c17f6906
client/ios/resources/dat/friend/WndFriendsData.dat	29666	67618022406539138c4ff19ee16406e4558b749d0bee786bfa8b4a00c2d9fe75
client/ios/resources/dat/friend/WndMarryFriend.dat	18709	7fd06851e94235d7716ff176673c9aa768fbd4816075d300972beb712f83fd70
client/ios/resources/dat/friend/WndMarryFriendData.dat	6299	68d3d4d68a34843cb9d5f2f977ede1f9fa4bf76c7082d52b1e0066d53a24fbc4
client/ios/resources/dat/friend/WndOnlineHintFriend.dat	20685	64b182088bf481d91399be6170b14cb4a28ee27cc2b474ad1501a61cdda6d4ce
client/ios/resources/dat/friend/WndOnlineHintFriendData.dat	5283	633c62d34606caffdd6ac1d3dd457422bf74162a469ca5d719f8f44bb2c48811
client/ios/resources/dat/fyber/WndFyber.dat	5632	623d3363bae579b5b668c26feffa045409a992b8d48fb024f2ff188a2168fdd5
client/ios/resources/dat/fyber/WndFyberData.dat	1693	a8167a6c9dc8893cb4cd3a7a1134e2e9fcd26fc2e1def2da295ee109625e6a38
client/ios/resources/dat/global/AStarPathfinding.dat	11699	c4b19b4ec65607ce073d5f927adff518d41ce99f98b1d149b61d770701eadbeb
client/ios/resources/dat/global/AnimationManager.dat	7448	c4a8a51573f81ddf06e9dcc73668940738bf207f695e8b9a91b23ead45a7bc17
client/ios/resources/dat/global/AudioManager.dat	11139	727acd24c2b1c951e879feeccadd3eb3f8dd0e0b1662172cdbdbac142ae7e16f
client/ios/resources/dat/global/BtnRedPointEvent.dat	4421	4f188a6914723d98006b501fa4b65f1d2e38660b3deff5edcb8792c6cbe12828
client/ios/resources/dat/global/CacheCenter.dat	119000	6ef964d97983eaeff17c19b2726317c1d56a27e5d1064fe2605f601fbdd7ffa5
client/ios/resources/dat/global/CacheCenterData.dat	148238	bee0ac6ccbd4e4aa16aed138bf8cfe1ce2f614a46746874115088bb60e67bba3
client/ios/resources/dat/global/CellArenaCommonBtn.dat	7673	28d337c421a1eabf53b657714606404db5585bfa7aa227be4f5da1eea4d226b4
client/ios/resources/dat/global/CellArenaCommonBtnData.dat	1826	fee92f5f2c683e5c12447b943be9b1ae349379ffe2defd6bb468eeecbc6c7388
client/ios/resources/dat/global/CellBattleTeachDialog.dat	11490	8120e3a470b760a282e86dc81a44406aa1daddefb32502d9c3f70b694e30bed6
client/ios/resources/dat/global/CellBattleTeachDialogData.dat	7297	f7fb333822886d7f09c2505387f79534f22eb7c316d9c5f6ce69a0189ab53f67
client/ios/resources/dat/global/CellChatBubble.dat	4775	1226d02bd9c6ae569c12872e71c97fa95dca63d9aeca147bcc3df012968398c1
client/ios/resources/dat/global/CellChatBubbleData.dat	2681	1e161fa1acca8cf8803ca28a53825b222574f3d2437f8cb7efabae567bcbd5d6
client/ios/resources/dat/global/CellDialog.dat	9823	01a26d01eb4fab63e3546d42ee1e53cbc6f1a7932b6da9470cea42e902f14ddb
client/ios/resources/dat/global/CellDialogData.dat	7881	acf1b2a9df4852b445a6da465009265c79fa53497fb82629fdf68c9ae3ba52fa
client/ios/resources/dat/global/CellDownloadImg.dat	3060	414833d58111a82b25a1cbf36d8b8a44deca89f6a13644a57128041c14b72f36
client/ios/resources/dat/global/CellDownloadImgData.dat	1803	201e012f0df6af49c06b053a5db9ba915703724fc2a0b864357bebddacb16f63
client/ios/resources/dat/global/CellGold.dat	26303	8f01193fd7d56dd90b8f0dc6ce86c10208accece83dbb74181e347db9dccc607
client/ios/resources/dat/global/CellGoldData.dat	8496	4400f79d5ca5e6e2c873f69f34a4966d16e7b32293b24141d4826d042ef8d518
client/ios/resources/dat/global/CellGoodItem.dat	67589	d3af5adf51ddb2f215d6c80cffaacbb6028f51a81ea35e2cff963d7b5106bdc5
client/ios/resources/dat/global/CellGoodItemData.dat	8481	a86ae49aa0c016b9fa3320626e57bef0a2a9353ae4ce9a96ba768740ab2acd98
client/ios/resources/dat/global/CellHead.dat	9031	840a37248116b614c220f46fbab0898f3879f0ca046e86cec2a8a521faa18388
client/ios/resources/dat/global/CellHeadData.dat	2172	e19a3144fdef9bb57f260b2fb37f0bbbe7901db303352a4d6c973f9065fbb5e7
client/ios/resources/dat/global/CellNetSignal.dat	3063	9d187f954034cfd516b91ce23501a4d2e1afbccd623f6decaf818eafd642e87b
client/ios/resources/dat/global/CellNetSignalData.dat	2685	26ad7ad6e844d7e94458d113ad03a35d0db9e2ba7a8cb10e2915c02dd73e6b99
client/ios/resources/dat/global/CellShopItem.dat	3299	4bbc256e45a2a6f4fe9f72d6b16c3a4daaad72f314ed98766ee5372d211ed887
client/ios/resources/dat/global/CellShopItemData.dat	2786	0de9c875d33dd4c3ef48eb428976588a07e6118b017aabbde88fbd5497b4bef2
client/ios/resources/dat/global/CellTopHandle.dat	8827	2620f98dc8535911cf8bace748a460021a11ed5cdfd70865df2669381c1bcd51
client/ios/resources/dat/global/CellTopHandleData.dat	3829	da228e4eb3bf04d29b9404e1dd83ad4646f8533e4166bb1852590454f6d7a97a
client/ios/resources/dat/global/CellTreasureBox.dat	1351	c24e55f69827e30e838d93459d5ce945f8febd4d162be15803e58e7db24fabd9
client/ios/resources/dat/global/CellTreasureBoxData.dat	1914	18ebeb87de8f89cf5f4ce4df840efdd5de4a801fccdb42278477f68c91764500
client/ios/resources/dat/global/ChannelDefine.dat	2134	c6b2eb27c51a82ece12e015c2f64ae8db140847fe653a738ee622a8f3b9fab48
client/ios/resources/dat/global/DownloadManager.dat	3474	aab888609e774993b111f3301a9cce6a0acffd5f50fc6d34a9cb17802beadd08
client/ios/resources/dat/global/EventDispatcher.dat	3269	90c9a655e30e9a9bd42fcba3aa3865e51fcfe6d6c85a1a1887e3e434f0d9bffa
client/ios/resources/dat/global/FootEffectManager.dat	3963	8c4bda77f78382a2e3b83e71eee0a303614756ab2e3152402d85ebaa702e4ce7
client/ios/resources/dat/global/GlobalDefine.dat	79260	cdc2fbb21334bfe07019c542a42d30b7b320d0dba2b181fba6f72c49577f54a4
client/ios/resources/dat/global/GlobalGame.dat	39056	9c72e65c1af6eb6dc37ab91038376de5d013c35eabb5b958f5b92617c051fdd8
client/ios/resources/dat/global/GlobalMethod.dat	282598	93e94cce8fc9cbce155ddf69beb67574b7de929e826a942e66fffd3a09c230f7
client/ios/resources/dat/global/MsgBoxManager.dat	31872	917248f1141677e656f56717139aba0fa3ae40d22b51bd45b9dff2b6abb62e29
client/ios/resources/dat/global/NotificationCenter.dat	3314	80c0817b68248634e2768057dcbebf3326124d37be0a588ae7fe0969abe4d327
client/ios/resources/dat/global/PlatformInfo.dat	1366	cee1b4274f73e86003164c72d0b33d238d5c2e42dd7e3c44d954eaa961cf17b0
client/ios/resources/dat/global/PostPlayerEvent.dat	15854	f466e48e8c24c5c61cdf2d1d8fb02b2039563a2f8925b42448b572a6dcd05795
client/ios/resources/dat/global/PrefetchCache.dat	4223	a12a357096f4809d74603ecaf7efa2615ac9ca634c64724cf4660b34b415d16d
client/ios/resources/dat/global/PrefetchCacheData.dat	34067	b2438fbf4b4b825723a838d0d287e5eb48f2e85534ae2ea472532e5d162a4183
client/ios/resources/dat/global/SceneFlopCard.dat	10864	a42dcda95b0611be1f4f84cb6f3d44a0f915742d463ef2566b929299f9f07b91
client/ios/resources/dat/global/SceneFlopCardData.dat	2844	b3d4d69d22761a5794ce1c9feea63b03afc3f31976970497745a23f213355f5a
client/ios/resources/dat/global/SoundManager.dat	7714	a15cc3b2ed88c103f5f284545c6a569cf536517ef61685c7b4d6f63f67f2b6b0
client/ios/resources/dat/global/SystemTime.dat	1649	86328df0522630135d0eb16ef1b2608befaf7feb3d2871d00a87b4ffec3e170f
client/ios/resources/dat/global/VipManager.dat	3491	f58006b2bd7cefe09bd6e93442d1e323d69e8dc3c474fae50f3f6ac9789958f4
client/ios/resources/dat/global/WGCloudVoiceNotify.dat	15781	e43fe01e671d228b133064fe817e42531b14b51eb3fa5b85a76287099c83b47f
client/ios/resources/dat/global/WindowManager.dat	47379	0ce672dc0ecbd2c049ee60a1e6705bf5630631c1c293fa172fb41e38a104af9b
client/ios/resources/dat/global/WindowManagerAni.dat	38113	5f44f5727bff515f47be095b818a4e139d2e73a1789c1ab7909b6650d374d769
client/ios/resources/dat/global/WndChangeSex.dat	4845	21314425765613d499413828e489462945b587bf8305dcaa73ee84cbacfb4cd8
client/ios/resources/dat/global/WndChangeSexData.dat	1434	371cc748e8173133ab2ec68a519887d1188713799eae9862ea611475da706845
client/ios/resources/dat/global/WndConfirmBox.dat	10990	3574c296ce205193b52c1bd3f94b562efb09a8f2802423a156fd7561e6554d2f
client/ios/resources/dat/global/WndConfirmBoxData.dat	2800	a5bf821f60e8cb8e623f42664701bd0eb5e04222571f27c15cf0bfbba21a7e84
client/ios/resources/dat/global/WndConfirmCancelBox.dat	7613	cb0da458505ea2d4bd83c277b146953d29077058f1a19c8dbe042dd5dc7dd2a5
client/ios/resources/dat/global/WndConfirmCancelBoxData.dat	3737	c566b1379aed815882cf80043d6484d5f3b2bb1f1f5c04dd0cc21cc4d41df325
client/ios/resources/dat/global/WndDressUp.dat	12937	78b2a0b5839b5bf5c50306d8e40a1fe9676856262cdbf74f07c2b0106089e5c6
client/ios/resources/dat/global/WndDressUpData.dat	1413	e833881651e0c5a517133e83255a17bb3367c17a801a48fdf6577624eb42e20a
client/ios/resources/dat/global/WndFastGetItems.dat	16832	8923ef9d3d70c8d706bc1b4627f3883dbb98e1e348c893c97d3e8a935d186343
client/ios/resources/dat/global/WndFastGetItemsData.dat	3363	68bad753bb41eebd1e0b001976b459ec98fe2b5b6a30b82cc7048516936e4f89
client/ios/resources/dat/global/WndFastJump.dat	3384	ed6894a2e94b81cc735adf681ffa0d684bea2c04226314cf8fb64d546540aebb
client/ios/resources/dat/global/WndFastJumpData.dat	1722	f0abb612d3f4705d2e22a8f737cd3ecee961828a33034f4561d51eec146df126
client/ios/resources/dat/global/WndFighting.dat	5263	19d9039193016c7279042b89c739a226b18117122347c386c0f8bb19452f6823
client/ios/resources/dat/global/WndFightingData.dat	2151	14241f1845c16cf5a3dcf5dfefadd65446550a49ea4e1a03b9511cc186e22010
client/ios/resources/dat/global/WndGenericLog.dat	4202	9224a950c39cd09e4d5f809822ac9c125d3086d5dc2366fbd9dcd37fc10ace1e
client/ios/resources/dat/global/WndGenericLogData.dat	1989	ee666434df48da2e411f6cabce3faf758c8be8bcf910a7c9afd67a888075d050
client/ios/resources/dat/global/WndIphonexTest.dat	1065	d695599316b3d26bb7e50453f6adfacbdcdda5132efccba0f5a1a138ae6363af
client/ios/resources/dat/global/WndIphonexTestData.dat	1382	307e9ab1581946c80c7295517605249deabb3d5068f8815d0d87211af25296e8
client/ios/resources/dat/global/WndItemInfo.dat	87312	e8c12b72b1eb024acaa436cd7fe5f95f332924602504429af3d4222eb42494d2
client/ios/resources/dat/global/WndItemInfoData.dat	38653	3c3504fb260d74e801891390d45e70885af840e1bcc6629eab92d8b607c4c80c
client/ios/resources/dat/global/WndLoadingBox.dat	6396	54d5b6df90c594c91f338b48e3693dd90bbf84869ca90429f3c11c543c8311a4
client/ios/resources/dat/global/WndLoadingBoxData.dat	3135	6856cdfaf896a9e9cde45a3e90eb463fcf58a834a65534c89dca0a925dbac333
client/ios/resources/dat/global/WndMsgConfirmBox.dat	8099	411a614dc8408f7b6bf50242ad264253b37dcd74dcfb8ca9f47a63a731454cab
client/ios/resources/dat/global/WndMsgConfirmBoxData.dat	3640	cb230afbdd0532e2a1867f84fed5c4267f9a6d33b5cdd19c56d36db5592d9dbf
client/ios/resources/dat/global/WndResertConfirm.dat	7207	fadbc8986723cd235b2ffdc91a6e1f2d68d4d90c540ab299952ba2c3d1e3003d
client/ios/resources/dat/global/WndResertConfirmData.dat	1428	e0f44e8127420abf4daf3b4a64f3d7455ebcc5ee79ddc430f282feb91d7de753
client/ios/resources/dat/global/WndResult.dat	2191	2fab6e9c7f3cb1df94ef8baee78fe2cb767ae9a5d544f523754c03be4c2261e5
client/ios/resources/dat/global/WndResultData.dat	1991	e132845b8b31e39ebde1f46539db9e11add924d49f1781342b43329d6523090d
client/ios/resources/dat/global/WndSkillContainer.dat	13008	53d8dc706b584b079c39c8feaca862d887eed7a0bf657e90fd2d36d9b46adb58
client/ios/resources/dat/global/WndSkillContainerData.dat	3010	ab83ee3fca0ae1577376a7d3f3303d8d79e0310e043109b3ae366ca638af2321
client/ios/resources/dat/global/WndStore.dat	66713	e9df61efac2ac7a98b44a075fb29bbaad8e22c0530efc64c43bdd9dc2c8b7333
client/ios/resources/dat/global/WndStoreData.dat	31039	200690eb28f629341f2485c2d98a9ce3d1a06eff1a7910d7fede176ea1d263e7
client/ios/resources/dat/global/WndSuspension.dat	3134	b13522641923c2da75fc3faf9b26def4565087b1ff5fce1f633a37bb7bba2445
client/ios/resources/dat/global/WndSuspensionData.dat	1767	12adf4ddf63eb5d3e2105c2166d676d473f4a29b6378ff41935b7354bf47bb1d
client/ios/resources/dat/global/WndTipBox.dat	5441	17ac1f5624ca247deaf98f0b64c679bed52a2537a1e880df687cd4b136e868ab
client/ios/resources/dat/global/WndTipBoxData.dat	4410	4b318323be8ca941b7ec2265268a63f35317c191dd34f0b029f5ba131abc491c
client/ios/resources/dat/global/YDActionWZUIButton.dat	2960	a0e28993e8e9602589ff82804f3ba3edb10d29e060d02851a76de5a660f76ee6
client/ios/resources/dat/global/YDBabyAnimation.dat	26093	e5aab5b2ab725e9f7b98a0ada4105ccdf794b54deeeca85b2b851c963e591d03
client/ios/resources/dat/global/YDMicrosoftTranslation.dat	5127	70dc08668db05de723e21d4720a15c6a5f936603a2558c9683f8e8696ce664ce
client/ios/resources/dat/global/YDPlayerAnimation.dat	90260	85d7e0250a07d9ea784092f06b8c8998e9682ab2a3809e953d15641b1ade3775
client/ios/resources/dat/global/YDPlayerHeadAnimation.dat	19668	40a93b7bc0d9df22bd93fe6310681731f2e5c189fdbc427df90cb4700cafb8db
client/ios/resources/dat/global/utils.dat	831	c0cf3abad6f814145db5ba4eda7f183975abad81d8a4be2cb7c75597a126f229
client/ios/resources/dat/guildWar/CellCommunityKnockout1.dat	5874	581d4f60ee3e76f7640da4f63932fd95f21ab8d8d8b8da3208db8e83241201d2
client/ios/resources/dat/guildWar/CellCommunityKnockout1Data.dat	2469	e4d4b51c4f11a0fac01a91d968b6fc7a6f08530c26c665033ac3fd39f6f733f1
client/ios/resources/dat/guildWar/CellCommunityKnockout2.dat	4867	b0d2e846e84d0917fd8a546641983c1baa559ed1eadc9399db7976b9bec88882
client/ios/resources/dat/guildWar/CellCommunityKnockout2Data.dat	2470	73047601f0a76ed3117321bac07b45333bc6f9b4d730120cb975f4a381c6b544
client/ios/resources/dat/guildWar/CellCompeteAgent.dat	4271	bed4953accb156a377cc810440f9523c930e20a7b395cec7b964bd97209b58af
client/ios/resources/dat/guildWar/CellCompeteAgentData.dat	4561	47146ac7d5a10456a90ded2d5e431688f377583d1e0c97c77059eaed521ad302
client/ios/resources/dat/guildWar/CellCompeteGift.dat	4058	dec7b914e05ba47e29f20845b3b2d31f78d17910d8af06aa7f8ad897eeec0e1c
client/ios/resources/dat/guildWar/CellCompeteGiftData.dat	1824	31f0c1daf6c7fbf699def16e561ade54acbcfc8a1cb2c9c3f358d53a04e85720
client/ios/resources/dat/guildWar/CellCompeteMemberList.dat	6505	cb1d8dcbc7b3604918e194f6dd18f60cbb068ee9fcb84d2f4768ca6d8bc63a08
client/ios/resources/dat/guildWar/CellCompeteMemberListData.dat	3065	b9d138bb6f16d6b9d723a7b5b007df8235944a8070d5939c3088291d2bcc2365
client/ios/resources/dat/guildWar/CellCompeteTask.dat	3399	c32a8145295ffd51d38e9e5ded2a93af882f5b09ca356da065d9f36284a24bed
client/ios/resources/dat/guildWar/CellCompeteTaskData.dat	1799	1155e3c3a34ecf4f58685259357884fa54ccd51c538240b65c2cc8d3716d3575
client/ios/resources/dat/guildWar/CellGVGRankList.dat	4508	0cf242daeecf48ba2e443cfe0e1998d7d5bfee608b8b4fbd90c272ce668f42f8
client/ios/resources/dat/guildWar/CellGVGRankListData.dat	3395	b775b1b9da8c2b2ce830869e15a794fa4ea783cff8ee4ca38ee6b3748013ba07
client/ios/resources/dat/guildWar/CellGuildGroupTeam.dat	6325	97d567baa01ca64cbaad1946d53c01a29d08909b286c2fe72f8db06aa3add36c
client/ios/resources/dat/guildWar/CellGuildGroupTeamData.dat	2493	6315f98ab41441a29036970d61a86c8822bab4ff4e68f3ddbcd272cfabf3a79a
client/ios/resources/dat/guildWar/CellGuildRankList.dat	6368	9ab410c01aa9c3d2a3b3956c8593913571e9e037650ef9c25937646642766af3
client/ios/resources/dat/guildWar/CellGuildRankListData.dat	2355	4986e5c47064d026f2949130c156b18d03488ec796b360645bc33a3c676e936e
client/ios/resources/dat/guildWar/CellGuildVSRecord.dat	9360	694f022a5080ef9167c3e065fb4640556a61b3532c961a2969c43e281a3e3ee6
client/ios/resources/dat/guildWar/CellGuildVSRecordData.dat	2686	137a38b95d45fc0706125ddb53077d204572a8a6afbb59d7e45a365900a01dc9
client/ios/resources/dat/guildWar/CellGuildWarFinal.dat	15201	ea6ecae10ec4ce461e56eb89fb5a76af0f4d80a45abf03ac556d7d25cd04e46b
client/ios/resources/dat/guildWar/CellGuildWarFinalData.dat	1958	644d253dce1024d2cfa03da88e31bb89977fa1f43039927b0c1a4475014e1fc1
client/ios/resources/dat/guildWar/CellGuildWarGroup.dat	11514	b6e87f798f0c66baa4e6a7823feaec9996cfe02a8b5f284dac55db3b6f933e35
client/ios/resources/dat/guildWar/CellGuildWarGroupData.dat	2185	7e9bc13ab93ba0b667784524cc20ffa79acfcd73f71de13fabe716a6617a00c7
client/ios/resources/dat/guildWar/CellGuildWarInvite.dat	3338	9386c7346dcd0b595ae499237fefe5cba5f2bdd19ad45217104ba9e40d48971a
client/ios/resources/dat/guildWar/CellGuildWarInviteData.dat	2670	38e9c19f9b5b0f5565f2916ae567eaf1f90290d58a6b428ace96a74968ccaec8
client/ios/resources/dat/guildWar/CellGuildWarVSList.dat	14019	368af7bf5a53f3623bc05212d870ae0f0da244b3c5aa79fe079cbc8ec91eb717
client/ios/resources/dat/guildWar/CellGuildWarVSListData.dat	2607	7254f2605d2bdeabf14e824243d406ce7937dad5978359c29ab0969d0a01ab39
client/ios/resources/dat/guildWar/SceneCommunityKnockout.dat	13519	59015dbf07d16aef1a06fc3facbcddd93df70782f52ec502c5991b705b9f48a3
client/ios/resources/dat/guildWar/SceneCommunityKnockoutData.dat	6351	ab19f21f6b3a4352c858287297104f1f7d78b99eb2f4f98f792be33e0487a289
client/ios/resources/dat/guildWar/SceneCommunityWar.dat	39192	b73106c020108d9bbf47c7a456aef8288fd742e014072db36851dc073227abe4
client/ios/resources/dat/guildWar/SceneCommunityWarData.dat	29278	ca0cd681aadf3e3d9eb8934e5a4d0b0a4d077ed3fd99b0bcb6a1f77a695b4075
client/ios/resources/dat/guildWar/SceneGuildWarRoom.dat	63519	41faf61a357d6d15494c78c3b6f2aa1c493f39b046226e0cd8fa31633a270d1a
client/ios/resources/dat/guildWar/SceneGuildWarRoomData.dat	25762	d7d5dc4789b99cd0552bb7283330e722d4a5c6877ea823475e4f9383f0d82957
client/ios/resources/dat/guildWar/WndCompeteAgent.dat	4565	b3576277b99df39c4b7056de242f22d8d942a29408a347783901bc5457fc841a
client/ios/resources/dat/guildWar/WndCompeteAgentData.dat	6895	ed684ff6b3c1cd2c616f7afce5cad54d828a6825711b5cc0897e9bada2d0f41b
client/ios/resources/dat/guildWar/WndCompeteAgentSetting.dat	9529	66afc6575c88a70b2ea37564fee0339125adf1cf0cd94219141543f45afe670d
client/ios/resources/dat/guildWar/WndCompeteAgentSettingData.dat	2493	0bd751949d16bdbd472896151f6fd8777ac545fea2225d9e23cec5c916732e72
client/ios/resources/dat/guildWar/WndCompeteGift.dat	13466	2ce43a0b3e99d6b500013af51628a3101d6d6000467e3c12e2bfa29f72bee2af
client/ios/resources/dat/guildWar/WndCompeteGiftData.dat	2338	61dd90bd9aaf9cefc8bfa9e2f1da41b738dd180b23ca76a7916c3e93ac870e31
client/ios/resources/dat/guildWar/WndCompeteHistory.dat	7017	700c1742149c193b6796ca4465a674f5ad017eeb03430b6c03adaee370176660
client/ios/resources/dat/guildWar/WndCompeteHistoryData.dat	2709	7c44780591b1461fe0fae8db630e954b4f5b6935e01caceef3af095e3cf5f7c5
client/ios/resources/dat/guildWar/WndCompeteMember.dat	13101	7c381325bdf05f779703bb8d5f878bff968ac540352d00646229257a8b71f30c
client/ios/resources/dat/guildWar/WndCompeteMemberData.dat	7830	7526ff8ae697a06c61561fd30517c114690919270a389ede239d9488ab08ed60
client/ios/resources/dat/guildWar/WndCompeteTask.dat	4783	b4508f25d061e760f8f1893382fef2dac3dedfb008037f7bd48519170292bcd0
client/ios/resources/dat/guildWar/WndCompeteTaskData.dat	3028	44b86b3f4aa66202a4ba389794c7440db3fde77f91026746ec897f6f724d7d12
client/ios/resources/dat/guildWar/WndFinalistQualifying.dat	11881	0226b1483edc63bc09b6b9a45e509ca41f5732acb7a76a07e8add784bafb2975
client/ios/resources/dat/guildWar/WndFinalistQualifyingData.dat	5252	bd4065393ca084ce11ccf02c76569c59a77abdb0cbf2de46106478b53d815047
client/ios/resources/dat/guildWar/WndGuildGroupTeam.dat	4726	3a50aa30aad310847f3e3b7221564efbf95359591e34eb0cc5cc205469d45259
client/ios/resources/dat/guildWar/WndGuildGroupTeamData.dat	8300	953de601654942e85366ec055e6b05d398c11b7143957f7e9ea4091d2b583424
client/ios/resources/dat/guildWar/WndVSRecord.dat	13022	21d135f6f8f692ec9714186ec1d5e645fa161945182dd12d068e69c8a2db6635
client/ios/resources/dat/guildWar/WndVSRecordData.dat	2242	fd99e39ba412ca29b60ddf73053b3bc6fd3dfcc2b93d06fcf12ca985c8a7b3a3
client/ios/resources/dat/hall/CellAdventure.dat	5382	dd4bb87aec4af2a451eeab8cc618407801dcc7fbd3805d9821d18a146e9d9e83
client/ios/resources/dat/hall/CellAdventureData.dat	1872	2b6ff3a9a6b87ce2c412d5717004d1ffe179780f84eb2b26e15cf9dffc9784ee
client/ios/resources/dat/hall/CellAthGoal.dat	6469	c3fdbb40c01696a8815a3781e3c270b7c1937bc55408b7a5dd359a103a89d973
client/ios/resources/dat/hall/CellAthGoalData.dat	2324	267a71f2dd14719f90a8184682958ec6433c592f942820f3906dccfd8ce52f57
client/ios/resources/dat/hall/CellAthRank.dat	4866	686e65be6b73da63446eff75cb5cb1a9b41adcdfd64cc8c5446395e75f4b3a8a
client/ios/resources/dat/hall/CellAthRankData.dat	2244	02d08baffdb55be81ba1e670de200513fd37e602185a6af4924d5c02891576e1
client/ios/resources/dat/hall/CellAthRankReward.dat	3038	c542353a8366bbae05558e301898d8b2ade72c487f652c417a2d29e22532700f
client/ios/resources/dat/hall/CellAthRankRewardData.dat	2325	906f5c1cabcc77d0b902b0ab9195c5a4d0f597db70c07681f82c4f9f031a0163
client/ios/resources/dat/hall/CellAthReward.dat	2882	315548d8565e3dc6ab395191d2b92ce1e0f619469666f559d544908064d69267
client/ios/resources/dat/hall/CellAthRewardData.dat	2509	0819223f1924b2244625e4d9190fc0ef03de7af05defb29a5aeab79c543a2f74
client/ios/resources/dat/hall/CellAthShop.dat	5392	a3d421af1380a17ca7402bbb3832c1155bb1c6cbe47af379f1b2a310f0f37ac3
client/ios/resources/dat/hall/CellAthShopData.dat	1931	fe8306a50e02db47b394092fcf741771a9b744b059d6ceb972629444c7fc68f0
client/ios/resources/dat/hall/CellAthVideo.dat	4712	ac776d9a59078c0384ebe2600b85ec607ceede1d5868a65a13008e843c63d94c
client/ios/resources/dat/hall/CellAthVideoData.dat	1902	b079b5f2298144f1803d2b0921e956dee983688feb2b644f7c6603f91b7a048d
client/ios/resources/dat/hall/CellRoomItem.dat	6607	2c0b9c0cd9476508a7eb7a24830faa56d9f374f20508923577f52022895a64b3
client/ios/resources/dat/hall/CellRoomItemData.dat	2821	0fa5ca48b2fdce3e7a933946a5bf29b2e2fe9ffd07372e19fe9881a134b927f9
client/ios/resources/dat/hall/CellRoomSeat.dat	29896	7a27a3aa89d9a65bce1b7c41a96e9189a0083a2b29db6f960f481b864c26855f
client/ios/resources/dat/hall/CellRoomSeatData.dat	7885	7f9e0b15421ab3cbf4b128085e12186a90dab15e5abb794eb26d839861ec35e8
client/ios/resources/dat/hall/CellSkinSkill.dat	2684	90ef9c12239970993a3680a52805067b3e65da95b92e0960b8101aea21f72397
client/ios/resources/dat/hall/CellSkinSkillData.dat	1943	d9583dbaf9aa14a0a42fe7b800c9ceac15a9c39583bb437457d65d07d639c800
client/ios/resources/dat/hall/SceneHall.dat	39774	b93b7f605fee72f9df6f288cd1b06b50249618466fb3de630d03ecd26c7c852b
client/ios/resources/dat/hall/SceneHallData.dat	11017	7378e96c26636dbabbc6855f264cacf8736af1f93a96662d8315d9fe777425a3
client/ios/resources/dat/hall/SceneRoom.dat	77891	b96842557526fa682448c882a3cbbecd95139dc0f7bed90e2d4596308458ee34
client/ios/resources/dat/hall/SceneRoomData.dat	27053	6e7a8cb2a2fcd2a35a03025d19a41ea510ca58e6a3d0398e909ea89e86ffab53
client/ios/resources/dat/hall/WndAthBuy.dat	4011	f60e17d35313dc86231a8ddd1cb7a5416bc6d3eaa9ae7111de41b791b31155b8
client/ios/resources/dat/hall/WndAthBuyData.dat	1699	80fd53b0700c84e23fbdc8aa19badebb2a5c273fd41f9a0ffbee4877dc251c1e
client/ios/resources/dat/hall/WndAthRank.dat	30195	7ac98c3df0b12cd59843bd69972825c773e44b8826cc006a580e7fca780e1597
client/ios/resources/dat/hall/WndAthRankData.dat	7252	1208209f062e47c8022ea83ab7c60f89760ca57b8180444e0a01dbcb10f436c4
client/ios/resources/dat/hall/WndAthReward.dat	9290	e7774bf8c3903e8fe41f51b44ada4ee2b97513173fbd64c8116de8351f4a524b
client/ios/resources/dat/hall/WndAthRewardData.dat	3474	4c5f14bce14daabdc19bc86df10e2fa30e16604d0cf34244492626ba816484ed
client/ios/resources/dat/hall/WndAthShop.dat	5419	f2dd069cbc7e800fc6ac835106abf1b39303b3bdece24d923fdafeca0e70a234
client/ios/resources/dat/hall/WndAthShopData.dat	3161	c4a5ba6b593db1158dc3136263dfbc0d9f77c4a02a846965d8d0eebb9da8982f
client/ios/resources/dat/hall/WndAthUpgrade.dat	8191	2e81a7a61b15bc71194db6674334f1416a40474f78cc6fd30dacf0dca497f8b4
client/ios/resources/dat/hall/WndAthUpgradeData.dat	2610	2d9a1fc6fda5fea170009ba8c29f34e532639de9b833b3dac754bd5d95d4ee19
client/ios/resources/dat/hall/WndAthVideo.dat	5557	ed28632388a58de312b2eaf89663ac12a556524ecb3c1572515d40b7eea42445
client/ios/resources/dat/hall/WndAthVideoData.dat	4962	afd23c2d043c65d203403b67c0de9782a5f360f511c4a9461146aac3efd3a25f
client/ios/resources/dat/hall/WndCreateRoom.dat	6826	b9c2bd420d6083d26688d376158bc76f7e8eed97b129fd6048149250b6587143
client/ios/resources/dat/hall/WndCreateRoomData.dat	2075	9b9debaf20745e8306a29a74b390423c27e2fbf20ca0769cd4f0355eddea4ac5
client/ios/resources/dat/hall/WndEditBox.dat	5627	19dcd639f4367dd0e65ae2ce2e85d65c2f171fb14580514d8177ab5bf8a363a5
client/ios/resources/dat/hall/WndEditBoxData.dat	3196	bdc593ec018a4a8c010d2627409ab6052097e3f809bb036db13f8c444cfaa51c
client/ios/resources/dat/hall/WndLeagueLoading.dat	990	843ec0e11679275d2300ec76e083d984c4a632cfa540ad0075ff5f95ef3aa5ed
client/ios/resources/dat/hall/WndLeagueLoadingData.dat	1362	6d2f2a6164d641f0d57f3566e8c8ce5d5139e11506b9203c3c30419e802333fd
client/ios/resources/dat/hall/WndRoomSetting.dat	9313	291e9c01036669ea4a3cb324e2aa908fb7b7c6c176b97a29846a50bbcd9daaa8
client/ios/resources/dat/hall/WndRoomSettingData.dat	2852	d972bcf5c73d77f7c6f71545b6ad884c88397c1db1c08ed07b501bcc22b5c681
client/ios/resources/dat/hall/WndSelectMap.dat	4064	0e607d71b535eb3a89f7a963859cde847c4d558e58d117e9f960b4baa53b912e
client/ios/resources/dat/hall/WndSelectMapData.dat	2205	aa1a0e995df8b86cc850cf2267432e6667f8865a6f0a489a53b4afcaceac7e53
client/ios/resources/dat/hall/WndSkillProp.dat	34572	77c356b8842da56457ce726aaa840bd4df8bf650effa77438a9d2b834c9bcb21
client/ios/resources/dat/hall/WndSkillPropData.dat	41056	5c23f445834e8c9cd9fbf836c7778f24627a56a54707a4dff4caa93d93a766da
client/ios/resources/dat/hall/WndSkinSkill.dat	8546	27ae3774a7580a6461b2707e0c06bf50ac34724802b9357991a8016617e6bb1a
client/ios/resources/dat/hall/WndSkinSkillData.dat	1928	4d8df18bfcb428b42c496899aea61aec17f2c597a1cf270a1e0dcedbd96c21e0
client/ios/resources/dat/hall/WndSophistic.dat	22126	5dbff9ef5c87faf37f1bf30dcaf5f0a68652f2ee60de38b88871ca57c578634d
client/ios/resources/dat/hall/WndSophisticData.dat	3271	c5d9ec79460b6c846ab09900a60cca0dc713f72dbc06ae0e92c6d0b423fa0e5d
client/ios/resources/dat/hall/WndTrain.dat	7508	af1e907d9ad8d5465b15211451d328aeaaf3afe4158de42d792ba5caf6b80f00
client/ios/resources/dat/hall/WndTrainData.dat	5213	3041c7017f7afa853382b9e0659b5488e116860005b41de2dd242d9da140df51
client/ios/resources/dat/island/WndActivities.dat	3753	dd5358f4a220f9f0795efe4b1c413fb42a152d59d7ac3107b80d496fc8c13a46
client/ios/resources/dat/island/WndActivitiesData.dat	2104	881ecd2060d8f76dd2803003e2adcc53de93e34966500fbc87277c8b138e5cf5
client/ios/resources/dat/island/WndActivityMenu.dat	10797	f94c0098649248d20609ae46e3aefc42ca592e54e0221a3903080766ff10c71a
client/ios/resources/dat/island/WndActivityMenuData.dat	2272	3d6a8bea0f2df49c07cde74b063fb19aed1c4d4bf6bd1e77b4d57e7c1f568a48
client/ios/resources/dat/island/WndBottomMenu.dat	19953	cbb9df9fa62c14263a19501b9bf9b5f4cf5262d0148b88782a964585cdd08d3d
client/ios/resources/dat/island/WndBottomMenuData.dat	5993	d48df406817b256f3a1ec2ebea1962e5d4839b01faacdbee6f15860c6e154ba9
client/ios/resources/dat/island/WndLeftMenu.dat	11589	e4d22f0512b2fe7679839d490c6964f629cebe0777e91ba652adb358dda6262c
client/ios/resources/dat/island/WndLeftMenuData.dat	3945	99d4d14b5b81a4b37032470e4dded22cac7b09184c4f89b4607b05c3a6ea794c
client/ios/resources/dat/island/WndRightMenu.dat	14543	8cbbb23fd2fedb66cb36ddb43888ab362e974ceb67774a85327e138b401c7735
client/ios/resources/dat/island/WndRightMenuData.dat	4167	8d30a7e02d9866e3f10e22c0f7141340151815f1897b83c3a52bca0ece25a4da
client/ios/resources/dat/island/WndRightMoreMenu.dat	23119	3c885540e7371aface0746f764eaefbcda6dcdec237091e0f6770a710476a9c4
client/ios/resources/dat/island/WndRightMoreMenuData.dat	3109	fa6efb28d7a26d0c6ee5156bfba30ca77c236ca76fc4b113e6d770ef99d1e002
client/ios/resources/dat/json.dat	15871	a837c6040f8315d5e7a3a5c6f05052192db839597cfd35437902ac90f51d2a6d
client/ios/resources/dat/kingBattle/CellKingShopItem.dat	4016	638bc7abffdb547d9332cc0fb8c2af1a9eff80c8fa2ff08171d156b5acb6f4b8
client/ios/resources/dat/kingBattle/CellKingShopItemData.dat	3091	5eafb8ba97eb486affa027cb878ae401883e6c0f91e11451aa5aa19e44086473
client/ios/resources/dat/kingBattle/SceneKingEntrance.dat	10218	af799a8370698638a34ad704b405d78d22be5bdddf5312fe8c2e6286b7a7da53
client/ios/resources/dat/kingBattle/SceneKingEntranceData.dat	2144	4b136f13761b019a5890f6b89207a2d9725ff80af22cbabe25e1fdff6bd0e7a2
client/ios/resources/dat/kingBattle/SceneKingMain.dat	16273	fac6dd5306041e69681bd37a97dcba0f3fb5f1af8074003d055c1cbe69ea5767
client/ios/resources/dat/kingBattle/SceneKingMainData.dat	2360	af3726e8191794af699158b942a3cee8d61cfd05358b395e811b6b122b162d7e
client/ios/resources/dat/kingBattle/WndKingEndTip.dat	3590	3ce92b9a1143f21e2ef63af9516ee2c2f76adb25b6a689d29593b19ecf8c4ded
client/ios/resources/dat/kingBattle/WndKingEndTipData.dat	1819	6ce2dd2176b1340029ee5726862587a031009fc1800d38938377cd950a2fa3a1
client/ios/resources/dat/kingBattle/WndKingFamous.dat	3973	753105f19450456a2109b839b7a782c7fc9f817e450e67a41a068be6007600f6
client/ios/resources/dat/kingBattle/WndKingFamousData.dat	1363	fe4a45c5c0adeadc4c107556a60eba9509c8bce6128b433c0c1d5f21b43e43a0
client/ios/resources/dat/kingBattle/WndKingRank.dat	6775	711815a3aac5a09764142021c5c2324f6af590051951ec783942d60a28711ddb
client/ios/resources/dat/kingBattle/WndKingRankData.dat	2314	b2965ff71134fd3904b15cff36f1c41209c63876260235a2520ea219c029b1fa
client/ios/resources/dat/kingBattle/WndKingSettlement.dat	4021	91cb70c776133d5f733312255fa5bcd0be0dbccc4a4f82a0ab04e28bf910281a
client/ios/resources/dat/kingBattle/WndKingSettlementData.dat	1485	a289998db643e9638b720ce3d2122399cbfb948c310159ff40546e75ba82424e
client/ios/resources/dat/kingBattle/WndKingShop.dat	3255	0d2e21a9eb75b5271c34127f0f8fcec8a98b625fcab5f616bd16d54709e9583c
client/ios/resources/dat/kingBattle/WndKingShopData.dat	1628	98e83e8041d8a4d2b89d4954575326d16228e2b72d00bed78d209877526f6f5b
client/ios/resources/dat/kingBattle/WndKingShowAward.dat	4729	80175e82f8605e5074dd747871087890e972cb4e5e91c6c5ab51b71628aa8751
client/ios/resources/dat/kingBattle/WndKingShowAwardData.dat	1397	254787be8f31975babd55558a554815422a47000f863309e0f39349e21b7335c
client/ios/resources/dat/league/CellLeagueApply.dat	3015	dd9d65a6d7273174d5b2fcc9f4d0bcbfd9f9c22238fb1fbccfb01b38eabd7229
client/ios/resources/dat/league/CellLeagueApplyData.dat	1993	5e71aa596a67aae6e07f207982be64b4ceeb921b5b4f4ee07346ec510a429194
client/ios/resources/dat/league/CellLeagueHPRItem.dat	3458	0167e8f1dbc70bcd5bd036b99ac0b2efd19a78bbc8aa985909b3853ad23f29c1
client/ios/resources/dat/league/CellLeagueHPRItemData.dat	2834	8b6e58e62abe63f75d9e27f4338266ba36ad8cefee7deab15a9d9428e1ff071c
client/ios/resources/dat/league/CellLeagueHonourItem.dat	5108	995fa390fc8f026daaa87fb1ccc0c224aaa3af0bcc7f6ff49d6fd612e244c545
client/ios/resources/dat/league/CellLeagueHonourItemData.dat	2121	565f90243c62fa368ca4772f75a6e26aeee3d29d12a188843ab268f2b54ce9dd
client/ios/resources/dat/league/CellLeagueInfo.dat	4472	3d1bdd1dbb55dbc25d97166eefef86fd4317dc2255b2095af70298b66aa8abc4
client/ios/resources/dat/league/CellLeagueInfoData.dat	2105	688671a2e242861526fb6342d1db68d56941865e5475f9e8dc1efb49ec97fdb2
client/ios/resources/dat/league/CellLeagueMatch1.dat	4968	67d96e4c3eda20afb43ee59b1a98b31d054c74f3d476975aadfa147bba9568cc
client/ios/resources/dat/league/CellLeagueMatch1Data.dat	2199	04c2406b1cda096ba6624dc5d1eefdba4bf0eb95fbdff67690f492875f3d1478
client/ios/resources/dat/league/CellLeagueMatch2.dat	3964	e110868b1a94fd074b6bbeb171d23e69e58afa4866858f6ada55a90da3903daa
client/ios/resources/dat/league/CellLeagueMatch2Data.dat	2199	a6a260e342163d35db88b87521417c03c719f195ec3fb34e8c91c1a3fc717c5b
client/ios/resources/dat/league/CellLeaguePlayer.dat	6329	3406254cb6e962084c8485b1c53b9263948262c6538cf9020d3b082de723ce92
client/ios/resources/dat/league/CellLeaguePlayerData.dat	1925	72fb0d0957570fec358195032a10722cb56e2e892b4494d1abaef60d43cb028c
client/ios/resources/dat/league/CellLeagueRank.dat	4218	4f9cf7aa965312e2176a4621654958caedd97332d4be65cf017d5e8b127a7f9a
client/ios/resources/dat/league/CellLeagueRankData.dat	1995	0a4784027c868797472db09cb69a41fadaa9e452c188173bbca9b1edc62b4e73
client/ios/resources/dat/league/CellLeagueRecruit.dat	3453	3a68d7c1d6a3da95a26b3f5e4151045d8ffd847695785c7dd82310b4e3fb1511
client/ios/resources/dat/league/CellLeagueRecruitData.dat	1854	aa0b86decd9083a1b2269ac222361510d7b712e5bb87518efddf6736acfa9a22
client/ios/resources/dat/league/CellLeagueReplayItem.dat	6945	84a12e6a35ab4363009ebadd7bc136a328b1af8ee1ff7978c6c6a84c476a1109
client/ios/resources/dat/league/CellLeagueReplayItemData.dat	2577	684c77de6c1373efcfa934ee6d9a56d63991b50888cf89c161587406c2ce00ac
client/ios/resources/dat/league/CellLeagueRewardItem.dat	5035	6150c7ad45169efef1376588fd170279cdf4d0419538417092af5e9fe3cd130b
client/ios/resources/dat/league/CellLeagueRewardItemData.dat	2074	e5ea8490af7136e682aea285fb962d90dcd7050ac5ddb81783110ca9656aa3e5
client/ios/resources/dat/league/CellLeagueTeam.dat	2551	97f29694a6501794b4e5121ae0f8aaaaac7b472686f5b08686607949b633955b
client/ios/resources/dat/league/CellLeagueTeamData.dat	1993	1fd33245037b541dca12c8371e1b21d3eca18bd9d04ca4c2149f07e0046e52d8
client/ios/resources/dat/league/CellTeamMember.dat	2394	f1b928d94b9d1de2b30dd5abda31413e3a550030ee34369f02b869885b21072d
client/ios/resources/dat/league/CellTeamMemberData.dat	2008	103f0a1e0cafdac9ca6f2849b2f84f5b91d886cd7b38adfee177ba4306364685
client/ios/resources/dat/league/SceneLeagueMain.dat	12807	97696de43ec01e70c11bbd24f593352bc5fb41248610a18dd1c1b6cade3ba7bc
client/ios/resources/dat/league/SceneLeagueMainData.dat	11517	835ee441769fe6fcff671c821d254b1e73b24d17c937e62e89af79fa5eae9a55
client/ios/resources/dat/league/SceneLeagueRoom.dat	8833	317c4e401eec50f52b13a8863a95924bee0f5f6e33e7e6694c510295dbe736a5
client/ios/resources/dat/league/SceneLeagueRoomData.dat	7304	ddd8967821de7388584cf63d6051432068a73a24ddc1249e1f3ad4b4d0c5df43
client/ios/resources/dat/league/WndLeagueApply.dat	6642	6efa9e9a11958c15dffc5f83d2acf2a352eb236cdc69838935228a26e5c8352c
client/ios/resources/dat/league/WndLeagueApplyData.dat	2283	07ab97990347de3c827ab16308deec372df86e4ca28567408cdd3ac642daa7ca
client/ios/resources/dat/league/WndLeagueCreate.dat	10675	64aa6d3b7b927d700c582bea88cae6569d0270af6be8fea8486c20c958dc042d
client/ios/resources/dat/league/WndLeagueCreateData.dat	1734	1406d3192e932aa5389211902f33a56d03f9b0d825fb77c056c6070291da8ab5
client/ios/resources/dat/league/WndLeagueHPR.dat	20072	6c54103c13e38e1bd575a54f4808d406380956a87efde81eb112d2f7a43fafb8
client/ios/resources/dat/league/WndLeagueHPRData.dat	9688	7a484cf127bbd37f54ce8c1e1a53707c38826c1b8c40146fe397d0ef862a521e
client/ios/resources/dat/league/WndLeagueMatch.dat	15445	096a85a6f040dd56513f1ae376f73ece1ed89a232f6a75babc64a39aa40e0419
client/ios/resources/dat/league/WndLeagueMatchData.dat	17291	3a6c05cfaf50632e8ad10f6349d469c8981f1468adea056ec9d123ef16c3c354
client/ios/resources/dat/league/WndLeagueRecruit.dat	4718	8095ff3849c0f54a227997897cd66368acbfddb455f9b04111bea850ae9856c0
client/ios/resources/dat/league/WndLeagueRecruitData.dat	2160	1c90e205782faa0a48e8c32f77eba7bd9a5b17e49ab1f295e3ad4a6d559e5070
client/ios/resources/dat/league/WndLeagueTeamDetail.dat	53837	d36e4f15a81b3ed6d2124683d4f1504fec76b31ed39c2a3eb6c1a6b4a4164f8a
client/ios/resources/dat/league/WndLeagueTeamDetailData.dat	32937	77b11d0871fd4df4c90011a38e05952da172fca582b787b935286d4920361a58
client/ios/resources/dat/league/WndLeagueTeamList.dat	5425	772bfc56d08cad9917a4a5ac8beb01a358b43c40a80401d90f16aa733db02df1
client/ios/resources/dat/league/WndLeagueTeamListData.dat	1886	cf3c8754afa3b85c6dc11ed538dae3c417fdf3a3d991548e2b2b3dfdee33cfce
client/ios/resources/dat/league/WndLeagueVSInfo.dat	8771	443bb9875def6c5576043500ac19d0cb8f20593ae65b331b8c5e24bac0446f50
client/ios/resources/dat/league/WndLeagueVSInfoData.dat	3949	4d1e5536420b7d4b237a95cf711788e6a151b54828c2dbb57ce07051e5fe712a
client/ios/resources/dat/league/WndTeamTips.dat	4632	649354af23f1885fa09e67f91cdfecd58c9c46052e8dec002c1a7b476af5f08e
client/ios/resources/dat/league/WndTeamTipsData.dat	1905	9c03dc77c21984c8d4d5a5c1a864dd14360bd25a5fb7e92edf982364c291db74
client/ios/resources/dat/leftMenu/CellBackFightItem.dat	4172	a3fa51e17bbf1b69a5348df1eb92a7373189a16a069fdbbd87b90a6d63df98b2
client/ios/resources/dat/leftMenu/CellBackFightItemData.dat	3203	11f028abdc2c6e8d1e4699fbcb7909a23f036a76faa3b53c2538174ae832a46f
client/ios/resources/dat/leftMenu/CellBackFightPanel.dat	8489	5120ce5b33ce6fa652a6ac84011d246ae03c0c1063eaabfdfe4d3149f4cc7d00
client/ios/resources/dat/leftMenu/CellBackFightPanelData.dat	3174	e7e2bc02626a6ebdaa608540ce341ad392c44526f993fa41c45fb4cf737d64e8
client/ios/resources/dat/leftMenu/CellCommunityFight.dat	14025	ffe027c75292b044a2fab4057d2765f4a623d056bcda90b8c043ee7d35e14cd3
client/ios/resources/dat/leftMenu/CellCommunityFightData.dat	2584	b7f5bed7e087b8882fd6972a2ea3585401ac51c86a00c435ad875f414171936a
client/ios/resources/dat/leftMenu/CellFootballGame.dat	11031	9d24f92b9057e19d1b10536a10f1d4aa384c089d8be017157d1d8d343560591b
client/ios/resources/dat/leftMenu/CellFootballGameData.dat	10349	da5d938ed846d39dea58a59cc1c65e1a765bb4b196a0d985396d35eb926bd09e
client/ios/resources/dat/leftMenu/CellFootballGuessRank.dat	4751	301b4f4b992571a3d12c102562aefd79d6e050d26af2dcb7a1b578027960f006
client/ios/resources/dat/leftMenu/CellFootballGuessRankData.dat	2019	318c94268645a8edcb201260d4bc0a61b55af3b88a3c0b6e20b91ebc335d16ed
client/ios/resources/dat/leftMenu/CellFootballGuessResult.dat	2609	4423f7bb26ca0a767bb4d5166c301ccaea05d84a80936d06334910c72fbf2bdd
client/ios/resources/dat/leftMenu/CellFootballGuessResultData.dat	2040	0a6c063dbcc047cc7548a6586dfb0515418ed4a9aafd4e6a75647e0de0746318
client/ios/resources/dat/leftMenu/CellFootballGuessShop.dat	5975	7652f554f76c938aa11dad7bc93ad18c5d84df9b82c8aa6ac16685ef510dabc3
client/ios/resources/dat/leftMenu/CellFootballGuessShopData.dat	2284	fe2ef5261679ae51ba3c6bf119ee5096253f578ed283dffbd8944ed23a7d42cb
client/ios/resources/dat/leftMenu/CellFootballQuizBtn.dat	2426	aa8a82ad5194337b2d63614e5de5c9e593b7973419d449b1693e9578cafe9a01
client/ios/resources/dat/leftMenu/CellFootballQuizBtnData.dat	2209	ff78889a78b18b868f2a7e06a995b8aceb91be563b3ffe2108d749bb08798676
client/ios/resources/dat/leftMenu/CellFootballShootRank.dat	7385	80074393a2f25ecee28c51390174f47a09cafba69aa0e828bdbeddd4c0f441e2
client/ios/resources/dat/leftMenu/CellFootballShootRankData.dat	2607	64435c79df9f81701901daa04382078fe91cc2d12c9a46855dfd95faa1a631ce
client/ios/resources/dat/leftMenu/CellGameSingInItem.dat	16280	9f515351826211267bdcd6f48f7fc92b293cb3e5a2b23b400ed0eb99b97ae810
client/ios/resources/dat/leftMenu/CellGameSingInItemData.dat	4481	a1cab49a033527386314aaabb2bee89300eb75dd6d5b7356be51b9da3cc41d3b
client/ios/resources/dat/leftMenu/CellLeagueCompete.dat	4085	2068f6bdf138b1f7dd64e96e59664aa8ae5fe001973552af08f80b9db1ab22b3
client/ios/resources/dat/leftMenu/CellLeagueCompeteData.dat	2190	aaa16e095ab0e8b844b7bb9742cefdea76434eb565429f25066c1ad1b899851b
client/ios/resources/dat/leftMenu/CellPvpCompete.dat	14304	15907b8c0a785e1ae9f6c7be2bdaafa4d44a1daa40c688158696dad4a685498f
client/ios/resources/dat/leftMenu/CellPvpCompeteData.dat	1965	f060dbb8d3a0c7056f7330298de7562a3f9465c108a47e937b3170e7fd4df012
client/ios/resources/dat/leftMenu/CellRankAthletics.dat	2592	ff24c9b2ba5536da97d994d535ddb177485bf8f597c982995152d16be6dc73af
client/ios/resources/dat/leftMenu/CellRankAthleticsData.dat	9026	ca1a11d5c9efc0c284c7a88e9680c01c57fddb47e38aa3643fea3aaebc82c6b3
client/ios/resources/dat/leftMenu/CellRankFighting.dat	2795	e3bdf159b899549a7d51e26ef92020c8d563ff0a943c166ce8833f1be980d9b6
client/ios/resources/dat/leftMenu/CellRankFightingData.dat	11371	066f98941a7494f059d41cc329d6fec56c9009b1fbd152ae9ea29f69cced41d1
client/ios/resources/dat/leftMenu/CellRankLevel.dat	2550	83f03ab5607a39f6e30dd112819024ca6a30a7386915f971a3236a1bbbea9ed6
client/ios/resources/dat/leftMenu/CellRankLevelData.dat	7439	daa2c930e845df34901b2e3f20215ba766b432e21c41559563307bedd77de0a3
client/ios/resources/dat/leftMenu/CellRankListInfo.dat	2950	8bde0adb4b4ff1f1cbdb5a7491c849b08cb1709bf9d8a7ee5dede9320ca2698a
client/ios/resources/dat/leftMenu/CellRankListInfoData.dat	7092	e3d8a98809c9fe45ac55290893ad3e6f0a43bb110520a1b4327fbb65da8ee917
client/ios/resources/dat/leftMenu/CellRankListItem.dat	2965	c8135df45ee984e7cb247917aef4d5b9c81f92205b10d19f5e9d29b35864672e
client/ios/resources/dat/leftMenu/CellRankListItemData.dat	3508	e9ec34cad2bc749ae27a4013e8c7f6fa6f2f8d696cbec3764d00d20c22ed4588
client/ios/resources/dat/leftMenu/CellRankSeat.dat	36178	676af8851078ebb9c09ca3efb8413de3f2194d1f9ac4c9f939d2fba36bad6b4c
client/ios/resources/dat/leftMenu/CellRankSeatData.dat	2438	514dd04ea5f312411cb162bb8373eb8d0aabf8de9b1dcc3f248618316077a9a5
client/ios/resources/dat/leftMenu/CellStarSoul.dat	3435	13178975a2e43bef9fb15a9eb20026da7a4c02bb4872a555b1d499485f689834
client/ios/resources/dat/leftMenu/CellStarSoulData.dat	2370	54649b090ff8216c7fa44fe174172681e93ebafaa9dc48d1fbfa3fd7f333f46b
client/ios/resources/dat/leftMenu/CellWelfareItem.dat	5746	3a7d3db2e50484aede86ca157ef32e9cb76ad70333e7789614a38b06b04f95e3
client/ios/resources/dat/leftMenu/CellWelfareItemData.dat	2739	ff3e466f771b39f53af5d7fd2b48a15987720bffc88fa375676c9272e6f050c1
client/ios/resources/dat/leftMenu/WndCardDraw.dat	14685	669e1eb182d0511087a5bc9a034daf4e07fdebd6f137b5083eb0d7c67b7d2bad
client/ios/resources/dat/leftMenu/WndCardDrawData.dat	4914	0fd9481a331f3c31a2214d04ee148b1130e33d4c67aaaea37d99f2bd42188326
client/ios/resources/dat/leftMenu/WndChallengeEntrance.dat	11764	ae69bbaeb857b78941ac04b8414490aa0a0ae371d3054aa922abe07ff499586f
client/ios/resources/dat/leftMenu/WndChallengeEntranceData.dat	2831	1d9f350b161f30312d8155672ebb5a466b2e68ec3d6ce3f32524d95ae3ec546d
client/ios/resources/dat/leftMenu/WndFootballAct.dat	17915	147ac5a45cd0d60e0a42dc99927bcea9d30f23f03809f5820f5eedd4373a0270
client/ios/resources/dat/leftMenu/WndFootballActData.dat	5143	1f6b1b0e3b34669fa26c01bd66cdc19e08a6be4ec28e61f680bebd073eb226f0
client/ios/resources/dat/leftMenu/WndFootballActivity.dat	25198	5f7a6d9916a4ce0dc4ce3bc7f60c13d13af6516908dbc0f7e1897aeaf949f41e
client/ios/resources/dat/leftMenu/WndFootballActivityData.dat	6497	34d20a22dd4fcb2a6700af3d0e309efb981eac47d01adf8f2d6b473f2ac83ba8
client/ios/resources/dat/leftMenu/WndFootballGuessList.dat	3961	0767b08f1f246a424810775457b3b8b06ea42109b41412b847a052a922a1d2b3
client/ios/resources/dat/leftMenu/WndFootballGuessListData.dat	4597	494e16a6dbb02cc8b2ddb5e1409def2f810abd13237236217b2c2fc7ed8b91fe
client/ios/resources/dat/leftMenu/WndGameSingIn.dat	15843	df3883610845d0e7692af64f8913e27547fa515eba3e82810be292fb225e6291
client/ios/resources/dat/leftMenu/WndGameSingInData.dat	3468	da5d22753a1d8171e997c17198fa6c784af9ce8abcc39cc759eb7e35e0cfcc0f
client/ios/resources/dat/leftMenu/WndLotteryRandomReward.dat	8032	b7574df9555464767188eab46d8262f29ffe7189e7c031fcee0c0d11eeac6d0e
client/ios/resources/dat/leftMenu/WndLotteryRandomRewardData.dat	2002	79d14d042daa4c4b3a6c83a57dc4bccf1f0c32365a5572b78c57ffc7d50112d2
client/ios/resources/dat/leftMenu/WndLotteryReward.dat	7647	8acff28ce8962859ab9cba45e99fedb1de5adf5c08310b9b4c5ac612bd349c0d
client/ios/resources/dat/leftMenu/WndLotteryRewardData.dat	1744	785e5b8d00092f80ed09fae8ee1461fd9cc6e46dc530ab00fca99ddf6ebd2801
client/ios/resources/dat/leftMenu/WndLoveLottery.dat	15507	1e29686f42c2651042a1f7e028562707de34c1bbf0f12605822c108504f74e0f
client/ios/resources/dat/leftMenu/WndLoveLotteryData.dat	4642	799407f5d343a7a98e8802eacfd57cb61f4a117cfe62563e67c0a5e8935be58e
client/ios/resources/dat/leftMenu/WndNewActivity.dat	28407	40d5c3294cd0835273987c32c915705fdcc8a3661e399ed2c357bb9489755885
client/ios/resources/dat/leftMenu/WndNewActivityData.dat	26164	7148a8e83a16a86b78b59dd40af89ba4242f60606a79b09ebbd7ff5de3134a6f
client/ios/resources/dat/leftMenu/WndRankList.dat	42509	f153ece609389a98a3dcb63b29dd2221bce5d539f47c1e38a16e65b9e625f1a0
client/ios/resources/dat/leftMenu/WndRankListData.dat	14042	5fa5d25a09b18de1aa1d87fdf24a54dd126cb0db4d466aeabd12168672981ec1
client/ios/resources/dat/leftMenu/WndRewardShow.dat	17012	8b98ada8b405e8f85a50522cee3a4ab3096ea53e94d810bc34b96c1827a5b9df
client/ios/resources/dat/leftMenu/WndRewardShowData.dat	3492	e5db3282ac5266a95f159c087a4967abe3048c8215c7db0f80bf988e68e10fdd
client/ios/resources/dat/leftMenu/WndStarSoul.dat	28973	470da78754ea1fdafd74ddf67c67af07ec0cc6af91df0d135b1559c81b99d723
client/ios/resources/dat/leftMenu/WndStarSoulData.dat	10430	c1b774db5b4d85919d51a780cb8f33e3a12d79733effc3ef7e5ff0ff41a18ad6
client/ios/resources/dat/leftMenu/WndTurnTableLottery.dat	14047	4a8421f10bb64d5bd4cc55ba93b6815a338943e8c04c51ac5a606c8514178c5a
client/ios/resources/dat/leftMenu/WndTurnTableLotteryData.dat	5176	707f05f83dbac74451c3eb193644d69c3a814fd7beb2d6ac93bccf6932578661
client/ios/resources/dat/leftMenu/WndWelfare.dat	44289	4508684876e93e296196d6755e95ffe0292e4bfb2334a826dfe280ca6c08b0e0
client/ios/resources/dat/leftMenu/WndWelfareData.dat	17205	a7a2a0f4ee7f85b02a30bf29fa7e58e3eafefad68a745d79956f63a50bcc01fc
client/ios/resources/dat/library/CellEquipItem.dat	2487	d41760cc573b8318adaecb1ff35214710d44f83ecf7bc70ab9a44751e66d2395
client/ios/resources/dat/library/CellEquipItemData.dat	2518	7a3c721910f78c1903e11c38ec74510973e06c019ade4e285e77977693939881
client/ios/resources/dat/library/CellEquipName.dat	2489	58b2199efd2f6d20463d5da6fb3024614da0b7e0ee39ab255d6c7e11b1f55ed1
client/ios/resources/dat/library/CellEquipNameData.dat	2249	0adee6c8ee14b6dacf36dd9ccf47cd822d2ab6609d7ae44c2e2515ae88229cc7
client/ios/resources/dat/library/CellLibraryGoodsGetPath.dat	13665	455b29534b872e6ee95f17e29cb1df22282e9afe73c31f3bd7f1b33d1c240ce6
client/ios/resources/dat/library/CellLibraryGoodsGetPathData.dat	2513	6cf3f34c96a3506e7704a12431128aafe7cc438e9f2f644e06d9e72e5d58666d
client/ios/resources/dat/library/CellLibraryPathName.dat	1595	818935546a95e21a78f02af674ad2ae8b7b60b060e064ceded3eeace67829749
client/ios/resources/dat/library/CellLibraryPathNameData.dat	2012	842c7e74992c780e47c8afa2592801ad2c933b90a5272d8b48ddb27a7ed517c0
client/ios/resources/dat/library/WndLibrary.dat	12931	555aceaa501ee4d8814a643365ed714c221aa9b705091870f351e48e94f31cdc
client/ios/resources/dat/library/WndLibraryData.dat	32968	0a0a55be0775fda930676177bad25b69153a2bd88520b73da0414242d562d082
client/ios/resources/dat/loading/CellLoadPicture.dat	973	1e6836148226efa0b08b7a6317124f087d56f73b48c5a6846f73ad7827dad958
client/ios/resources/dat/loading/CellLoadPictureData.dat	1950	6061f5b6b66b213253c42553262b69740aacf15ecf0924ca89652fd17f44c054
client/ios/resources/dat/login/CellLoginServer.dat	4162	b9b371ffd6c5e930e72dcf31c63bc589facb9ea2324e126a1c6e72ed53078e88
client/ios/resources/dat/login/CellLoginServerData.dat	2487	492041c505ab792176657133e35a81effc6a2cd639c3618086c7ebe79942926b
client/ios/resources/dat/login/CellSelectServer.dat	3007	f611ad9de7b8e446f4f5139dd8e32237dc4ca66052d4e3eef27435c7bcad08f7
client/ios/resources/dat/login/CellSelectServerData.dat	2363	3ef9274f181c6c2f97f17c9998e357a5035bd9355ce3bac1f5bee585d9af4b7c
client/ios/resources/dat/login/SceneLoginMgr.dat	11256	d3f22076e50831f1fd2425e3dfb4879bde38d52541476238de9a9f7ac16ea207
client/ios/resources/dat/login/SceneLoginMgrData.dat	1497	5324ee85511b021a1d8ff13bee582d1f6099fd6bb4c70983cfcaf463b3dd5eae
client/ios/resources/dat/login/SceneTempServerList.dat	9860	0aa06944b0d09ecd8b5d06369e8d733d1819cd48d7510a2b2bea7400826cd6dc
client/ios/resources/dat/login/SceneTempServerListData.dat	4062	64f78c503c1b80206630945d55427c32e8653629bef85f6a37586d3105928bc8
client/ios/resources/dat/login/WndBindAccount.dat	11231	fe56359828874c515fd9002a072c02375e43a3331f28d3117ef4c853520d8b0e
client/ios/resources/dat/login/WndBindAccountData.dat	1741	41ae1d904e365be67c03384cc879d99c96d3acab51ba91edab983a847acbf3a3
client/ios/resources/dat/login/WndDownLoad.dat	44499	8d35b8e1920d4f1d0a1572709ae262205bbbdd573dc29ff67b26ec701f99edf3
client/ios/resources/dat/login/WndDownLoadData.dat	3809	a603c4433feeb9ba2d1313e172a7ba35168a3f65bfa65c4e336ec7036e9c645d
client/ios/resources/dat/login/WndLoadLuaResources.dat	9164	48e90d994dbe1a7710d2765c6157f3d784b4ca50c8926b7c9177209c777fe64f
client/ios/resources/dat/login/WndLoadLuaResourcesData.dat	1957	18b2d2673890e96ac4c4f7fc4e91d28e2008b8598b5ab35b0a61bca4d34af04b
client/ios/resources/dat/login/WndLoginQueue.dat	2646	6f0d690bba92100484d29ee1dad2a4f197860f230c18483b058249b9e94fbd23
client/ios/resources/dat/login/WndLoginQueueData.dat	1727	eddcc17bd9abc74bb3612954948de4f74d266571f649ee07dbf2b11d02496062
client/ios/resources/dat/login/WndLoginSelect.dat	45580	9c6bdf9ed79310f2084805970415880fbda4765a8a34654920c9cfb4d4bacd26
client/ios/resources/dat/login/WndLoginSelectData.dat	2492	4eef237f94b908991c801da00c22b5723b428057c2946e7c935e19ca38795b92
client/ios/resources/dat/login/WndServersSel.dat	6971	8f7a2e355dfadde204d48b64ab3468cee58017a4df1c9c5f2f3052323e18acd1
client/ios/resources/dat/login/WndServersSelData.dat	8124	5c5304e24bdc515f5a16fb1c7c67145dbadf4f4b92472bb86dc60582721ad09b
client/ios/resources/dat/login/WndSingleInfo.dat	7852	d71a129fbc4ce579550bf53f85334702c2fe4f03ad1b2986a5ffb134260769b8
client/ios/resources/dat/login/WndSingleInfoData.dat	2433	9ee92bb20b357fc27fc4212a52cd6376c8befe66385b76a7af7638f9d0fa49b1
client/ios/resources/dat/login/splashStudio.dat	1816	923dfe92891d0bbdf330a88ba33848b11a70d68cdf492bd5c813daefd103e197
client/ios/resources/dat/login/splashStudioData.dat	1310	00296b14340aa012975f2bb5251d400461a3166dac78eb5152ee7080ba4e5c25
client/ios/resources/dat/lunajson.dat	26724	d275dc0b291a02e09e6c72074ce69d8da37da97f5822f7c67fd9afff068382f9
client/ios/resources/dat/main.dat	10794	72e101ddd2adf04de4bc1286ced79bfae9dd4db7a490c8bab4a19ddfaebb8446
client/ios/resources/dat/marry/CellGuestList.dat	9969	cb785e4b075ca8d9f5a4cefd6b356626f9cc4f9dc252fbe5f62c07b653885e13
client/ios/resources/dat/marry/CellGuestListData.dat	4430	4e6530961d6bf3a4d89bac3290e2ce74f84e50ec7ebdcf1a05a16dba4f787dec
client/ios/resources/dat/marry/CellGuestNumList.dat	3243	08c6e9352e856e3c5c3eb8ca6218703c89a5ec404dd237995443e9e3be90bbab
client/ios/resources/dat/marry/CellGuestNumListData.dat	3260	543f2798d7584b2c1ab2ca77b2d1853919371d80b70a5c769c6550464c521fab
client/ios/resources/dat/marry/CellMarryLetter.dat	3936	e7a17189e17b5dbc169933838390041f72fba086c13f93a5590e4fa60a6c6a52
client/ios/resources/dat/marry/CellMarryLetterData.dat	3089	03aef163fedf11a575f878ac162657e0af970d5a0b0597b432205f81b234226c
client/ios/resources/dat/marry/CellWeddingItem.dat	7429	a11ba1e0c835ebd53ec2db452b554b04cd2553f7bf64852654ad908bb51746f9
client/ios/resources/dat/marry/CellWeddingItemData.dat	5569	8770198529a8aa8a9a50b9c7e3da546209454fd5169552c4b87ec187c0b4b688
client/ios/resources/dat/marry/SceneMarryWedding.dat	24878	8a4030b9543f32e8beb62f7da0e28f39581dd1b892fc8e61340a716ca1c820f7
client/ios/resources/dat/marry/SceneMarryWeddingData.dat	7285	9a2849fb0de7b6d7f101e4c1c0e7be8f1827103fbbe720806c9c283c4c6c06ad
client/ios/resources/dat/marry/SceneWeddingChurch.dat	51689	04ff36bf7db78dbdeaf4a33d4d25ad2b07b97d8ef6110db211fa49fd96e956a2
client/ios/resources/dat/marry/SceneWeddingChurchData.dat	24196	b71cd7874f513338461b8b944568ae4cdb6781afe49a05f71d19b4a567a80b9a
client/ios/resources/dat/marry/SceneWeddingDaily.dat	21207	7c23b8442f994287696cd8f78d2062b469fcdae5b8fddee17af82bd4c99df32c
client/ios/resources/dat/marry/SceneWeddingDailyData.dat	11271	7c2a85ce1048cca71bf3f696d63c263391a4775cea99e01e4209b3c35dc02cdb
client/ios/resources/dat/marry/WndBuyGoods.dat	3629	12948ae114f5307d272b201bb4b2a54a3190d3364b6f26f2c56fa57a487f4043
client/ios/resources/dat/marry/WndBuyGoodsData.dat	2059	80cce1510e92673335c6cd37395685d2c8e18c3849097bf04ae1da62443f3fef
client/ios/resources/dat/marry/WndGuest.dat	13666	e8ac83f3b303a624dfc7b1d2f23d1965b43b8ed72af66688804ed15e3a031b26
client/ios/resources/dat/marry/WndGuestData.dat	5279	d156fea49bd69aa90a93c0a9fb51668139f09b4abbc53dfe5a88d046b81e2bc9
client/ios/resources/dat/marry/WndIntoMerry.dat	4555	fb8159d795acce43f5d01afa20227db26c28591bf8d6f8cbfc0cd9c8ccea1a4f
client/ios/resources/dat/marry/WndIntoMerryData.dat	1978	b6e82ed07ffd072d34d7c18299d437f227d24b2d4a4f460977b138b4c970bd57
client/ios/resources/dat/marry/WndLovingLevelUpgrade.dat	2517	be2fb5e11d516ac9097e1832b3c6e6c91999371553548dec82f713d967f51229
client/ios/resources/dat/marry/WndLovingLevelUpgradeData.dat	2305	a73415b1be417b5d9a1c2c834e5255880a5c564cd4e6d37bb8282b6ec2ea4390
client/ios/resources/dat/marry/WndMarry.dat	10576	cf4d442fbb40b5b07c635c061d85548db5e6b1143e540177a92883dbd3339276
client/ios/resources/dat/marry/WndMarryBetrothed.dat	18774	b241ab3d9ebce6cf0c39b64d520888ab33f5e2c440d9333bdecce5b02a7cfc1f
client/ios/resources/dat/marry/WndMarryBetrothedData.dat	2645	095263ce5afb1fc254fa6aa763cbb2195e8367f43b4ce7ea79540581952398a3
client/ios/resources/dat/marry/WndMarryData.dat	2301	7183f8bf8127833cb7dde01fdea6b2336893d5f6b28bc626c41a182c1c1f2f77
client/ios/resources/dat/marry/WndMarryHoll.dat	10149	c22374b91c5832184bff396855b4f703f3fb1fa83fbb7cacff9bd6cb24eac5c8
client/ios/resources/dat/marry/WndMarryHollData.dat	3464	39c4f5d58e642f7803eca25fab478bf071ac2805b9d6f0b7b1995496fac8d6ca
client/ios/resources/dat/marry/WndMarryLetter.dat	17268	1974c181379599196b0c1df42b8916a40947bffee2164c02db4c6bb32b96ca8c
client/ios/resources/dat/marry/WndMarryLetterData.dat	3089	9b3408091357e62969eebb6d7033b09e3cf4c74f0cf5e7fceaa41ed380c69bef
client/ios/resources/dat/marry/WndMarryLetterList.dat	5335	899a08f09380dd62c9f4f8181d13211aae86421cf3084b934494361cd59c5c64
client/ios/resources/dat/marry/WndMarryLetterListData.dat	1374	0a96d61824bdc5f1b30b1d34fb89981188392530ff86e070673b2b8da99aefe0
client/ios/resources/dat/marry/WndMarryManager.dat	25783	489c30a4c418fd786e8cbec2fb0cd5c431e3c0cf6a45dc3dc65b3b80b92ff001
client/ios/resources/dat/marry/WndMarryParty.dat	9313	08898cc3a9620663563dc17ef7bb73256101cc62b2fce58b437b166c0438e09d
client/ios/resources/dat/marry/WndMarryPartyData.dat	1819	5260a40679619b82ad6f38fe06c6277ebdaaee79f0503a4956a28e2e718d67f3
client/ios/resources/dat/marry/WndMarryTimeSelect.dat	5193	ecb73b915748e107fb6a291687cbe12980009d72d3e0f4c1fb3b9d8835ee2561
client/ios/resources/dat/marry/WndMarryTimeSelectData.dat	1739	67ef1a1f03d30899b81545b60fb36c03afa363080b2b4a321802db3c2d409c98
client/ios/resources/dat/marry/WndMarryTips.dat	4865	0a02d8d44f2adcdfc0a9e29641f26b01f8f1fb8541149479e84aadb9259f4058
client/ios/resources/dat/marry/WndMarryTipsData.dat	2946	f6af421cb6bca30cf3cb40a07c041e60137facad3205562b9917a12d7ef6e5fb
client/ios/resources/dat/marry/WndMarryWeddingAsk.dat	6229	9b44660ec9462eb007aa0ab0f5b38ed0d010fa48c5cee5ac833783c665b171b4
client/ios/resources/dat/marry/WndMarryWeddingAskData.dat	3791	15bee72ad3c84333b82a2c8439d0069a3f10bd486b5d15d17477ef6559c91f2e
client/ios/resources/dat/marry/WndWeddingDetails.dat	13121	0437c9d375eabc7758c37d3e1d3e81e33b29458d28133af5ae4de6129a797654
client/ios/resources/dat/marry/WndWeddingDetailsData.dat	1978	46fb7352366384f37a610b6c49b30f2dd2a8dd56d308b183390127a84b187ea8
client/ios/resources/dat/marry/kid/CellKidBagItem.dat	10802	c668589c4be7d617ed89081d16e82937cc051c4473de6a94eaeaf7dac4709676
client/ios/resources/dat/marry/kid/CellKidBagItemData.dat	2318	60946b48ee85649db0fd775b0ccf2bba531b540ab12137f96b9264d82c37aa74
client/ios/resources/dat/marry/kid/CellKidBuilding.dat	21952	1a98cce88b764677d3a36429b95fa3fbb4392364172f32cc9c61301a2653028e
client/ios/resources/dat/marry/kid/CellKidBuildingData.dat	2639	88059653aaaef4c4bdbee62119333904e7d62e568b98701482f81447e6859e73
client/ios/resources/dat/marry/kid/CellKidBuildingLawn.dat	4100	253ca7f15005af4a2218714f56b0f3381b007684e32c5c13ad4c3e64da7ea722
client/ios/resources/dat/marry/kid/CellKidBuildingLawnData.dat	2021	61e6e76a032b7031da9228b1b8fc7fb16897d42f63b4b556c9acc5f11fa05b9c
client/ios/resources/dat/marry/kid/CellKidItem.dat	7192	fb95fa18b962f4ad878a75ecf4b163c4c4f36433fb9a64efafa5eeb60bcf1b8c
client/ios/resources/dat/marry/kid/CellKidItemData.dat	2046	f08d7ab16e3946be5eb2c9678e09a28aa1c22672e502d47c6f24d9978a9a148a
client/ios/resources/dat/marry/kid/CellKidRole.dat	20103	3792d15d7f0ac710ff171df4ae2afd2273805e28b0f688d66732e4c72f40aec8
client/ios/resources/dat/marry/kid/CellKidRoleData.dat	3295	cacfac52689e33fbfbf33269ddfc27e61bdb3e50a870643a353b609bf506a779
client/ios/resources/dat/marry/kid/CellServantTime.dat	2077	6d294b515ecb6de889d32545ef9f7acfd0abf52b0f322f9099a0b71db8dc4b7a
client/ios/resources/dat/marry/kid/CellServantTimeData.dat	1971	979230a28e1ea1f4379bdef52a6f1ee6eb41d23441c1af0e2d9ef966ba8b4629
client/ios/resources/dat/marry/kid/SceneKidHome.dat	52896	36b6b57a889e5e87328d7177f1e47f8167c6f349954636dd11bd9f54eaa5a1c2
client/ios/resources/dat/marry/kid/SceneKidHomeData.dat	56763	bb09c845ef25c0a26a1eac85f2f1296db04d1bccd5c15f95d4267f910e84b13b
client/ios/resources/dat/marry/kid/WndKidBorn.dat	16990	f767ac559372d5d50b6c13704df064f5881a7d0d1df295640f07f284ecc6fd72
client/ios/resources/dat/marry/kid/WndKidBornData.dat	5196	57a056b29cbef954ca843574ce78e569a51d1f9f94e72321351988398a10a3bf
client/ios/resources/dat/marry/kid/WndKidDress.dat	26153	aa429ca31c2552ed45914fdb6f3b517b1945e3061648c0e3231b44c468804070
client/ios/resources/dat/marry/kid/WndKidDressData.dat	2817	b1e618f433d9d8103e14e467593db2dd285cc931d055d01bb32b5d15067d195d
client/ios/resources/dat/marry/kid/WndKidFeed.dat	19212	0b4aea960fae7cde82717dd4246bde4b0a6cbe2e60256def286b89df3203be73
client/ios/resources/dat/marry/kid/WndKidFeedData.dat	4520	bc6cc02ed1335661bbd20f92bda00311e4ed167e01b3fbda48260240c56c15b8
client/ios/resources/dat/marry/kid/WndKidManager.dat	6760	5098c7ae6689bb8c222b026df1a9f2d22ab22e1f0092425879071a4003fe32cf
client/ios/resources/dat/marry/kid/WndKidManagerData.dat	1803	ee72c8e40bc114efd91425c7096707bc472ace488de27b3137735760bdc68582
client/ios/resources/dat/marry/kid/WndKidOperate.dat	30236	4233479f054931301487627a46ce70a16bb63ebac904f27015306166fee67146
client/ios/resources/dat/marry/kid/WndKidOperateData.dat	2565	70b8b6b454e446d624ade96260b6d21abe206a5397415ef0c76cbc7189b8ca04
client/ios/resources/dat/marry/kid/WndKidServant.dat	9647	2de99f9c99d0433f6ec80e04a1aac015834d626f07ecec60846026d9523f66eb
client/ios/resources/dat/marry/kid/WndKidServantData.dat	2862	400436a6ff13707a2dab97d78fd1c7ad575d38dfe1f14dde082ed8de46106081
client/ios/resources/dat/marry/kid/WndKidShop.dat	3311	2476ccdee687217f971b8af10574413e6fb659eafa08f98692644a03ffd445ba
client/ios/resources/dat/marry/kid/WndKidShopData.dat	3521	c15a4058559f15fed77019c48414e55a2183cf1e4422b5eb2171a4073d95a5df
client/ios/resources/dat/marry/kid/WndParentsCare.dat	20094	4ac9425e3bc834ea189e03d10d047ea47d1a7d365f4e6535678408974a07f3cb
client/ios/resources/dat/marry/kid/WndParentsCareData.dat	6679	f48dbfdc9f42eadfaad66335314161dfb041f075b2baeb1e5782d32a6dfb13dd
client/ios/resources/dat/marry/match/CellMatchMaking.dat	8372	977f27f7dd9ac511004f8ac94dcd057cf65dbf35794509b70cb822d21d8f2b74
client/ios/resources/dat/marry/match/CellMatchMakingData.dat	2091	1d752d720e88901416fbfa529d459eb90cc8f4ccc3c695033e9f3745f0671598
client/ios/resources/dat/marry/match/WndMatchDeclare.dat	9903	ec39572688c0c627ca975261827f52abc14a0d3f65e217cea24a571d1269f8c1
client/ios/resources/dat/marry/match/WndMatchDeclareData.dat	2070	2f00151a0562cd8027f36d83a30bfc3f7fd6e773cce8c780c684ae7a3d48b328
client/ios/resources/dat/marry/match/WndMatchmaking.dat	12406	9aa12b7c9920ab4a18e6fc2e0572caa6012daa4a3edb532e08eeab08b7cb7531
client/ios/resources/dat/marry/match/WndMatchmakingData.dat	6281	16db7bfddad8ef2e936299b843765ceea8fe8ec52fabede4bfe6d6625d9e801f
client/ios/resources/dat/master/CellMasterInfo1.dat	4545	4c6f0f8f9d9846a32d2176fd62a9d1295e5e4d9945b8478b0c33204506b40325
client/ios/resources/dat/master/CellMasterInfo1Data.dat	1843	88f8163b9cb15de293c766becc38241c2120066d49c29fb535c4497e921a479b
client/ios/resources/dat/master/CellMasterInfo2.dat	2595	934265f41f82dd6222d1e4120fcd5c7e61fd99fc3f8a5e5386636919750f3513
client/ios/resources/dat/master/CellMasterInfo2Data.dat	1843	041c82431b26c53950eb6bffb01419b8096538bd4c8902c3607dd9513273a129
client/ios/resources/dat/master/CellMasterReward.dat	5027	cf3146528454d66bc4062610b9c193f78f51f28d703a9fcbdbd267736841915f
client/ios/resources/dat/master/CellMasterReward1.dat	4128	bea521eba4a8003117d3dcd2a060c433c751ce444ccb56df37d33191dbf0e4a9
client/ios/resources/dat/master/CellMasterReward1Data.dat	1823	2814e3b55c3e4c099d5957c5162f1153f274c16959f6080e1dd017b1e01d5585
client/ios/resources/dat/master/CellMasterRewardData.dat	1804	8d1e463f7f00ab2bba25019f3dffe854b2d77ab5989b60063ce35331e084eaeb
client/ios/resources/dat/master/CellMasterSeat.dat	25260	f3aa2a61beedc0c5fad5ffd3208966b11b2eceb8fa4c1091c9397018d41b0e4f
client/ios/resources/dat/master/CellMasterSeatData.dat	2134	a6fe6e2d94e8bee203f46039b5af6160063af261f20add84c583e1a691488200
client/ios/resources/dat/master/CellMasterTask.dat	4946	3cbb4314fdbb193c3b0b4cfbac73e70fbf155f5767dea25829bb481de01d82d9
client/ios/resources/dat/master/CellMasterTaskData.dat	1998	899e2051a068b695b9d03b75175635b26ef8566b66167048b706ac868d1e15bf
client/ios/resources/dat/master/WndMaster.dat	9840	848b78fcddfed6d2299ef33b8e2c7bd8f88dbef0700e82fb789f1ed01389c402
client/ios/resources/dat/master/WndMasterData.dat	1989	aa62f8f9bd5ac4b2e05529fd6acbf048a1afa97f377d6aa259619fed6d75ec04
client/ios/resources/dat/master/WndMasterHall.dat	7063	44dbb4749b551f614ddf42df5741c042661bf60943fbf9237485f50711a74cbb
client/ios/resources/dat/master/WndMasterHallData.dat	2612	f5d37fde83ac434b7068abf66a093c8f713406fef5927dd45ae84d7ffb43be67
client/ios/resources/dat/master/WndMasterImpart.dat	11033	fa65d0ae46656dc54b5706df045b842142e3272d545ba36c97fe614f6a40cf76
client/ios/resources/dat/master/WndMasterImpartData.dat	2096	0472d3afd3b57630f8e28c18260b24855280015740c37ad292ee19bd3c2de68c
client/ios/resources/dat/master/WndMasterLog.dat	3449	72c75c09f9656d6d5401044ad495603925c4539a2f472670bd89bf5d5ee555b9
client/ios/resources/dat/master/WndMasterLogData.dat	2905	d403f8013b5addd9d56213db5aedb3306d8a95723aedc094a4a887165c882219
client/ios/resources/dat/master/WndMasterMember.dat	6160	8b6e4684699db1f3b59b0c66d507249bfe3f21057b8776b1b13a043ba109f18c
client/ios/resources/dat/master/WndMasterMemberData.dat	3950	6ad9f54896557f7035e6c96828b2b402780cdbb7f69454e891855d6cee0b0db8
client/ios/resources/dat/master/WndMasterReward.dat	11825	71c9a46586bd40668ad4ffd3d8495ab1c849a7aed4e11eb315ec55c6f67cf972
client/ios/resources/dat/master/WndMasterRewardData.dat	1496	a7d031c74fdea67650c2b3e442b3ca4f3af78fbef97d2c042c854370bda0f02e
client/ios/resources/dat/master/WndMasterTask.dat	2048	4f940f53d4c238e39a18ea899f8be7e34e9e8dc082a5782261d19bb88dd412d3
client/ios/resources/dat/master/WndMasterTaskData.dat	2882	0607164f4c51338b698f0b8612ebd3cb0c6d8df2aee2d29ee4ffd9c0ad0c911b
client/ios/resources/dat/master/WndMasterTip.dat	17287	39378fb6c4264f92bfc7359d725d8f5aef155267e049b79f7403480a8fdfe050
client/ios/resources/dat/master/WndMasterTipData.dat	1597	bc0c384cc01124b122849c7904863add04d4c3fdac5ee09e06b18a2c46648080
client/ios/resources/dat/mounts/CellMounts.dat	12739	968f6bb1714e9cb713e81704a9210fbbdedb77bb889085b5c00f9033585029f8
client/ios/resources/dat/mounts/CellMountsData.dat	2215	9b649b49813656666bf94d79d525c38ff2973273f2647af0f8c960879a87982e
client/ios/resources/dat/mounts/WndMounts.dat	26573	69923069be81667864707477ea993d861a2c779195561074a325b73bfe1acea9
client/ios/resources/dat/mounts/WndMountsCenter.dat	46457	ee60874eee73d53fa7f8f157db67e0049ce2728d2c34be8081e3b3d6e3d150f0
client/ios/resources/dat/mounts/WndMountsCenterData.dat	3084	18b27b00bd3b1cf2d1950835d200dc8c8e9f55e3caee2f1ae2cd564771a5aa49
client/ios/resources/dat/mounts/WndMountsData.dat	9746	33f0fa2c5f8b8549619d4c5422f9cd2582670213d35106387b3beb6fa4193dfc
client/ios/resources/dat/net/IPDConnector.dat	16222	4b9bb7ecbecac91bad99fe26edf4475f01dc44f58aad4eb49054508c48d3c883
client/ios/resources/dat/net/IPDhttpServer.dat	20213	8ba53a901fb33bc3980875b23c2c858ad15042eba9b064eca67fd5b1277fecb7
client/ios/resources/dat/net/NetManager.dat	22551	d24e4ecae7c7579fd384b532c6dda4590e794a8847e728f8595ce7aaffb6f48a
client/ios/resources/dat/newActivity/CellBreakEggsItem.dat	4594	bbcb11d8d4b50a5051edf91e2cec38a1c911d5af48e3e9c3c57c78ea79c41bc4
client/ios/resources/dat/newActivity/CellBreakEggsItemData.dat	3570	c65cbcb583a59341b50a52467a5c1bf6cef5c0a3c0859a005479b54978840559
client/ios/resources/dat/newActivity/CellBreakEggsPanel.dat	6993	262014088e0ba7290e8ed6e360e7113c84fd261216af8ada3600b38cc6f92204
client/ios/resources/dat/newActivity/CellBreakEggsPanelData.dat	4248	36b62b0cb935133d48f3c6b2c15fe9dfa82b7d565b70aab6fb6fc5b603a95926
client/ios/resources/dat/newActivity/CellFightingRankItem.dat	9620	a7af27d59c1f1c331a21b2377d27dff62e0311d0c89af6ea879cb2e94351fb8e
client/ios/resources/dat/newActivity/CellFightingRankItemData.dat	3026	5e2b00ac968e5e7a8d205467090b80ee81cab9b471272810e2b9d1041ae41073
client/ios/resources/dat/newActivity/CellFightingRankPanel.dat	9262	1d5805e2329782714c919e6cba5e37bd12f40680bf7e0ed3c049654cdecef6bd
client/ios/resources/dat/newActivity/CellFightingRankPanelData.dat	4807	55021fe15b1f8a05b072b0e49c82a1cd74fd6c7529d89a5937ce3044b4056726
client/ios/resources/dat/newActivity/CellSpecifyPanel.dat	10264	03d8e068bf75c8d73dec13f6c8640a73fcbdf318090815c339fbe310c68bbb22
client/ios/resources/dat/newActivity/CellSpecifyPanelData.dat	2669	bc2ed58d31a3c967623a9ee2ace8906b4e4af7025b9d80770e0167778f476db6
client/ios/resources/dat/newActivity/CellTimeChallengeItem.dat	4171	e078dd6e09ab1623fc0cf738464b248ead5aa7cae56f2136d838ce9ce95282d4
client/ios/resources/dat/newActivity/CellTimeChallengeItemData.dat	2280	2087746aceefbcd79f39c754f1bb2938473ca8555003fa89b0fe8d60c6eb3ae7
client/ios/resources/dat/newActivity/CellTimeChallengePanel.dat	3740	9cb17f4a59b825175d6880a0ec423f207bae504bd4a5b416b4ec8b782f1fac9c
client/ios/resources/dat/newActivity/CellTimeChallengePanelData.dat	4620	7b0621ed7d9500ab083197ddd3a325a2edbafc2b47f956c5ab4ace4cf70bb63a
client/ios/resources/dat/newActivity/WndMonthFighting.dat	12571	f8f6b0b0bb17b69e9f10cb7d33d3943198c5c67b1a7b6c4c2e64eef3e43a7dd0
client/ios/resources/dat/newActivity/WndMonthFightingData.dat	8117	228ea706c974c8cf82ab9b369a27a9f8cb62409c2f94eb7c079b348e02124d29
client/ios/resources/dat/newActivity/WndSpecifyActivity.dat	5826	511c0e10ee2a4129cf945111bd6a69183c35cf267c2baa37f1b2a2b3c2bc23be
client/ios/resources/dat/newActivity/WndSpecifyActivityData.dat	5500	7c26d7bb9bc7e7c9909ae334b4511a6bf8726867f7abc0ff2e111cca52c34d91
client/ios/resources/dat/pet/CellPetChoiceList.dat	12134	699fe206f13761296943bca0b54881be9eb7c6921b5c9a579ec3ac2b18b0d1b7
client/ios/resources/dat/pet/CellPetChoiceListData.dat	2452	b5a03a01c772135363c7dfcd965a3dfd7eafe50e3029ebe5f6f6e479d8dd3b6a
client/ios/resources/dat/pet/CellPetExchange.dat	5585	e03266a9ff33f71f9ffaf54a5a79bc040bb1842ec14be4ca6433eabb557e8f21
client/ios/resources/dat/pet/CellPetExchangeData.dat	1982	8c823646e3711068c51d8b168c806395f19c9db42cdb45658aad51cc67fec520
client/ios/resources/dat/pet/CellPetFetterItem.dat	4370	50068476331538d45f5027750ba3bcdf7d139afce2be20404b938a55e79ed50a
client/ios/resources/dat/pet/CellPetFetterItemData.dat	1995	098dced2e848b4a0702a4cc3755096a7f862c9a6f77d7a34e0197a057f7fd014
client/ios/resources/dat/pet/CellPetList.dat	5910	34e6bf00289532029366b0c6479fcda5e7093dfa2a6ad1ee8e181f82781b3a09
client/ios/resources/dat/pet/CellPetListData.dat	2087	dd114744212de4ae41bb27b95b43cef6ced937b07b572d5c315fabe91f502da8
client/ios/resources/dat/pet/CellPetRaffle.dat	11570	e2aba354945b2d4a5cc4e3a145660f70dc820fb77a83326cbf20ad05877534e1
client/ios/resources/dat/pet/CellPetRaffleData.dat	2028	7034e0c4749fb64ffe107558e62eca73f80305d7a7921cf4889acc70523bc58c
client/ios/resources/dat/pet/CellPetSell.dat	3995	5ecd36c565a182728912d79a4d8a77ee91fbeb604d02b925389f0eb4f15a9459
client/ios/resources/dat/pet/CellPetSellData.dat	1976	132e77d602457232caca27da6dafe16bc35f31259fb8340a818fe2ba5ec50fa1
client/ios/resources/dat/pet/CellPetSkillLibrary.dat	2316	be1d2d7f1de48d087a068a2049221a1f12f9e4afeac5a3fc4aa98345c5a009fb
client/ios/resources/dat/pet/CellPetSkillLibraryData.dat	2192	9844c79eb0e65ad8bd3e8d1f688f37c4152504320eebeb4ae210854dbe9f4662
client/ios/resources/dat/pet/CellPhantomPetHead.dat	4398	eeeb3e13259b8e1357591ad52b97625c8d233a039fc2886587571bc7e7ed3762
client/ios/resources/dat/pet/CellPhantomPetHeadData.dat	2510	a656c91f820cc00057c5386222b2e9eb3d50e04bb120f8e84c84a8f021b2d0bb
client/ios/resources/dat/pet/WndPetFetter.dat	4123	bd31b76277c3feb545de65ca633555e7f7d785df2e3deb82728224ecfd755923
client/ios/resources/dat/pet/WndPetFetterData.dat	2055	8e728904cee07976439fbf5de1d6a08a3fc0f8d90b68aaa8bc3d1ea22c4022ca
client/ios/resources/dat/pet/WndPetGift.dat	9332	e64afcbeef3bd7410b5f0de439a6b3c11114f460a0beaffcbbf3915e55d068a5
client/ios/resources/dat/pet/WndPetGiftData.dat	1640	918ec5b8888770a67a70074fe38bb571e9cbd6156655388cdf73b55f9df77642
client/ios/resources/dat/pet/WndPetPhantom.dat	8723	460c3cf59619452c962cbf825da2b880fcc3dcb59c9efaa93f650ac06459f5b6
client/ios/resources/dat/pet/WndPetPhantomData.dat	4191	81dbda0ef40607d3011244bc8f61c987e27c7c22761d97a1e12c82100c46fb17
client/ios/resources/dat/pet/WndPetRaffle.dat	48072	72cfed76e37d8e33941a3f4614a53ecd82fb632ccf6efbc5c71fb17e88bccdd6
client/ios/resources/dat/pet/WndPetRaffleData.dat	15508	eb3b7efc51933e45f07f0dd986dc17269f773bd1a34d02385f1f056f98dd2ccb
client/ios/resources/dat/pet/WndPetRecover.dat	11857	ad500b70c9cb7f7f2663e0efc297df7d6c947028e0e1ae14c47ea556c7f188e3
client/ios/resources/dat/pet/WndPetRecoverData.dat	1430	ea52ad8306145cc87b7a54f13faa582b7d655d45c81b092825f4e2f7db8483eb
client/ios/resources/dat/pet/WndPetShow.dat	10002	c219d379c63ff48d8863f42afc072a3be0ccd219c21d09301191bd56eb9e5854
client/ios/resources/dat/pet/WndPetShowData.dat	1674	5981c8ad2334bb93bf56549729c9e46cf8c5b422e0c5d7de0b98d5af2c4b29a4
client/ios/resources/dat/pet/WndPetSkillLibrary.dat	2269	4e786c5df4784bd4c80e7a7f14911c1073698821781bd54b5ff49be40d0295d4
client/ios/resources/dat/pet/WndPetSkillLibraryData.dat	1506	6741b0febf8b93dc719a68810f1136c5baa97a399e43a0411b7505cd81748597
client/ios/resources/dat/pet/WndPets.dat	41916	4f084b8e4ff9d754bcfea4b95ea3c860e75f9bc8a122a4fcbb4fd60356762d2d
client/ios/resources/dat/pet/WndPetsData.dat	6365	2b3a79a3af4bf7414cca4e788d2b58f75e48a1ec7913ba934a6804a44e08bb71
client/ios/resources/dat/pet/WndPetsEvolution.dat	30062	fe38d8d5ceb8050b179d261752d7a900f406f76d71e8ed2b255481967ee63cfc
client/ios/resources/dat/pet/WndPetsEvolutionData.dat	3376	6ac43b22f2a7ebd600a26fd8babf86f6f8e7115a80604d4e3faa3c948c66be4f
client/ios/resources/dat/pet/WndPetsRebirth.dat	20867	271b9d8ab13b974d355e241b3763d6682daf61827e672d15fa3876244306c870
client/ios/resources/dat/pet/WndPetsRebirthData.dat	2506	1e0a1d1f7a8cd0318205f6e593a1427f06e22f71dac9ef05a32ef3c88be7cfe3
client/ios/resources/dat/pet/WndPetsSkill.dat	27693	074ec22c8e6646e2197fb5d5ccd9fbdea935d6604aca6b41e040fe50fd979433
client/ios/resources/dat/pet/WndPetsSkillData.dat	2878	3644d6cb73e452bb43f39d57dc28964f9fc52fecb92046400b2c8b4ecd27a4b4
client/ios/resources/dat/pet/WndPetsUpgrade.dat	29720	1b6829d27725924b3e27df2f2ab62d83ad6732206d8f377bee8b09eeabcc52f2
client/ios/resources/dat/pet/WndPetsUpgradeData.dat	4416	1c41fe1de25fdb9dcae3f41ab831f56a7788ae71cc1effd6b6831d953787ef30
client/ios/resources/dat/phantom/CellPhantom.dat	5570	fc2e6daf5801d6f20773bfcc78f6350471335ce7f001b282ef29b0040e0dc18e
client/ios/resources/dat/phantom/CellPhantomData.dat	1836	d77e1aae84d7e722f85735440afc8152e152cef774a05f7fe24fb7decd737071
client/ios/resources/dat/phantom/CellPhantomList.dat	6166	377a7f98776f2e3862b0ac7e6bd3654bd9cb36f22250ad4290e7a02ee8b85865
client/ios/resources/dat/phantom/CellPhantomList2.dat	5501	ce98fe192908a496a167d71c7426b13dae9c1b99e6ff8fba30a4f4b4af18ef1e
client/ios/resources/dat/phantom/CellPhantomList2Data.dat	1804	38607a2d4cd9e8c2862392e9c130548f4f80e026766cff9b426958e532492612
client/ios/resources/dat/phantom/CellPhantomList3.dat	5446	892a033a2bf33ee1d5f68845fb8546b7d50152cea7a3e0218cad6cd11c12c86b
client/ios/resources/dat/phantom/CellPhantomList3Data.dat	1804	72ca5dc3d8239957ae7e74a5fd718bcf97f21127d11d46751dc274e9f18c7c46
client/ios/resources/dat/phantom/CellPhantomListData.dat	1794	964c61752e0233343232daa64a7da1b1ebb5184a348aaae73a9fd4522c7d6a6a
client/ios/resources/dat/phantom/CellPhantomUse.dat	1740	eae8677a511817eb48ab4067657dbcdafc776ff79d0862b0d423be07bcde2866
client/ios/resources/dat/phantom/CellPhantomUseData.dat	1824	d21aadb837489b8c0d11e7c7c7c7e1e2977fa7b9a792ebfb15cb6c97d3833db7
client/ios/resources/dat/phantom/WndPhantom.dat	34817	a890481ae6f0d37bcddb2066a18059cc88518eefb46366a03e0eec3b61897f76
client/ios/resources/dat/phantom/WndPhantomChest.dat	6198	531a0ed339e74bd61c4e6546d02e29f21d7b2a9fe735dd90c716aeb5499bbc41
client/ios/resources/dat/phantom/WndPhantomChestData.dat	1606	ffa6df409e8cb7f61560f5400960ef61e0f4e72ded11447ca1247eeb4f5430b5
client/ios/resources/dat/phantom/WndPhantomData.dat	8021	e1c92922d15f26cd65c5b1c52f6dcd4fa82c2c5996b0480c86210741459d2543
client/ios/resources/dat/phantom/WndPhantomShow.dat	7659	68278d6f60a3ce54ddf36c409f3ed25659a38684959e437f0a64aff6d6770d97
client/ios/resources/dat/phantom/WndPhantomShowData.dat	1511	11ecce5357c95fc29ba055f6f66b63d5ae3696355d0c8d1efba0e8dd8c58b0da
client/ios/resources/dat/phantom/WndPhantomUse.dat	2257	7ca2d04a9d09dd5823556eed478c5145790f5e5be4af13ac1c842f4c90115534
client/ios/resources/dat/phantom/WndPhantomUseData.dat	1448	908d63e33c3c53ceb2616d2694862fd9b6179a63df18614c0f310d06d8c4acfd
client/ios/resources/dat/practice/WndClownTreasure.dat	23713	17e31cffccdf46e6e85a89cf04a3b21282e928e39306c5eb487ef9cd24ecabb4
client/ios/resources/dat/practice/WndClownTreasureData.dat	6441	8a850a8d61c3b6563786e709e5920a8852391876e7e513c3e985b8f8ab007c2e
client/ios/resources/dat/practice/WndPractice.dat	34558	99a7e726d0d242e0a836910c79a7f6bfb60010dcebf062da70e2abd1195e51e2
client/ios/resources/dat/practice/WndPracticeData.dat	8694	d2588f4c023a9a6bc348a50a94747cca72f1fb30f7cee9a55bd92c3428e6d660
client/ios/resources/dat/promise/CellPromiseShrineGiftItem.dat	2757	c582bc9e90f8b3e3a801a50cb3d2523250f96c39519fde4cc48aa2d814b55753
client/ios/resources/dat/promise/CellPromiseShrineGiftItemData.dat	2078	a5b5c7a4d9bc36cf903d442b44e1396d65ff63668a97b1a550b2703ddff4f6f7
client/ios/resources/dat/promise/WndPromiseShrine.dat	19206	65670321ae3ee59dd64d828ed60cf1419d4a2a71bbb40fb8afda2eb9ed7cc770
client/ios/resources/dat/promise/WndPromiseShrineData.dat	11138	1a73b4014f0d352f3db817b5c70d1fc6e5da18d87347eed2efd398095e70eae5
client/ios/resources/dat/protocol/Protocol.dat	95829	7a4a8a77f7f82b4ac1e31df75cd19dd80204f2c09448255ac61426aeb96832ae
client/ios/resources/dat/protocol/ProtocolErrorProcessor.dat	1218	73ab64664286fb3e5c49a976f8f02255f55ab29da114ed4d8cd67bcda307295a
client/ios/resources/dat/protocol/ProtocolProcessorAccount.dat	70771	dfcec5796cfeae598a1d806c1f3f2d8f104aec64869b39b2652123b2fc05c604
client/ios/resources/dat/protocol/ProtocolProcessorAttendance.dat	18585	4666d628d795302ba5176026991fbf3e23439a57e2533706407e6424d522cb49
client/ios/resources/dat/protocol/ProtocolProcessorBase.dat	5411	ea7e9d5c5c8839bf895e3eadf0364086b6e1ec2b9c2a1f0c604ec765283239b9
client/ios/resources/dat/protocol/ProtocolProcessorBless.dat	24528	3345d650dfb4a7c99c5299808b5abe9f35f16b4be757dcf60b19394376cf6ca3
client/ios/resources/dat/protocol/ProtocolProcessorBossMap.dat	16970	25e6d9e0097e58d5ad9aff55461f21a3c67679b317a49eb40a0bd2fa75b87ecb
client/ios/resources/dat/protocol/ProtocolProcessorCache.dat	19106	b7c5bb54f6ffc89e5f92c9c11604e5c7fbc05be1ec09dffcacf86c2398aa1d6b
client/ios/resources/dat/protocol/ProtocolProcessorCard.dat	10910	febd9d0549dcc176904b320a6f193e5ff629b2ef2b8b0705c856a8831b8d541e
client/ios/resources/dat/protocol/ProtocolProcessorCommonPush.dat	8863	16ceabc459321c1b11acdda0df1972f70285a5b24011855ba07db7ff6e6c3017
client/ios/resources/dat/protocol/ProtocolProcessorCommunityBossRoom.dat	13642	fc2cfb1bf7aa1aa1efe2dfe059fb6a9d090ce675e3dab8b93a577d25cd640e6d
client/ios/resources/dat/protocol/ProtocolProcessorCommunityWar.dat	40505	69132aaa1301e0296e561ea8a58066e423650b5ed2cc20bc95dc143fe5dd9394
client/ios/resources/dat/protocol/ProtocolProcessorDesignation.dat	15503	926688e0cf3eb67ca3be418a9c1f34970860430fe004af4f51b664c1984f9bbf
client/ios/resources/dat/protocol/ProtocolProcessorDigGem.dat	15220	5edff7015f844c7f7048ebb0e89f165e6ae5881d75538afad823acc2813bd726
client/ios/resources/dat/protocol/ProtocolProcessorExploration.dat	13870	cbffd3e7003b98b4a7aaa3f502b0de9d43221a26f4b527f6eaf02721cf8c4bc6
client/ios/resources/dat/protocol/ProtocolProcessorFamily.dat	56926	7fcb95e38e582e1acf6827ed73dc186d38565933e2d9f7f7f7840e8148c3f4cd
client/ios/resources/dat/protocol/ProtocolProcessorFootMark.dat	11786	8021dba56f745523043deae3b3d62ced3f777dbe50d1358c487dbd9f8e9985ce
client/ios/resources/dat/protocol/ProtocolProcessorFund.dat	7493	4773d6d6757d37c43f1768b8c4fe4eea2e8ba9cca6dbb8ba942f25569132442a
client/ios/resources/dat/protocol/ProtocolProcessorGlobal.dat	123690	f73de3df38d9303240e6587b66cb0c8e468a56c6bc9432a7ac4c6726cd7d362b
client/ios/resources/dat/protocol/ProtocolProcessorKid.dat	33168	caaa36434daa046fc54b2cb6e725a5a7b111f24cd2a4844b267a3db178c5056a
client/ios/resources/dat/protocol/ProtocolProcessorMarryHoll.dat	4047	0607f7741f6064384ce5046a8bbcd15589e25a30bddc536357deaca9abcf69f8
client/ios/resources/dat/protocol/ProtocolProcessorMatchmaking.dat	10631	d4491bb099e9f4c502a61c52737e5e44d5c95384c0f22c930cae1fad9961bfe8
client/ios/resources/dat/protocol/ProtocolProcessorMerge.dat	5030	b8c36b38eb0e4b46e0cd5f1db3e4a535c96377e0e030ab6e5bcf8006c3cf019b
client/ios/resources/dat/protocol/ProtocolProcessorPhantom.dat	13013	76f0ab636ca50679b26a7028dfb65c6ca062ca361ff40f5c4f395a8df363f2b8
client/ios/resources/dat/protocol/ProtocolProcessorPractice.dat	7988	5cde3cf795946627e88d9ad5cc6dc1a14550f0d75d23d490b67f379cb0d99806
client/ios/resources/dat/protocol/ProtocolProcessorPrefetchCache.dat	13428	a52e503672c1b99c79d287d12bb12f266e980f815b58b974fb2bb77a10139b16
client/ios/resources/dat/protocol/ProtocolProcessorPromiseShrine.dat	4859	05959886bbc6c813aac916ad949ec673234223a1c6b367498a5e690930e9e685
client/ios/resources/dat/protocol/ProtocolProcessorRecharge.dat	27026	27915463717f30366b4e364f9a764caa890eaebc3f5ea3b1b357825dd9f753ef
client/ios/resources/dat/protocol/ProtocolProcessorRecycling.dat	21751	15681c563c10e4993de0aa43c02597ca16528d70f309ee9a7f594d5ca47795bf
client/ios/resources/dat/protocol/ProtocolProcessorRedPack.dat	9517	a4813134fd3837a2cbfc318daccddb49adb5316c224df8ed373253b1de8fd823
client/ios/resources/dat/protocol/ProtocolProcessorSceneActive.dat	5548	0c2b5da9bd10d0d5492823486bfbbcaa3a2122e94311dacf23b70e10e81d4a6a
client/ios/resources/dat/protocol/ProtocolProcessorSceneArena.dat	23857	cae0f64667df08f257a03322bea9280ebb903caf4065a0f9ef25c3b9d5098adf
client/ios/resources/dat/protocol/ProtocolProcessorSceneBattleSettlement.dat	10327	1e2d07e26fbacc219b68108a0fd17adc1cc7cbe08feab290267bef2052ff0c07
client/ios/resources/dat/protocol/ProtocolProcessorSceneBossRoom.dat	20829	6c67f85c707a8dc22866f72a4f7b3ca28c674a2679540c941a7db618315eb10a
client/ios/resources/dat/protocol/ProtocolProcessorSceneCity.dat	39275	5bb1d378e50a63746b4147ffe0f4f8ed9accbdcb7492c91e57c1abab4608a997
client/ios/resources/dat/protocol/ProtocolProcessorSceneCommunity.dat	78892	ba882b8b02fe22b0a06674d567a395edc97875fa3c21c447602a201506191db2
client/ios/resources/dat/protocol/ProtocolProcessorSceneHall.dat	17989	e6bd361c0b7a8dd8bc1ebad8395d0f3c38e7be03e04b8f43604d55a62d273078
client/ios/resources/dat/protocol/ProtocolProcessorSceneIsland.dat	2584	aa64112a79b7c63ae1275e1a675d3d5e62b411169c23b3617f055967f861cfbe
client/ios/resources/dat/protocol/ProtocolProcessorSceneKing.dat	11007	85a616533e643bc883e8a40e085e55a68723c9b69607dbc4864f3afda308492c
client/ios/resources/dat/protocol/ProtocolProcessorSceneLottery.dat	9906	3d59e036b63377ac47985672dd61e777986715c33afb850f26142603789a2d96
client/ios/resources/dat/protocol/ProtocolProcessorScenePets.dat	30475	0b4b20ea8353069e66128477c1f092c44476da6a802c3eab313d15af9d028f5d
client/ios/resources/dat/protocol/ProtocolProcessorScenePvpRank.dat	29719	13b75dbc6328a0367468fa2ed3281cb19e1354891293a6e1dbef1376b9e5e2e4
client/ios/resources/dat/protocol/ProtocolProcessorSceneQualifying.dat	29988	bc0a2b258facc3dcabe155fa56d54da87a250953a1bd0b9d58663e9ba3ce9475
client/ios/resources/dat/protocol/ProtocolProcessorSceneReward.dat	4984	7da73e6cef2ac304a227bfad6c6e4a4cc7788fe632a09645602c50e951f1e641
client/ios/resources/dat/protocol/ProtocolProcessorSceneRoom.dat	21971	6679bd8f03a1d67f3c96d4dad1de632f8904092c64b9f924d06263756cfb1fbe
client/ios/resources/dat/protocol/ProtocolProcessorSceneRune.dat	10039	0341a44afe3aa895ecbb02511e41a4b1bf7aff390d6f6ac5e0fc5daea71ee668
client/ios/resources/dat/protocol/ProtocolProcessorSceneThrowingEggs.dat	4114	223dbecde1588fcbb201b8f78233daf6e199827ff9bb5206eadafdf875270dc3
client/ios/resources/dat/protocol/ProtocolProcessorSceneWeddingChurch.dat	23972	02f64ae7b84699797c857942dc067b994a77e276fbfbe227177760ed77c09af7
client/ios/resources/dat/protocol/ProtocolProcessorSceneWorldBoss.dat	14195	c76a0854b4badcf63e669ca0c676cf1f28414d783315d0e3ff05028cb846bfa9
client/ios/resources/dat/protocol/ProtocolProcessorSingleMap.dat	55505	ea8e79f08789cd3f475446e7a70013e585086dda71eb58444cc9e4e4cd1672c9
client/ios/resources/dat/protocol/ProtocolProcessorSmsCode.dat	2357	1a609c3b9786284beb1645f86894b003360a12ba46fde05ab332c55e6fadacc5
client/ios/resources/dat/protocol/ProtocolProcessorStore.dat	52817	be322b9566ee9387998909eb03b0fbae67c8c971fe8325ab9f78deaf85df71ec
client/ios/resources/dat/protocol/ProtocolProcessorStrengthen.dat	15440	99f471e16a6fdf24d02b53cc229d77c18a56b83e2dccd6e5274ef23bd346842f
client/ios/resources/dat/protocol/ProtocolProcessorTaboo.dat	16194	c27a456f9f6563507eff5e3f08ece798068a8c057086d4d157ea782b5d82b62f
client/ios/resources/dat/protocol/ProtocolProcessorTeach.dat	2742	48e815c77fc540150f331b36d5b3d32dc9eb267ac104752cfabcb1cc3a94f46d
client/ios/resources/dat/protocol/ProtocolProcessorTransaction.dat	14390	11cc60997165e131e2704b8112478d9d8931b8052ba17313af8781a624d889c6
client/ios/resources/dat/protocol/ProtocolProcessorWakeup.dat	22113	fd7c5f87654fc43788aae5f19cad60d763d1c2b776d4a38601b26ab726fb6d88
client/ios/resources/dat/protocol/ProtocolProcessorWndActive.dat	6742	98c1827c8ba94c447bab87e4b851c1ff426d6d3656033a637b3a8b99baf25fc6
client/ios/resources/dat/protocol/ProtocolProcessorWndActivities.dat	3838	b074677bf3b0457d2b8626485a13bed98e088d9ea04a3b4abe79ff633c8f3030
client/ios/resources/dat/protocol/ProtocolProcessorWndActivityOnLine.dat	112253	a3bf11b80c28cbc53ff2c9655771b6ffaa7484c01899f1140e0cc1b135f0c08f
client/ios/resources/dat/protocol/ProtocolProcessorWndAscending.dat	16921	79d581d9840e6a3241bd974a88c150c8fcd5b7132f43b126516dcdf1a64582ca
client/ios/resources/dat/protocol/ProtocolProcessorWndBag.dat	14302	92274e6da1c92fdfcd7e06b68bdabcc90a0fe76055f4a9f59b28c1d6bfb5ea73
client/ios/resources/dat/protocol/ProtocolProcessorWndBottomMenu.dat	5231	4728881f3b89724c29d44e5b9c43e55a91554806159f01e7523e2f011e66a858
client/ios/resources/dat/protocol/ProtocolProcessorWndCharmRank.dat	11914	418aec440981171789d1efd78ff18b0fb5b6404f691c4ab1cc35845e622205dd
client/ios/resources/dat/protocol/ProtocolProcessorWndChat.dat	3403	f68c7d47254eba32a62aad51e3d6f37f9560dfd795132f0851aaa28d57dd1f5a
client/ios/resources/dat/protocol/ProtocolProcessorWndChest.dat	2704	9de88cea61a3f70901a375df245184e9d89bf0a5a68419ab8f7bdf95ac13cebe
client/ios/resources/dat/protocol/ProtocolProcessorWndEquipmentRaffle.dat	9163	e4c07542ccaf669873a1b5ac1df6ac50e749f69d39c285b8d7d10002620d766c
client/ios/resources/dat/protocol/ProtocolProcessorWndFriends.dat	56462	c537a4305f212557dda3086b0d2b4821327dc97bd0d8eab0fae0aaaa874e9858
client/ios/resources/dat/protocol/ProtocolProcessorWndGameSingIn.dat	6186	4c35d83700a4ccabb76950b84861b050a9daa4eef8bedc71e38a6e1fa9a70b01
client/ios/resources/dat/protocol/ProtocolProcessorWndImprove.dat	2902	5318d796c10fdc2fe99554ab6ebd45b23f5159040f39c0a8e9ee55c0b63fb9ec
client/ios/resources/dat/protocol/ProtocolProcessorWndInvite.dat	8559	63d2458ad4f121e69a7149de2f4f8f6fc4584126772d6b8f38ba9316d410b3cd
client/ios/resources/dat/protocol/ProtocolProcessorWndLeague.dat	82035	eac7f2554942bd0b6676fdba8a6be38a1ae6282460bdc7e7c45c0a3321971671
client/ios/resources/dat/protocol/ProtocolProcessorWndLuckyGift.dat	7441	3182d42341fcd041aed65c2b86b1fce230a9423b43f902740cb27ce19ac0da2b
client/ios/resources/dat/protocol/ProtocolProcessorWndMail.dat	18239	acaa2ad1f7b33be3d18b7715dfe5128593e63fee374df936d1c972807a67da58
client/ios/resources/dat/protocol/ProtocolProcessorWndMarry.dat	31221	35de009efe3df2e010cc580ff72455207b92cbbbfbeb1a3a610ba930f6d7cf3a
client/ios/resources/dat/protocol/ProtocolProcessorWndMaster.dat	32332	38f90b212d7c55e08273bafb992f901eae4b31465917e43cfda6704dbab971fc
client/ios/resources/dat/protocol/ProtocolProcessorWndMonthCards.dat	4419	c68088288d14d582f5f9eabc3a0ef087b5c2c25bf4d1ddd6f4fc16613cc54583
client/ios/resources/dat/protocol/ProtocolProcessorWndMounts.dat	11052	0a2986cb648ad634fd3a21c41179803dfe9eaefec74b251ae9aff900c80866ee
client/ios/resources/dat/protocol/ProtocolProcessorWndOnLineReward.dat	4546	a8ab75f6397c6513cb0bf343e001a390fb576ba35291b413d592917978c6cd0d
client/ios/resources/dat/protocol/ProtocolProcessorWndPlayer.dat	31088	404c4a7d104c6120c1273df67c94d4485a32ca864dc972b6953f80bac079f890
client/ios/resources/dat/protocol/ProtocolProcessorWndPractice.dat	5918	634710fab9dd14c1978692b23a7b1b400bd1ae4ad2a7b0e014eb7f1bf1c02f86
client/ios/resources/dat/protocol/ProtocolProcessorWndPurchase.dat	11323	fc3148f9b6a92f9f20f9b1e41d74c9205627a75dd4eebb110aab1f5b3c62ce92
client/ios/resources/dat/protocol/ProtocolProcessorWndRankList.dat	18849	8d0035299b2dba870bfe3c20c127b1563e9e429cd67f8e35d46478d88f651963
client/ios/resources/dat/protocol/ProtocolProcessorWndRedemptionCode.dat	3405	68f198b5321ac107c93db868bd9d6fb328ab3a277ce70a26da50eea0e9c89ed7
client/ios/resources/dat/protocol/ProtocolProcessorWndReincarnation.dat	17186	64aa22a04ebe5cc2fc8e77fd31e61fbd069d72bc2db76a5b67707f01475cf799
client/ios/resources/dat/protocol/ProtocolProcessorWndReward.dat	6569	52e38e885438902d9117acfd1383a25608f799be2feda234de1cccaee102b511
client/ios/resources/dat/protocol/ProtocolProcessorWndRuneDraw.dat	4632	a27a65d4b27e24d6dce1a7f59880e815fac7ad8ea257e28e8aed96725641d66c
client/ios/resources/dat/protocol/ProtocolProcessorWndSetting.dat	4109	83ca656d112df9dc934a5179c69b73603d95bdde1de113956d6d74c73122b52b
client/ios/resources/dat/protocol/ProtocolProcessorWndShop.dat	39880	4872535434bf3dba5aeb87a651278ce692d25e7850f574daaf2e9562911b8c8e
client/ios/resources/dat/protocol/ProtocolProcessorWndSkillProp.dat	18531	f7564b87982a5802eaad47d7268976c16dde6adfb0c92358716028f418759368
client/ios/resources/dat/protocol/ProtocolProcessorWndSpace.dat	46124	970cbfeb83c5ec1e103629f3918dc5dc25457543f91b2596e92452787996ff0e
client/ios/resources/dat/protocol/ProtocolProcessorWndStarSoul.dat	4755	8ce4e08dbe7eb21fc8da2b1be867425b69ec6207101903b2eeaccb0312e9d41f
client/ios/resources/dat/protocol/ProtocolProcessorWndTask.dat	5955	edc4d48a956ac6c7b67bd975ae5b67dc5396bd47ad699a0cef869dbb56863702
client/ios/resources/dat/protocol/ProtocolProcessorWndTrain.dat	5722	609489c3ed7e99406c32dd797f3fbbe04cb9497a666ed1a7ebdde3ad5bb17b51
client/ios/resources/dat/protocol/ProtocolProcessorWndUpgrade.dat	7562	8c498525574bde6423f3cc36a931cb495e08df991440fe00863a67017adaafaa
client/ios/resources/dat/protocol/ProtocolProcessorWndVip.dat	22806	9bf5b7abb181eef901056e303349bbfa6c3ababb2c367736db9594a9dc252a16
client/ios/resources/dat/protocol/ProtocolProcessorWorldTeamBossRoom.dat	33809	3f8b3dc0d26d2e91fa14a7f1c9666ca8e2b1086b04a015a0cfdea6dd9362b01e
client/ios/resources/dat/pvp/CellPvpAmuseItem.dat	5885	4290a2ec02e1780340859d336ea8e2096877c1f6928b8f500418f6f04cf9c7c2
client/ios/resources/dat/pvp/CellPvpAmuseItemData.dat	2189	8590c480596a40e394973052ed7dab169a359dd9ef694e82d2f295d1d7e77606
client/ios/resources/dat/pvp/CellPvpLevelIcon.dat	2456	0708dd97f480ed515c64c8e79056130d2c9c9730554a6b1d800b8b63dfb0191b
client/ios/resources/dat/pvp/CellPvpLevelIconData.dat	2808	46d96e087b88b4408f14856cef84c44ace3bee69cceeefb261ab4549dc4d59e4
client/ios/resources/dat/pvp/CellPvpRankItem.dat	6785	37f8e3dadd821f682b97d05e9df75d97e5980f7db897d6080e2d14558a83730f
client/ios/resources/dat/pvp/CellPvpRankItemData.dat	1946	2158408f12d30c062d6a921c27ff1c5b1fbe7ca7144eed1314ab2f0a332d9376
client/ios/resources/dat/pvp/amuse/ScenePvpAmuse.dat	7120	7e1c8ddd61b7376f74835cad3b236702b0c99d7638fa4f64cdb810d35332cc6f
client/ios/resources/dat/pvp/amuse/ScenePvpAmuseData.dat	2671	0d68b370ea1312822424fe9f35eebb7da4442463cb5cf6c05802414be8143962
client/ios/resources/dat/pvp/hall/ScenePvp.dat	20919	7303aeca56d59ff5d923cc4151aeef57c4e540c4ad25fcb1c804b6c5a7a67404
client/ios/resources/dat/pvp/hall/ScenePvpData.dat	1493	3ea372bdd5157a540cdfc18a437d2e6e4664f4e3f855fd258c16cdb1c3d0a67e
client/ios/resources/dat/rightMenu/CellActivityGifPanel.dat	12180	71fcb7d40ef2c829327b2445c0857247f15f2c9cccf869df157e9f2452b866dc
client/ios/resources/dat/rightMenu/CellActivityGifPanelData.dat	3613	423f73c2f5734f4db8f49ad5c92ddf1f7dc31253de96fef133faba953c6e55c2
client/ios/resources/dat/rightMenu/CellActivityOnLineItem.dat	12395	fd1120a5f7ceff089ff4aa85e84b06dce29c4832117eabcd12bc17618fdf6fae
client/ios/resources/dat/rightMenu/CellActivityOnLineItemData.dat	2478	76fd3cb2ee3c4f0021b2ba5b608c6985b3e57cb648c06d7762237342d14e55c4
client/ios/resources/dat/rightMenu/CellActivityRankList.dat	3214	dc43211eff4c20e33e1d4ead177647bf4f848195234cac6569a6b4fe507aa159
client/ios/resources/dat/rightMenu/CellActivityRankListData.dat	7311	6067eebedf07c6f43931a0e54de7a38eb763eedd7ede57a3e8177e6805b72066
client/ios/resources/dat/rightMenu/CellActivityRedEnvelope.dat	1351	dfb977dcae877bcbc202a0cbef8f70cedfbd0f9fec1460940367e1bfd0ab97a6
client/ios/resources/dat/rightMenu/CellActivityRedEnvelopeData.dat	4587	03dfc8edb8120bca5cb29e0492ac903277f5011c48275cf5beb9d25f61fc7947
client/ios/resources/dat/rightMenu/CellActivitySevenRedEnvelope.dat	12200	63abd43c6a6c8281ad9823dfb32cc411975461e66e9d4dc0adc89e07dacfabd5
client/ios/resources/dat/rightMenu/CellActivitySevenRedEnvelopeData.dat	3830	931cba43054e0c7eca4caca6b46437e071d02eb84d2001a9afb41ed36aec6622
client/ios/resources/dat/rightMenu/CellActivityVipItem.dat	7600	8dfdd2a6b7651a73a7d2c9da8ebca1762f36be372cf38a522171942f1f58e8a0
client/ios/resources/dat/rightMenu/CellActivityVipItemData.dat	3335	a57427c7577650174984456ee2151e8f94e25f144a2b72834ed549b817e6f885
client/ios/resources/dat/rightMenu/CellActivityVipPanel.dat	10785	13c14e367b20786fe8827de16e9402b620b9b35385b2339da1f80eda0700c5b8
client/ios/resources/dat/rightMenu/CellActivityVipPanelData.dat	4025	8d4cccc185dd7cad3501fde478087c6eb2b17b31437c067bee7f0bec0b5e84b3
client/ios/resources/dat/rightMenu/CellAdvertising.dat	4285	e013ab3c554a22dc554d69633a1d31db987da6afd447b2dbfa3da802ab1e3e58
client/ios/resources/dat/rightMenu/CellAdvertisingData.dat	1792	250d995141af9bfe3ca3cf1196addb3ca24af9d9cc685e4bd89942a6e72e4ce4
client/ios/resources/dat/rightMenu/CellApartmentAct.dat	980	4560228de30c9e5d1b4363f09c8e80472b980b42f109d1a4e2a68b12bdbd4f5e
client/ios/resources/dat/rightMenu/CellApartmentActData.dat	1804	16885817dfaa60e47afe03ada8baa00658ba6dc6ce78431963b28dc69d1ca03c
client/ios/resources/dat/rightMenu/CellBuyLimitePanel.dat	12436	ddfc001878585e0a11da5d376992c5ea437cc5eca6931eda4a9bec8798607063
client/ios/resources/dat/rightMenu/CellBuyLimitePanelData.dat	3716	2bfaab363c06158835441b644c6782f755438ef5d374beea18448999e34aef8c
client/ios/resources/dat/rightMenu/CellChallengeHall.dat	2543	76a24065541c8e1fb79c473ba7154cc84fda1c236983ec1e650e2d56b94bf4ac
client/ios/resources/dat/rightMenu/CellChallengeHallData.dat	2686	835b2c12cc456c1ddaaaca334cd5d68e445644a2f15c0dd9245e6abd612517d3
client/ios/resources/dat/rightMenu/CellCostActivityItem.dat	8682	9b2b147d87c8312bd5b71d75f8f630d916396d90b0a7a2169064a46f5df279e7
client/ios/resources/dat/rightMenu/CellCostActivityItemData.dat	2940	54d68b8f9148e8e937adb4be7c01e277f3cc4f0ab0bcbd6b8abacf74efbcdc75
client/ios/resources/dat/rightMenu/CellCostActivityPanel.dat	14634	e7a51d4c6acedfe5f0338dea854aa1d4e271a10f55bce810087ccd178a91eac6
client/ios/resources/dat/rightMenu/CellCostActivityPanelData.dat	2745	b8024ea1796606496a7fa6dceb9af9d93d483cfeda5bf2e8ba760e9799daf6f5
client/ios/resources/dat/rightMenu/CellCutePetPanel.dat	12095	211e15d37458b6b9046881f5bf68ba5cf0b1627483ee32eb94b0968c778bf730
client/ios/resources/dat/rightMenu/CellCutePetPanelData.dat	3358	64359c40fa3ef65daea6fba3436a891b39e982803a30207e0220281cc05b7e9d
client/ios/resources/dat/rightMenu/CellDailyFirstRecharge.dat	10988	c6617cbe0b166adc71510cf1ff989c26c88377cf91032f31faf8635d5f50a711
client/ios/resources/dat/rightMenu/CellDailyFirstRechargeData.dat	3501	cf0d2cdddaf0ebb59696ae4da04dd58807475c624cb3bc57dc98861a87d56bf9
client/ios/resources/dat/rightMenu/CellDayReward.dat	2396	11074778ab34a7344c36a9ffabee0b0b488daa41ff8d644a76d75219d86feceb
client/ios/resources/dat/rightMenu/CellDayRewardContain.dat	4758	82f18b0d6b2e99bfd2d36aca3dac4250dff74ba7431f8dc3bd03554f630673d1
client/ios/resources/dat/rightMenu/CellDayRewardContainData.dat	3243	e2ecddc3221f3268c0ed52d0220634bd3c60b65ae15eedad15634f519c269009
client/ios/resources/dat/rightMenu/CellDayRewardData.dat	3052	36d4acc0d41af922c49b78e4f685f965b5c6f2fe84839927d1c2d0470962c82b
client/ios/resources/dat/rightMenu/CellDiscountLimitItem.dat	6993	4035993f67873f609ca9c0f4fdc1f643f15e6628baff737b560fe4e2a3ffebce
client/ios/resources/dat/rightMenu/CellDiscountLimitItemData.dat	2610	b819a42c7702ecda060f19369259671cff90cf0cdd149a35dc1f6c85a353c53f
client/ios/resources/dat/rightMenu/CellDiscountLimitPanel.dat	6327	7271b707f1481692837bf78875ec236336934a351eecd33bd8d4b2363cf9bffe
client/ios/resources/dat/rightMenu/CellDiscountLimitPanelData.dat	3834	dc403cf766fb279289e73e67a8a145cfd001d0c5a2b041bc6b11b4cb6302c7b5
client/ios/resources/dat/rightMenu/CellEatthingsPanel.dat	11338	0c9d3ba5e7869cf151f374e15ebda6383886974a5a96ab3af97a614ed69e1b47
client/ios/resources/dat/rightMenu/CellEatthingsPanelData.dat	5555	40514ab25af77198d052f6f1bc7f595de99f8c4d63d4a059d4942269737e70fa
client/ios/resources/dat/rightMenu/CellExchangeItem.dat	10317	78b53bb7604050c4fc9dc9374cb5ed5d60856486624f0983a25cdfa3d3d5adcc
client/ios/resources/dat/rightMenu/CellExchangeItemData.dat	2844	9fd9fd81cb532222ee513de77a5f2abc409fd772ab72b7c0d1fc3205745ad93c
client/ios/resources/dat/rightMenu/CellExchangePanel.dat	16711	ba7835139276cb36db722b7c6e233abfa005bb8a467e38fcea20723f5d9a1d71
client/ios/resources/dat/rightMenu/CellExchangePanelData.dat	4361	18d8c12986e74b1a9ff2e7cc022b61fd278ac226cc8f71760ee0c053c62be823
client/ios/resources/dat/rightMenu/CellFightingPanel.dat	8031	08431ae317ff7dc6fee460a137a51fd5f2c868042ec7a98e06382caf04ff035a
client/ios/resources/dat/rightMenu/CellFightingPanelData.dat	3251	eb9a576d20db1d83a85d6d632fc2590004fe6f9f3fa8d0d31da65a8bfac2e0c3
client/ios/resources/dat/rightMenu/CellFightingPanelItem.dat	9820	b1e1a119ed4089f9946a63b40a9bf97324463c4b850850b661b152b4d2430a2d
client/ios/resources/dat/rightMenu/CellFightingPanelItemData.dat	3542	b5c41fa8f5a4a02fcc8b295e19346689a1da33a5e0ad139b1f89795f1e3b98d7
client/ios/resources/dat/rightMenu/CellFireworkContainer.dat	1273	ff1d8dff8769aebb29232d5e4f826881643bd452fd8f6daf0468c4c967cc8501
client/ios/resources/dat/rightMenu/CellFireworkContainerData.dat	2289	c1c652e5ac40375e6a03bbe0b08e1797e345667c4037b9dbaaa23c1e3eeb272e
client/ios/resources/dat/rightMenu/CellFireworks.dat	11611	58a6d19ad4d7614581910672b9fd36b074045595cebf0a7e380377a38947b22a
client/ios/resources/dat/rightMenu/CellFireworksAnn.dat	16855	6a42edcee99cb469098f90099664594a3feda4928570d262d0814494dd49f17d
client/ios/resources/dat/rightMenu/CellFireworksAnnData.dat	2472	bbfbdb5b7c2ed8c008bfc35508dbfc45889e1f7c85c8dd4f178e90ef68f533dd
client/ios/resources/dat/rightMenu/CellFireworksData.dat	1821	943a33baf70b787c54c9ea579fe55aa32a40f06eba8e4079076de63c20fe7255
client/ios/resources/dat/rightMenu/CellGradePanelItem.dat	16095	e86df2b7aba05d34cc3381b65ae9e7df12c822ca90facf95d8b8eb4c5a4cff63
client/ios/resources/dat/rightMenu/CellGradePanelItemData.dat	4355	9a946769231f2a7fa7a0284e01e173d6b9bcc23f2d57f13d15030161f385f2ee
client/ios/resources/dat/rightMenu/CellInviteSuccess.dat	5625	573b0e43950b5e8869673b3f74079760c1a2f3bf650660ea593d6a94e4e166f1
client/ios/resources/dat/rightMenu/CellInviteSuccessData.dat	3120	b6e0b86776101f0b74ae7e597a6d07788edcb58f523b6d850ca1ff2f0830d941
client/ios/resources/dat/rightMenu/CellItem.dat	2007	1a4c673a8549de6a090b59cf0e3cdbea1d7afb56722c730520cee48afe0b60fd
client/ios/resources/dat/rightMenu/CellItemData.dat	1815	e4415828f6c3a5e156b6a44c2f1d79f57a5a86bc2166d1b7e2a401ca594e6acc
client/ios/resources/dat/rightMenu/CellLevelSprintPanel.dat	7473	eef85e867df08474408c970093f0109042a15db6eda6228f3025499ef0c1d89a
client/ios/resources/dat/rightMenu/CellLevelSprintPanelData.dat	3261	a189116ef5896f0e83068c8082aa1a38ffeb75dcd5c141b354106383cf76633d
client/ios/resources/dat/rightMenu/CellLevelSprintPanelItem.dat	12380	cfbc9dac61a64735399e231270192c7f5ba23c34177c4bf795cdea7c8ec26c21
client/ios/resources/dat/rightMenu/CellLevelSprintPanelItemData.dat	3425	87359b56c3d60fa7b07afa2ed84999533eb9ab79f0c1b92b48975c2d99696695
client/ios/resources/dat/rightMenu/CellListPanel.dat	6243	ee84de24e68c94198bec75e6aa1704b2067b52f777fb1a431820f53c08bbc87b
client/ios/resources/dat/rightMenu/CellListPanelData.dat	2464	192ceb15c2a75b64f5e8afe8c273085aec8e6249fd3f91c5092f2e336a3680f8
client/ios/resources/dat/rightMenu/CellListPanelItem.dat	3501	7d1f88cf84a82f445a99eaad27763a7dc735dbe8c569a8fca50fef9a40cbed8c
client/ios/resources/dat/rightMenu/CellListPanelItemData.dat	2021	5ad1e59abcae256ed5ef26387fea218665b3306240c5656c97c8c5b23744d5e3
client/ios/resources/dat/rightMenu/CellLoginActivityPanel.dat	12442	301a98e1f8b388931a8bfa2ab7fe04b77519e14554b275e67a02743c0a5ee172
client/ios/resources/dat/rightMenu/CellLoginActivityPanelData.dat	3290	ec63c7be51a4e1a6c00531547d32884342204232ab123faa68a54503798ac660
client/ios/resources/dat/rightMenu/CellLoveLotteryBox.dat	4190	efe9c7f6050a55b81bd434616307f59d3b25ab45eaadaee24b215fd5772a0048
client/ios/resources/dat/rightMenu/CellLoveLotteryBoxData.dat	2477	9b0348d6ede256f93ff16920ea04a008190451cc140d40a8e01a9af39c0b78d0
client/ios/resources/dat/rightMenu/CellManyCollectItem.dat	7940	a42aa61369178a1f5a5fcf7c7a3d2e3347ddc144af66fbddf2f0fde18c9d01c5
client/ios/resources/dat/rightMenu/CellManyCollectItemData.dat	2023	816aac25b8962bdc2233866e6fce25071b175b1d9ae01b6ecad0efdf6f098e6e
client/ios/resources/dat/rightMenu/CellManyCollectPanel.dat	4662	7c48de0da6b20c17ae731d7fa1797bb6c621a85025ae7def61c5db73f855bd0d
client/ios/resources/dat/rightMenu/CellManyCollectPanelData.dat	4044	6e20e4d2cfa6ed1d7681df88c844b0b8ea27956b140d68543f107413436155c0
client/ios/resources/dat/rightMenu/CellMarkCoinItem.dat	4925	024618bb4e8a704a9a98cc6aea028d5002d72cbda3e2293889d8d9f565335ec7
client/ios/resources/dat/rightMenu/CellMarkCoinItemData.dat	2223	26fdbaf3cb7ffbbfb7e535b816b9361f115aab72680a7c6d7b73494bb0ed3fe3
client/ios/resources/dat/rightMenu/CellMarkCoinPanel.dat	1809	7628d9b92c8447877819c6a55357540928b7c3e7af17a56c6eca327345715ae1
client/ios/resources/dat/rightMenu/CellMarkCoinPanelData.dat	3031	c1626fe143d3a009faed6aad3e3a8fa0317d52b35e9f207bd0ddbd48df4456e2
client/ios/resources/dat/rightMenu/CellMarryDiscount.dat	2972	79686181d3b1d42c4bc4ff373368f81140d32d4afa39bfbec828a4d72e2517d1
client/ios/resources/dat/rightMenu/CellMarryDiscountData.dat	2087	a7ad0d6f8e8cf8dd6a96ba1bef13ca9420f57d7a3bdda19eceb7a273dad91f54
client/ios/resources/dat/rightMenu/CellMonthCardPanel.dat	16746	c3399674c045624fce9817f2a3c4a3990c1916271fe17c5b2c572225a8b1b74c
client/ios/resources/dat/rightMenu/CellMonthCardPanelData.dat	2841	5438d8e2530042ea61bb426a4c44dbbdaf348bdd656ace169b508238704e72fc
client/ios/resources/dat/rightMenu/CellNewExchangeItem.dat	8359	7438bd19e349d9226fea13dd10f6de05236f64f6f6eec1ed29b815603213da91
client/ios/resources/dat/rightMenu/CellNewExchangeItemData.dat	2885	7855d95a8807dea83af5edfc2c0f41981a89bfc8873dcbeb7df7551264c3f718
client/ios/resources/dat/rightMenu/CellNewOnLineReward.dat	6851	9401c4b8823d6b1cbf4f1574ec980b59c9fd8016a1b26aef7d8e049612502d86
client/ios/resources/dat/rightMenu/CellNewOnLineRewardData.dat	5786	08ff9e058478ce0ade02230b5a2cb54f536dcc8490f2bad633ed3893873114d4
client/ios/resources/dat/rightMenu/CellNewTotalLogin.dat	15596	ecd353d21d5bea9ed896f2ffa5deb4d499fa3f9dddcfc90036256da161467150
client/ios/resources/dat/rightMenu/CellNewTotalLoginData.dat	3732	d860d19586c6e5331f0620fec319fa273b6dcc65abfd7fd1d75ac0e64893e95e
client/ios/resources/dat/rightMenu/CellOnLineReward.dat	10209	320adaf0e6c5be2dc72f8c815d317b8357b27ee46ab3fe34e0048f68028adc03
client/ios/resources/dat/rightMenu/CellOnLineRewardData.dat	6584	5900fe81bc65dd86c29bd0a895bdb133f3163bfb4a9844f1906a0affe35489ff
client/ios/resources/dat/rightMenu/CellOnlineRewardItem.dat	7234	faf98edcd0c1377ebc2a106755d75761975b9ca7dd05bb6ea3260a3b719990db
client/ios/resources/dat/rightMenu/CellOnlineRewardItemData.dat	2859	806153d980d1d6abb8a9d2960ac2bf6b0fbe4147fe5357f7c9b2fde63e3b09cd
client/ios/resources/dat/rightMenu/CellOrderRedPack.dat	4511	45d0c88504b8c675a461901d263914e4f70177997763f4ec87b8b6c04a9e19ae
client/ios/resources/dat/rightMenu/CellOrderRedPackData.dat	1987	03b4d90ecced8118497854f780c68cd119c1ff52b094e4b695ac170f3940f17d
client/ios/resources/dat/rightMenu/CellPopupMenu.dat	5340	3bcd4864324f333c8045781ef629d4ba9001fe60c8a534f1bd8c0913c09913c4
client/ios/resources/dat/rightMenu/CellPopupMenuData.dat	2144	bbd1f65866fc95bd428a788bb0e3ecbef14299f7d4d14df843a327ef2131ff6e
client/ios/resources/dat/rightMenu/CellPreRechargePanel.dat	12861	7d2eca31e5f826e71f91066b7d35ff0166731d85391f84c025359c62299578bd
client/ios/resources/dat/rightMenu/CellPreRechargePanelData.dat	2205	e1df5ba24f7b042e48b84aa960189e6f8f8ec89e293ff66e777b097d5d8afc26
client/ios/resources/dat/rightMenu/CellRechargePacks.dat	5595	ddaa16209f658894acdf4a553ca4dfd4c18b2f5c43758cea8d0b9757a46c4e82
client/ios/resources/dat/rightMenu/CellRechargePacksData.dat	2400	9bb810aef1ac2d87498603c332def508b6921dc808c7af96c1cb284573fa5970
client/ios/resources/dat/rightMenu/CellRechargePanelActivity.dat	31640	946f926c6a2e9be2c395438dfa784cfebffb9706b5d46f014dbd5654bdec36ca
client/ios/resources/dat/rightMenu/CellRechargePanelActivityData.dat	3330	df5bfc00bfcd133069f606465d8cab39451a9abbd494eeb8b3a220fa69f9879f
client/ios/resources/dat/rightMenu/CellSignItems.dat	4481	f0f668758caea0791f45c882104a51bf8af53d04c4ca04c0d03c59cda5ed14da
client/ios/resources/dat/rightMenu/CellSignItemsData.dat	2390	4fed84efe5c436c680518dc33001256eb09f29dad934a6a4f4a4c7e7a73b489f
client/ios/resources/dat/rightMenu/CellStarList.dat	3568	01366eac5a63434483a374a6461904f2b526a21b24bcb2e87bf9a3d6e3d0bb4c
client/ios/resources/dat/rightMenu/CellStarListData.dat	1782	8423299241c795e847a1556bfe09a1bf0d68eb86075d592a484b3bf26c4d7f3f
client/ios/resources/dat/rightMenu/CellTenLottery.dat	3082	784a000a2142acf47bd9b64c11f0fe4dd1a89bee64fa48d8cb836bb5ef8bc359
client/ios/resources/dat/rightMenu/CellTenLotteryData.dat	2147	8233c80cca15649fcc031b524d51ce86dd9a67dfe0f2d13ecf9fa6381467010e
client/ios/resources/dat/rightMenu/CellThematicTasks.dat	3549	8e1b76b5f91661afa4727c28678a0e36d9afc4dff290c9f1254221b4b5b165a6
client/ios/resources/dat/rightMenu/CellThematicTasksData.dat	2674	4696c0186ca1b2cba8fc54c15d2f32b8a5901a93d1bb981c376d2a2a4eeabcad
client/ios/resources/dat/rightMenu/CellTimeDiscountItem.dat	9272	844ce1cef91cf705d867559746c1fde2e0b624b8cd185f15daba1e98f5d9c260
client/ios/resources/dat/rightMenu/CellTimeDiscountItemData.dat	2565	cc0530b63074433e4a9b00cfe6051c475aad65d025f3fda5e51a8b72bb048052
client/ios/resources/dat/rightMenu/CellTimeDiscountPanel.dat	12408	3ea7e2e36c574db8e1238cff25553757df904b397e710986b672469320bd18d5
client/ios/resources/dat/rightMenu/CellTimeDiscountPanelData.dat	5245	2408745cf2836fa050ffe359c7ce01ef789225b630eca99b237630cbe670d144
client/ios/resources/dat/rightMenu/CellTimeFirstRecharge.dat	12958	476bcd26cc50bd678b38b5c0d5620bb039fe3dbc40eae3a3ac5a6f7d44d26bdf
client/ios/resources/dat/rightMenu/CellTimeFirstRechargeData.dat	3961	81aefd4751f2999e10b75f3065830a7c1f22af2f37d1fa2b30fc482b2e63d4e2
client/ios/resources/dat/rightMenu/CellTodayRechargeItem.dat	6880	5cfef7b575d87e3e49e731c499138e5264fe99033c0fe4643cc2fdcfa5c971a9
client/ios/resources/dat/rightMenu/CellTodayRechargeItemData.dat	4881	251c36d3532b8c14cad8398dc16bc6dcda6d7979a568e7542e4f7f52a0611252
client/ios/resources/dat/rightMenu/CellTodayRechargePanel.dat	8859	5c5a6a1363546ee4e8c5a211dc08206554121503ce7b392c172fd7a29e9adf86
client/ios/resources/dat/rightMenu/CellTodayRechargePanelData.dat	2966	f476ae1e3abc07a6c02baed6a127c45fe68bc8694bb0d26798afbf05d33eaa18
client/ios/resources/dat/rightMenu/CellTotalLoginPanel.dat	16319	c0d776e087db91f81798264b544555791723664c7a53911f6d0eef8c08a5f5a8
client/ios/resources/dat/rightMenu/CellTotalLoginPanelData.dat	2876	8b1b36efa2a32910b0c99be5c330e3833c97d283d0d11a2063400bae849ebc74
client/ios/resources/dat/rightMenu/CellTotalRechargeItem.dat	26908	d6bc12f3cf67054d12dd6cad2b54537ae543720ff066de09118449facd517a7b
client/ios/resources/dat/rightMenu/CellTotalRechargeItemData.dat	5433	d76864bf1da4ed3043cc46bfb1cda2a554337ef8d75e42a1ee2ddc8004923caa
client/ios/resources/dat/rightMenu/CellTotalRechargetPanel.dat	37132	99a1955f92780869d1fb402d25416ec510e9dcbb63c38f52a1f44598c5242b93
client/ios/resources/dat/rightMenu/CellTotalRechargetPanelData.dat	4962	f10d3172d46d8843e7591e4719cae455ba910a0ae375dc49cd9475750ce42da7
client/ios/resources/dat/rightMenu/CellVipGiftBagList.dat	8335	c501bd2530c82d04a8a8d3be6c663de7f989be6e4c55956431c3b9d78cd710ea
client/ios/resources/dat/rightMenu/CellVipGiftBagListData.dat	2261	beab8ebcfe8481a230c79f4b44a4a56b5d9fcd53d27908d7fc8356571cfabaf8
client/ios/resources/dat/rightMenu/WndActive.dat	15594	ecae9df7ba8110f679617899054e851524821e677d5b2c03fda6c687c97513de
client/ios/resources/dat/rightMenu/WndActiveData.dat	3994	a3a521ec6f077684a1dae371f4549fd0aa54dcc908040865280d900d1511209f
client/ios/resources/dat/rightMenu/WndActivityRankList.dat	4641	2b7cc135a11d0f38a95b8e4eeb4e664803756b36dce7ca033e605c09a890258f
client/ios/resources/dat/rightMenu/WndActivityRankListData.dat	4477	b8b91889d14bcb74f8d0198c84b4cdc5549368172bf0c05f5ad92b084d55d97a
client/ios/resources/dat/rightMenu/WndAdvertising.dat	9066	8603176ff26c00fc4ec9ed7cb7cb9afc319d6cf121b9b7ebb1c077b132be4400
client/ios/resources/dat/rightMenu/WndAdvertising1.dat	3533	57699a2c289bc219b694e354018005948449714a5c9d6b43d592a2b4438e0997
client/ios/resources/dat/rightMenu/WndAdvertising1Data.dat	1511	dcff43e865c1b6f31fa9f8b00cb012ea56c6d9b0d64d184811e0e8d71625ba53
client/ios/resources/dat/rightMenu/WndAdvertisingData.dat	1762	24cc06a5db7895e0c01de8fd8279df0119b42a3d15c467acb63f0268df09e838
client/ios/resources/dat/rightMenu/WndAnnouncement.dat	5221	502b7753c7bc2db9befaa91684a5add9e572f9e9f6e9e4a96def72a7ac48040e
client/ios/resources/dat/rightMenu/WndAnnouncementData.dat	2982	2d98d177019a074085e51c8bd38942870da918dc3a7765a013b28f888ef3c1d7
client/ios/resources/dat/rightMenu/WndApartmentAct.dat	76864	f1c516e8a307ef5923ceef80f7edab3fa6dd13ce527770c5ce42993f29773e91
client/ios/resources/dat/rightMenu/WndApartmentActData.dat	24996	2b7e398c672ed2d44807b36b51e75ca609bcfe604c6d13f31642ed440eb33df5
client/ios/resources/dat/rightMenu/WndChooseStockNum.dat	4648	0d67dcb51cc5caaeeb1581da3fbff73a83875c01c180bc5196cae57c3af7eaca
client/ios/resources/dat/rightMenu/WndChooseStockNumData.dat	1979	e8acf6c71a1d17f4befd20503ed72fb8d3e73687cec77ef48146b493a8284cef
client/ios/resources/dat/rightMenu/WndChristmasTree.dat	19370	20b883d8bc181ae8400b102cae1979db772132c12c7d6a14ffb0e0edde55720d
client/ios/resources/dat/rightMenu/WndChristmasTreeBag.dat	3563	07d23d048ffa7e5f874b6c8e08e2a26af7ba77edf6389da97afa6764fccc8b5a
client/ios/resources/dat/rightMenu/WndChristmasTreeBagData.dat	2799	3589ab04f902f577d317674cbbad734e6e17758c76f3ea3a5ae95c529a728aa4
client/ios/resources/dat/rightMenu/WndChristmasTreeData.dat	10151	955f6fe4d374ea34debbb4b5570276f1686b377919ef60f4edfd2685d8a708ed
client/ios/resources/dat/rightMenu/WndCollectRewardList.dat	2976	338a7004df6935fae992623f6d31ae1375408357bba22edf8c823b444ee6c99e
client/ios/resources/dat/rightMenu/WndCollectRewardListData.dat	3420	46959b34b96303d106bfa893ffd8632f3a0126e8125b848d12a8095291f4b418
client/ios/resources/dat/rightMenu/WndCurrentChat.dat	19388	2ffedddb7a95f5d5f5f5a8bc8d9b53585c205cfb0718105f2e8262a3d9b29a25
client/ios/resources/dat/rightMenu/WndCurrentChatData.dat	5201	15135625078f2ea2924301fce58cdcd5352e6140a24499749275a24579e7a000
client/ios/resources/dat/rightMenu/WndEnjoyCard.dat	4812	43a39ac9ede11707c01813c65ba9718319db972159d00c5ed0553329dfb8af74
client/ios/resources/dat/rightMenu/WndEnjoyCardData.dat	1376	8d756d957c410ba7879ff7946458c4f129d3495c28c91944fe67547037ee8b7e
client/ios/resources/dat/rightMenu/WndFreeca.dat	15522	8b1d8427c561f9d47a186abc3f44774368a6ca854eb3e9147585a4b51618b211
client/ios/resources/dat/rightMenu/WndFreecaData.dat	4633	26065becde71c470c1fb7f87e0b565f37535249176a89dca006a44857a2b7107
client/ios/resources/dat/rightMenu/WndGameActivity.dat	69742	bde2b36b6f9f279a518d6089642d2faa9b41a24bde8176e3c63cf22a979999b0
client/ios/resources/dat/rightMenu/WndGameActivityData.dat	21916	5c591122117d66f2b82a993a17ea85f060945ba1f526314ba939b778a18fb5a5
client/ios/resources/dat/rightMenu/WndLuckyGift.dat	31806	fd6aed690981a21997e5339a1c31f2aee714c5faaf1dc87baa7a65a950614fd5
client/ios/resources/dat/rightMenu/WndLuckyGiftData.dat	4664	4314c68520bd954f62569b409f6cdd25a1378c6b97f53924a5b1413ad385c161
client/ios/resources/dat/rightMenu/WndPlayerBack.dat	4798	76812ef7df39e9ac69d5ac311adbd8e83137290c71eae61621cb21279ee99d0f
client/ios/resources/dat/rightMenu/WndPlayerBackData.dat	2085	96844188880bc3a5a4ec5cb84a536b8c99dcfef18178baa5a72bedde5e242997
client/ios/resources/dat/rightMenu/WndPopupMenu.dat	7407	350398ef4d2dc1de2c6328a88b15536ded6308bafa25cdce8c8ff4d27c7d77a9
client/ios/resources/dat/rightMenu/WndPopupMenuData.dat	2418	546aea7241e0a09985e658b0455e97db35dc0f4e34827db741a044a747d8ad96
client/ios/resources/dat/rightMenu/WndRedEnvelopesRain.dat	2039	a2882c6500a36f2efd3437d5b91239ea917bf51bb1499b178d5e91a05982bab2
client/ios/resources/dat/rightMenu/WndRedEnvelopesRainData.dat	1497	c88f4a15110c7521cfe66295b6d4b046662848cb31cb0f620d28578e046107cd
client/ios/resources/dat/rightMenu/WndSeckill.dat	10975	58303f38f162176b583175d7f527861ce0647146c8cabe9ac559532274d3481e
client/ios/resources/dat/rightMenu/WndSeckillData.dat	1452	8e623ac1bff96f0ab4869426156899e9ee72ed6f989118c36d0cde36a37042eb
client/ios/resources/dat/rightMenu/WndStrong.dat	17192	f04678382f0d5dc271ded30922a842638b46622498b23621ffccbd8222e9fe46
client/ios/resources/dat/rightMenu/WndStrongData.dat	5423	5073d0d3046ad8cddc33eb370db121a357dae45b79f1e0f9b0e2e1c7ec6d87bd
client/ios/resources/dat/rightMenu/WndSuggestion.dat	7900	c5c1fa410b67e95295f0b5b972b7269e3ec450017c9cdf81ee79eb7bd9093cf2
client/ios/resources/dat/rightMenu/WndSuggestionData.dat	2434	dff8d11d47f6accf05934e95e991061097d2323341328ee33ae72b7fccf033c2
client/ios/resources/dat/rightMenu/WndSumVacAct.dat	24061	f72017212de774c9cb9c2173230fb90155526cd5b7a97e1cdb17ecb08b6e969a
client/ios/resources/dat/rightMenu/WndSumVacActData.dat	25354	a526354152fcfa6f8959485550021497859c2783ea7f2d607bd51b43cfd8900f
client/ios/resources/dat/rightMenu/WndSummerReward.dat	4235	a75eddd3611c7def66ba7b209dcbae5080a0e699aee8e632cc77e9ba2cfa00cb
client/ios/resources/dat/rightMenu/WndSummerRewardData.dat	9716	fdb1f48c77792e7c1ae769e837ca054166c2dae6f3aa5800f99e37f8bd7e2fc1
client/ios/resources/dat/rightMenu/WndSuona.dat	9953	0b112b2f4bc004bdae80014ed3687cca3605e9d2b02512af288f8d6ad8d5ce32
client/ios/resources/dat/rightMenu/WndSuonaData.dat	1653	73727fa06a6852c609e0c27a5552b4c1aba042d33841fec268df717170e3fe4f
client/ios/resources/dat/rightMenu/WndThematicTasks.dat	2141	9cb11ce10168afdf5efd78d26d14b9bf7bcf6dacc5048d73829613b3a0a9f79d
client/ios/resources/dat/rightMenu/WndThematicTasksData.dat	3335	ec739c8d4e8d60b8c20f9bfc01d67c4546c081c553ec2401552e852ea8ea66a3
client/ios/resources/dat/rightMenu/WndUpgrade.dat	21229	77b21ccd4c8a0222eb787433c4756f7a68f7f8cbce7deac033228e51eaed0eb2
client/ios/resources/dat/rightMenu/WndUpgradeData.dat	2728	fbe4e95c6b9dddaeef243262f29d16aa5fadeb94ab8f312abab20551c3f8ca05
client/ios/resources/dat/rightMenu/WndWeekCard.dat	11775	bdfa471924bcdb09a6ed040bb03d7084b7b3c1dbee5b25416521c35883d8e5fd
client/ios/resources/dat/rightMenu/WndWeekCardData.dat	1918	eac571480696185b111daeafe622cd31a884a6e148682eb4a2398babde8e8e0a
client/ios/resources/dat/rightMenu/WndWelfareCard.dat	7052	0578a9ad08f52d6489c55f4f10a51e12d1c9298450b1d5249a4f0d235b7f52fe
client/ios/resources/dat/rightMenu/WndWelfareCardData.dat	1386	437f59b3904839d5d6f356b1bfb54296ce1ef7370e48defdf0f786b5d54dce75
client/ios/resources/dat/rightMenu/setting/CellEnterServers.dat	3978	1d1d6e9f4827cb153d1a4b79b43985613f45e48852d3893863aca435007a34ad
client/ios/resources/dat/rightMenu/setting/CellEnterServersData.dat	2577	0f7eed88db3e67d61ee88ae39ffb9b72223eef857dab277b9c597061ec6f098f
client/ios/resources/dat/rightMenu/setting/WndAccountChange.dat	7066	2cce7ab0de730ed744623e4f3c57a67fa417845293e8089092789f87f3d8470c
client/ios/resources/dat/rightMenu/setting/WndAccountChangeData.dat	1744	907726292e190eeb078e1deaa0cde563606fdcfe86aa51a6d9da283cf6c3fe94
client/ios/resources/dat/rightMenu/setting/WndBindMail.dat	5476	e53657ed0ebb72eff6d3a202207ef336ccdc203c32d85c0385d904a4498d2860
client/ios/resources/dat/rightMenu/setting/WndBindMailData.dat	1715	6caad8ef3ce727e6d0a6005c5b428a5f423c3db0498b5eef177c1874a111d6d2
client/ios/resources/dat/rightMenu/setting/WndGameAdvise.dat	8493	389a499f004d415e80d0b60360b187c1efd8caa1d0c4ea595ca531520136af1c
client/ios/resources/dat/rightMenu/setting/WndGameAdviseData.dat	1628	eb18d3abef712aaa421e45e1c31e4964482ee5fb6ecfcc972749d7801dd303c2
client/ios/resources/dat/rightMenu/setting/WndGameGift.dat	3437	6cda59a4735ee90f560f3ecc95cb8603d4214b50ad7602cc57fbb7ab2f703167
client/ios/resources/dat/rightMenu/setting/WndGameGiftData.dat	1592	0e922e78ddfbb86ba6cf7ad9dbb32476420bfc5bc00d140849b68ac770e72113
client/ios/resources/dat/rightMenu/setting/WndGameLanguage.dat	4986	2cda1eba1d9ac88e5b49f58867b412c7ed14d596d2ce05c3a159a46e72b6d1b3
client/ios/resources/dat/rightMenu/setting/WndGameLanguageData.dat	1439	661e15d40633bdad723f6d5d83adab9a265bb09662ab5268610d85a102fff230
client/ios/resources/dat/rightMenu/setting/WndGameNotice.dat	3783	80235e53f093e74509b9e4973c0c898b3e3364efef663ef835fa9ecf6aa1ec0f
client/ios/resources/dat/rightMenu/setting/WndGameNoticeData.dat	1568	41fdf262df10fff4b5d867d3e16f4bc362140a4110b03deb2d458af03604f58d
client/ios/resources/dat/rightMenu/setting/WndGameRoleSound.dat	2090	7796bd3aea500f02dfb6d36145bf961f05ec7245e24875b35aedc6ee03211f6e
client/ios/resources/dat/rightMenu/setting/WndGameRoleSoundData.dat	1364	5fb5097b3484cbab6ed962ee513c08f0d24e0896646e2bf7b232da237fbeeb55
client/ios/resources/dat/rightMenu/setting/WndGameShare.dat	3175	bd0433b6764845119e1071c2ede2bad4d823f0c646b4bb845416b55ebe456f9c
client/ios/resources/dat/rightMenu/setting/WndGameShareData.dat	1354	c86d19764d40b6dbfb8c8a9785c5d89315574fefedec377ec596d0a353e42a01
client/ios/resources/dat/rightMenu/setting/WndModifyPassword.dat	6993	4ec0077226846cabf39616dedbc26f7fcd55da40e1bd4ca7d103f39e022c276f
client/ios/resources/dat/rightMenu/setting/WndModifyPasswordData.dat	1916	029f016affc30231fbd6ef08afa41fdbf043675811d7338d44450a2895e60ab5
client/ios/resources/dat/rightMenu/setting/WndServersSure.dat	1173	4988ebf9f9be0d8b9fbbd31f2db3471ea0be421d8a3d72468e708ff2257555c2
client/ios/resources/dat/rightMenu/setting/WndServersSureData.dat	1384	96358c403aa89583520189db2d4f17447990dd63ae3011d03daf22f1ed9f4a0d
client/ios/resources/dat/rightMenu/setting/WndSetting.dat	33631	6857744c67e3389487dea95362fbff183929d7094d9ac62203a03debb4531100
client/ios/resources/dat/rightMenu/setting/WndSettingData.dat	7050	104b2509162030cae68f936cd081918f049159dc4138d08abbafc823c223a1a9
client/ios/resources/dat/rune/CellRuneBook.dat	3942	01398bd6ffedb0981f9d36d1e9bf608a01d504e1b6aa7214e44182c8aaa151ff
client/ios/resources/dat/rune/CellRuneBookData.dat	2237	d2d282bbbbbe7c16b77dad5e7c37961c6031bb0a458254cfea75983617b672fa
client/ios/resources/dat/rune/CellRuneInfo.dat	8768	2659d7381379c2d37d8b3fbfa978da2422737043421e7b6d8f434580ffc946f6
client/ios/resources/dat/rune/CellRuneInfoData.dat	2368	10026d433df9471c4fc2b3c2bf99d89bc912fd6f51e1b7b0585cf19866d87164
client/ios/resources/dat/rune/CellRuneSellDes.dat	7882	fd24b51e38790929c94373bfca678ffccfcc5f2eac75e3da02d87e64bd5344ac
client/ios/resources/dat/rune/CellRuneSellDesData.dat	1971	faf32699abe05954a39f7f5df58ca9e64f48f0a4dec3d545f2f04d111ba673ac
client/ios/resources/dat/rune/CellRuneStoreItem.dat	6297	cd9dc266916ef5ab973effbd8c98ba63e615fd7cc07a27e5316dbac759a031d7
client/ios/resources/dat/rune/CellRuneStoreItemData.dat	2472	58b82b84cf7f77680e6321e394d2a40da9445ea715ada5b7e450bee2bd768d2a
client/ios/resources/dat/rune/CellRuneType.dat	2833	913f490f1b41e0f651c8b1d7ba713f7a112bf7acbf19ba572f67fcdfa5c70ec9
client/ios/resources/dat/rune/CellRuneTypeData.dat	2009	f5b21299edff862a902ebddfc0d73c76e8748c1051871727ead7512b63a020d2
client/ios/resources/dat/rune/SceneRune.dat	26407	d2994094dd654c35fe34c24f5bcc58c6fd4eb04c968e8ee377711715e5250b53
client/ios/resources/dat/rune/SceneRuneData.dat	24983	4a58833b28944936f24cc5482c0f98c6136016afcc23e068400c38543a516daf
client/ios/resources/dat/rune/SceneRuneLockDraw.dat	19251	b43d9145d587a3561f0f79cabf9b8bb38fa67992561cccb97a14fb4b3663d4bf
client/ios/resources/dat/rune/SceneRuneLockDrawData.dat	10966	a43f19c353a4ac8808c0068bb6fe4ecc5dc96c5cb737ab956850d4551e3109ef
client/ios/resources/dat/rune/WndRuneBag.dat	6884	0ea4c41e9af995f92e2e27d21d8794568abe3fc0020d9d5a709339705c304fe0
client/ios/resources/dat/rune/WndRuneBagData.dat	2509	a9a8b3f1d2ecf784a804e9f1a404cb633f68dce5a7405a29c118b1cb7001f063
client/ios/resources/dat/rune/WndRuneBook.dat	11990	02a49612288478f784451830419d043d4b5d2b5cc345b22bf9d68c93ac7e6b9a
client/ios/resources/dat/rune/WndRuneBookData.dat	2312	0fc79627c8956d2d07a1ae111f050b4989c2c1a3fbade650e03e03b8dcf0ac8a
client/ios/resources/dat/rune/WndRuneInfo.dat	4787	2780f1f71f662a93d6b27e036c38a3768a0b28bc991be080c8978157a5cb3ac1
client/ios/resources/dat/rune/WndRuneInfoData.dat	2409	79320c7e7ba50445f5a1592053a63c87db8877840afcb846426c863e806b1a5b
client/ios/resources/dat/rune/WndSellDes.dat	2008	e5377419f4a48fd74077ff53d4d2ee27f8682fc484fe7edcb3f4da1fef324a49
client/ios/resources/dat/rune/WndSellDesData.dat	1390	8d50221c44638f2772116e347ea15f2bc999db2b7ff7a874d3f58acaec3b5f57
client/ios/resources/dat/rune/WndSellRune.dat	11582	f4fe2067f4a62d01e68babec83f2d30e7044fb6a9bbc80e15dc5aa9d009f1fc7
client/ios/resources/dat/rune/WndSellRuneData.dat	5167	75e19a6e7e53c107dbf1e6991d5220ef26a35766a4f1c2dd730595313461ee12
client/ios/resources/dat/rune/WndSingleSellRune.dat	3932	c5421a76d22e06b7af01a70d9068b0bab77c97b3a66b76e6c8bfd510ef155a1f
client/ios/resources/dat/rune/WndSingleSellRuneData.dat	2218	f82bbccc814af8c508c5ade2e20292c1d5d872555d3df2149926c0c7361a201e
client/ios/resources/dat/sdk/base/SDK_Ad.dat	3982	a46d19979f0231f463f0398ed25464d3a9a093ba2d16c306960117303e5b32e5
client/ios/resources/dat/sdk/base/SDK_DS.dat	7055	4a1c00aaf8368c5e675de06175fe58b195221214175ed9da26ff76532941c984
client/ios/resources/dat/sdk/base/SDK_Passport.dat	4119	876ed67a8c5a9b069baf55a85e1e421e727f2e139ee712ccc882fd1a356762b1
client/ios/resources/dat/sdk/base/SDK_Plug.dat	1688	d23c90ff009e17845e22b2a0ef01d69e2683c1c04035d65e7d48807be0ffa4c2
client/ios/resources/dat/sdk/base/SDK_Push.dat	4537	9dc6a26fc552045c46c4059d9d8d532c8769d30c12cc7e9819d6a1949a9c6541
client/ios/resources/dat/sdk/base/SDK_SNS.dat	7112	41307b52a5bc40ea48db6063e13bc15f8acd98dfa4abb6a681a70755f7819fe5
client/ios/resources/dat/sdk/base/SDK_Talk.dat	7613	f1c41706d2ed72000c4e76da091145e4e164bc160304bfa19981ddbab0017afb
client/ios/resources/dat/sdk/base/SDK_Util.dat	5209	05a013dea04d2fd6d6865bac8faeff4cb8d14469308d5a88bf0ce7afb6bb7514
client/ios/resources/dat/sdk/extend/DSSdkManager.dat	4177	42a126653aecd2a79d3735beee23907ae9cb5348dc3e5e4629f2b53a0d9cf255
client/ios/resources/dat/sdk/extend/PassportDefaultCallback.dat	14287	cfc90056f68c4bbbd65fbd7620dcf124217df15ef0d62495fb872f886249d381
client/ios/resources/dat/sdk/extend/PassportSdkManager.dat	40456	58a02f31368c9d6ccc12a6d75d7c943cfb78b9b043b4c7a815ccd954a604f8d7
client/ios/resources/dat/sdk/extend/PlugSDKManager.dat	2495	65cc48912cf3d47d78db2ea0ceee5dfe734205d7ab22095bf27d03aa7c8b438f
client/ios/resources/dat/sdk/extend/PushSdkManager.dat	3268	496667b34599cbcb4e905a6abaf49aca7be49b225e03e5cb1fc2ed7363c8f83c
client/ios/resources/dat/sdk/extend/SNSSdkManager.dat	11564	1a5480a1b3066b47fe2e7eb2e58d1bc125475985c3407debb6da2700dd222dc2
client/ios/resources/dat/settlement/CellJJCBattleSettlement.dat	5680	6f0583d3f8d7e6701077e0d49f1a125c45cdefec199ec7dd2dadebd97b80b80f
client/ios/resources/dat/settlement/CellJJCBattleSettlementData.dat	2122	f6f196c43430b3df06cca272aeb694a9b60ff8336f144e7cddbde153d85cba0e
client/ios/resources/dat/sevenDayActivity/CellSevenDayItem.dat	2996	c0946ba085263f64bbf1d971008abf7adac9c1a8151a3404ba1f6977013dd91b
client/ios/resources/dat/sevenDayActivity/CellSevenDayItemData.dat	2266	6b6c0709f8ff01a1fbc7dae19f0aa84eb1214de11bb99bdebb9f360c8b10896b
client/ios/resources/dat/sevenDayActivity/CellSevenDayTask.dat	4055	ef4e205c16a1dc19f2bfc2d25e6a72e754e319445bccb25826e4b44d5a576644
client/ios/resources/dat/sevenDayActivity/CellSevenDayTaskData.dat	2039	4e93e951fdcde5af62f6444a9c0008dd6186980776d94120692d72f52913ce1f
client/ios/resources/dat/sevenDayActivity/WndSevenDayActivity.dat	23823	e967ae703c1ffd675943301c0b3bc30aa6134789886b9c674ef6e1e59dc6251c
client/ios/resources/dat/sevenDayActivity/WndSevenDayActivityData.dat	9554	8088198c45de2a8a411ce2370628de34e4d3c54df604f95c3b4fe07cc1bec752
client/ios/resources/dat/shop/CellGoodsList.dat	23026	bacfbb0fcff7f6bddb9f408e1c73bf532009005e7295a37db0d100a27ca7a7d0
client/ios/resources/dat/shop/CellGoodsListBig.dat	17218	09bf528e37d4ea314a63b26b30ad3bd38d70f25ebb07b8328d2e68009ff3e703
client/ios/resources/dat/shop/CellGoodsListBigData.dat	1972	78afeef992e7ac5d93007067af154e3c28b994ede0fcb509bb0d84b4ca25f43c
client/ios/resources/dat/shop/CellGoodsListData.dat	2048	e1cd9e4c25e7d5874133a1028b4be623988b2345f77f844b30b9393a639ab89c
client/ios/resources/dat/shop/CellSelCount.dat	15206	fbf27d4fd8178344f7ec9f9bc369ba5d99ee4208eeadf1c624880b7d67689f8e
client/ios/resources/dat/shop/CellSelCountData.dat	3885	f84e06446519bd5f3d9042c2efffe0d3037cda2395b55ac36124bc74902d036f
client/ios/resources/dat/shop/CellSelPrice.dat	9798	ff7bbdc4eef85e9a0ecb976eec8b34b325d8144a26fd120f94ee230b68ceb264
client/ios/resources/dat/shop/CellSelPriceData.dat	2626	795ede5d2e67d186c0777a3fbf62b28bf033beea180aa26b29d7756e1ddccb32
client/ios/resources/dat/shop/CellShopFriend.dat	3631	44ea9a0476143751e98ba015f6b3077c4356a2b48f2bc271823fcc0a33df5826
client/ios/resources/dat/shop/CellShopFriendData.dat	2166	8d0fc7d756560426f6ef7447dc0bc659c05420bb75ce9147e601062b42d202c2
client/ios/resources/dat/shop/CellShopLottery.dat	5645	8af50c9054c2c1b059f8b60bd3ea12454e86dde53bdf573df48d07245bd3decc
client/ios/resources/dat/shop/CellShopLotteryData.dat	1794	fb5b85b0886f4b5fd76c17105b45de6d174fe332e0268be0adfcb8e0a768c304
client/ios/resources/dat/shop/CellShopNew.dat	2405	3a649b247746069840e3d791a777c7763885744a9f2ad0434563bf03b6d99833
client/ios/resources/dat/shop/CellShopNewData.dat	1990	996f5dd8d0115fa390f846b03a0bae09c1aad02593a60da6d9f66f2541372cd6
client/ios/resources/dat/shop/CellShopOld.dat	3281	9b71b426fe7b836027ba665c29e6090831a56e0b4567a2d5775cd348a5c1c5b7
client/ios/resources/dat/shop/CellShopOldData.dat	1990	079d5262f5bcabe07628b2862d2a2f0fa35b6ce17b810e65d63f6236fd6c9c5c
client/ios/resources/dat/shop/CellShopPromotion.dat	6967	1ae663c11452300b2c115cccd38a0f449913444cce616a3ce7e9db036a2621e0
client/ios/resources/dat/shop/CellShopPromotionData.dat	1862	b0cb9d50d2c7ff628e0a021daeae9769fc5def25af53ee493d71c3aa3bae512f
client/ios/resources/dat/shop/CellShopSel.dat	2166	ca9ade5d1e7efe34b60881bb3259070f8dbd8a96358ad6acc2cf6d7426a0514a
client/ios/resources/dat/shop/CellShopSelData.dat	2265	7399257bcec8658ef84dc8433de3cbce60b2010399adc6ce0e7327e4fae88899
client/ios/resources/dat/shop/WndBuy.dat	13207	0deacffd84eccfa89f66ac0ec4fd3d419b50ee3d3afe6bda3ae3bb3a674211bd
client/ios/resources/dat/shop/WndBuyData.dat	2091	e6d1159241f227aba39a65c4cf2ec508e3f02036293c89003e4302a32adf4944
client/ios/resources/dat/shop/WndBuyMultipleItem.dat	7816	7171642a434b02d3879884171ec15352be0f3c413c736a78c1c430353b7ffedc
client/ios/resources/dat/shop/WndBuyMultipleItemData.dat	2420	08195e95b7232ea4ec31c1202f8cfedc63d2ccb72d0a555eb8daf6b22473d1af
client/ios/resources/dat/shop/WndCommunityShopLog.dat	6531	bf3e2546a2920acdbdabf9cfa3eb6dde58121336230efcb25d6c658fdb11ae34
client/ios/resources/dat/shop/WndCommunityShopLogData.dat	3556	10d901234422e8cb933c31b7a81fd2aed0a8aa15381959f631d96e94b7d2efc8
client/ios/resources/dat/shop/WndPurchase.dat	23003	9cdf36f55ad31a943c3b21426bcdf83a87c8239fcdc180ca91b038907291bafe
client/ios/resources/dat/shop/WndPurchaseData.dat	3971	f0d28ca9704b9a70b54352713696050fecc71f5fd3b70f0a9390ab5479057639
client/ios/resources/dat/shop/WndShop.dat	82457	da00c58044bdd58e3513668413ae505aa07ff478d64c00ce36cc5feffa8586eb
client/ios/resources/dat/shop/WndShopData.dat	20319	6f01f05dfd2fd705b21c0c8e1539b724adfc278696303d0328947c4e7a3644d4
client/ios/resources/dat/shop/WndShopGiven.dat	13498	2a5b71691a264394f26f4a543cbbd19fa3468ffefc60685b798ad650fd34cb22
client/ios/resources/dat/shop/WndShopGivenData.dat	3311	82b98f0f8be6286faee731650c16bd20a63ee68e2e2e04016a7192acaa180999
client/ios/resources/dat/shop/WndShopLottery.dat	13945	85ac9ea209d577f11b80c7d7ce2b02e97bcbbd800703fa9fc2fa9efaa77077de
client/ios/resources/dat/shop/WndShopLotteryData.dat	1874	8d4c92e9ae5a52cff3cf9b7e079f79f9794bf495ed3b8a340ace01254027d548
client/ios/resources/dat/shop/WndShopSubCheck.dat	8306	50ce66582c0e0cedf6a6201b2c3b3d43035bf06bf270d7e7d55282594dbca6fb
client/ios/resources/dat/shop/WndShopSubCheckData.dat	1467	8caf48f9df89c1a6afe4179d92138a5671c74f83357356881bbc9fc7cf361a12
client/ios/resources/dat/shop/gangsterInn/CellGangsterInn.dat	4573	a7c35292adb705cdd8747f4a298da29577719b3c294d31c33e3261f95b92c220
client/ios/resources/dat/shop/gangsterInn/CellGangsterInnData.dat	1886	e3e48d89f6707d0358cc4275ddbaea22bcf035b4f6d7216fb6947ab17b2efd60
client/ios/resources/dat/shop/gangsterInn/WndGangsterInn.dat	5741	d00fae474ef9dd8e48b83c3ca187776cfb182942421f5345d0f965ff19d965b6
client/ios/resources/dat/shop/gangsterInn/WndGangsterInnActivity.dat	3969	6622d78d049c609c62555cc7c4cf1e110f2fb6cffe708645228fdc59bba7b03b
client/ios/resources/dat/shop/gangsterInn/WndGangsterInnActivityData.dat	1400	26d7de3549f8aaf8379d66906aba9904b2b8e13b25865b6b31a912547b412d67
client/ios/resources/dat/shop/gangsterInn/WndGangsterInnData.dat	2562	889a488f0527043cc9dc6439c792b226d57e87e6f03e21fea6e9778db19e3dbb
client/ios/resources/dat/shop/gangsterInn/WndGangsterInnOwner.dat	2379	5d87b89d473893dfcdca6c0926a4129d0e42c9b2128bae4c1ca819c5aef4c097
client/ios/resources/dat/shop/gangsterInn/WndGangsterInnOwnerData.dat	1612	2952ce6d665d1bcc100b8d269d45474eefe6c71f1c114db70fc2dd495b409ffa
client/ios/resources/dat/shop/rebate/CellRebate.dat	4016	e22863923cd05349d81fea41b6eb2d91c9f202b8ab7128497e43f484ca35c2f5
client/ios/resources/dat/shop/rebate/CellRebateData.dat	1883	5fb72feae61da270f8cf0002bb5cc43a4097aa6b67d005e1c311e00b705d25d8
client/ios/resources/dat/shop/rebate/CellRebateMini.dat	4310	a311e4f84545b7e1726f9b7803e18595ad006472e3581fcae9e865e1e4e2ac53
client/ios/resources/dat/shop/rebate/CellRebateMiniData.dat	1919	95637e30818d2f747df136a04ecc2e11c8bd92269d8405e41d0f7fe4b0511a2f
client/ios/resources/dat/shop/rebate/WndRebate.dat	8260	3471a8d037216bcb759afa3cc80ea2da4b97794d569a08ee192a7ec0586181db
client/ios/resources/dat/shop/rebate/WndRebateData.dat	2494	551cfe06057dd6104bb68e9cff7877cbd3bb9b4f306a31316519a002b532c1b1
client/ios/resources/dat/space/CellSpaceChoose.dat	1158	ab61b2bdde3f92faa2d1f78983aaa4b93da4e37fa37a60a452dd4416718c517e
client/ios/resources/dat/space/CellSpaceChooseData.dat	1792	4595e0689c1c7ed3742069209e4685947c72df345e0377670abed1ba457f6e60
client/ios/resources/dat/space/CellSpaceDetail.dat	3343	1a2d86f49e3596cc7c404e4f099feaf3d806ed5ad47184d8be80a597ab474f52
client/ios/resources/dat/space/CellSpaceDetailData.dat	1880	62deb085c6bc0fc3a851b94d342f991a59c0d0bf7a4b21cd4c04e7ddfa946c93
client/ios/resources/dat/space/CellSpaceFlower.dat	7842	f14bf33e2868214d113f0d87adbf19fc5c30a2fd4da4748ea08bdf73d53068f6
client/ios/resources/dat/space/CellSpaceFlowerData.dat	2204	85aa621b8327122002888818dd28b54555f84339e420e32a6fb6d21251419863
client/ios/resources/dat/space/CellSpacePhoto.dat	14149	61366173d75701f52290489fd1755c8c716b50df63056ed16c62423a04258168
client/ios/resources/dat/space/CellSpacePhotoData.dat	1868	5e60701858a5e902dfd5d472ac59a018beeb6e5de079b081ec3450ddab1d3fe1
client/ios/resources/dat/space/CellSpaceRecord.dat	10175	6d3d07a8aaf4f9a1d19b5d26197f5c09f984d46e799f199f46e347d1cce11a5d
client/ios/resources/dat/space/CellSpaceRecordData.dat	1888	a58ec20e2fce876de2c863c702e85ab572feefe0231a11e90785355a377bd282
client/ios/resources/dat/space/WndSpaceChoose.dat	10879	5cc24e587c1998d5d22e5b4afac3d2ad6d1b06ba4414abdd7afc0406468b3e88
client/ios/resources/dat/space/WndSpaceChooseData.dat	1480	36fca2efeee571560f9db9435a39bbc18a6e54a6e724d51ee3528e6fe727dc54
client/ios/resources/dat/space/WndSpaceDetail.dat	19463	24e07c07ac445aad0c09da831cb24aa2d3f4a2b36f4a790976ba6f6fac27c730
client/ios/resources/dat/space/WndSpaceDetailData.dat	1472	ac8e373ed83ae7176d1187d33f0a5ef5f92c4a5d2d46985e376600199587fd73
client/ios/resources/dat/space/WndSpaceMain.dat	30491	1218a662d57256eec03d2022a4b40bd70e8de30ea823d3ef2c713fa97b0f61a1
client/ios/resources/dat/space/WndSpaceMainData.dat	5458	88692af64245730788766ff87439a9f2e82e8874e0048e886e86e114065d1ca7
client/ios/resources/dat/space/WndSpaceMessage.dat	4521	573bbd197b40fb5682371302b37d22f79ea003d3fc88fb28c33fe38a3bec34f1
client/ios/resources/dat/space/WndSpaceMessageData.dat	2566	2b99df4f22055ddfe25ad2d7c815f339242a023d50279050b3602989de5662f8
client/ios/resources/dat/space/WndSpacePhoto.dat	1565	46ef8762fda51a001f9affffe259196a53b55a749d73cc6da244ca741e674b55
client/ios/resources/dat/space/WndSpacePhotoData.dat	1918	c01d874873b8f1f051825b9b58f664788f1a2a9c76b045f3f13a0a7f6c1f0dbe
client/ios/resources/dat/space/WndSpacePutGift.dat	5839	d1276e88cf5d11d55d8e7df2b70951b35382ad6f37cc9aad4cafbb2358033ae0
client/ios/resources/dat/space/WndSpacePutGiftData.dat	1446	1a74785bdb9bf12a34a364e77fd6b22acee04d50ff452ff8ab67f682f20bd809
client/ios/resources/dat/space/WndSpaceRecord.dat	6664	88381fa82f51c93acec706595ec6e358761b310f111fc74e6b2735eeee4649b3
client/ios/resources/dat/space/WndSpaceRecordData.dat	4127	48b4ce760063bb5f70e95af167963e1472ecef1c2d0c6ecec3db6f08f22c05f6
client/ios/resources/dat/space/WndSpaceSendFlower.dat	3340	ec3ec4fe90d7ea003929023ae1d01e08a93bbc6787a2fa2bb5eca15160c6c527
client/ios/resources/dat/space/WndSpaceSendFlowerData.dat	2867	48020f856fde0c2d02691a9a64a5beb7344845495a7538b1a9bb3855e88e63e5
client/ios/resources/dat/space/WndSpaceTape.dat	6924	deb50baf2543c5923ae4561169280b6d593fe9d05ec36e3c597a102e2fdd7937
client/ios/resources/dat/space/WndSpaceTapeData.dat	1595	da2586d0058d8a6c7834c29f10e39d37f8e6a08d27ea34deed15503b2e4630c6
client/ios/resources/dat/space/WndSpaceUploadConfirm.dat	6303	5ff6c78e249ffa298d16476fbc6da69133c88735ab74caf157757f92f2070c01
client/ios/resources/dat/space/WndSpaceUploadConfirmData.dat	2192	5eda95e6f95b4070e35cd3a7d292e3bca30faedc6008c9d57e0c0b02d6d854df
client/ios/resources/dat/space/WndSpaceView.dat	1191	d82e78c900ab508fab8bf10f89e7fb15e7dda5bdee6fd0c2488c28cd38f1f45f
client/ios/resources/dat/space/WndSpaceViewData.dat	1320	e62df8c889c74c3ece99e1a713ade5cd3a22848ae27ba169feb335b3ffa02724
client/ios/resources/dat/splash.dat	14467	007e8af40d8077a0fe2c3ce3a43efeba2b44a8007e4fef587c84730091f530fd
client/ios/resources/dat/strengthen/CellChoosePet.dat	3546	fd85f53767322a2481878e994f7b3dc94f9d51d6693b71b43043fcfdae529ab9
client/ios/resources/dat/strengthen/CellChoosePetData.dat	2189	297d55e110cb4a5e8d6f30c9d9d39f85e60d7b3d79b3889a1b5d18fbc4802528
client/ios/resources/dat/strengthen/CellFuseBlessList.dat	4969	e828bc2579ee1fabb7d26bf268e78d10083812f1bc6829dcf1b36d0f44a995ba
client/ios/resources/dat/strengthen/CellFuseBlessListData.dat	2399	bc5c59a79304133a902e548c905a99defeb7aff6daffa7d7525bdc5c8057eeb8
client/ios/resources/dat/strengthen/CellMountEvolution.dat	4757	07776884caacc82e1a7f297a352ea457cd0c073b4baff1a62fc7a56f42b31122
client/ios/resources/dat/strengthen/CellMountEvolutionData.dat	1870	638f15d80682fc0aade38f78c64a8173ee1c57a1e308f3456f6ccd9ba69a4afb
client/ios/resources/dat/strengthen/CellPetEvolution.dat	5126	fa47b39afae809115b1076a589a61c651c0d36a3cfcf7d91f8f66c4b28e5f5a9
client/ios/resources/dat/strengthen/CellPetEvolutionData.dat	1808	789cd3dcdb71f01b97fff2b65e2df6b3ffd7bace24ff8df89e6844f90f88b666
client/ios/resources/dat/strengthen/CellStrengthenEquip.dat	8427	e7553de8dbf5df8e0154f5e9bcca9d3a6372ab56e636a3f36a8a0122122801b4
client/ios/resources/dat/strengthen/CellStrengthenEquipData.dat	8365	854dfe353736fe4abe078835c88e2397824c9a3d76471d87fed5e573c4dc1b5b
client/ios/resources/dat/strengthen/CellStrengthenSelectTips.dat	6150	1933188761b621738b0f45466dff0956ee9495eac80e5338209e152e2bfffa13
client/ios/resources/dat/strengthen/CellStrengthenSelectTipsData.dat	2168	072c10bb591df6f65b96d671669e6ae4a40f0aa744d76f09978a618d6225a488
client/ios/resources/dat/strengthen/WndAscending.dat	113971	fce6293e64eea27128af469441c6a69ca1d69451aab8b9db3b253ad353f5d39e
client/ios/resources/dat/strengthen/WndAscendingData.dat	23047	c99f3e455913bd66ea43e542ebcf8fbafc6d2d2b3f29a86b610060bd5f31ba63
client/ios/resources/dat/strengthen/WndAscendingTip.dat	4104	8362c58e2279ceaa75d168ee2d1223d87ae35d18142980cb33e353c6a2c3b303
client/ios/resources/dat/strengthen/WndAscendingTipData.dat	1347	2817324454676dc7597cffface1b8604d785bd0cdf2bb7c492167a159290c6cb
client/ios/resources/dat/strengthen/WndChoosePet.dat	5237	97e7178537db9b740698aadcbd0f254d80e3218246f226fdeb6a7aae2a1ee7f0
client/ios/resources/dat/strengthen/WndChoosePetData.dat	1570	e010e7defdae2e1424d0feddef510f7f060fa962d0d01a95ff5613a81bca8cf6
client/ios/resources/dat/strengthen/WndGemMountingStrengthen.dat	38403	29d493ae89794ee61042b46c046a16c51ca906be900ef7fae387325639988bfd
client/ios/resources/dat/strengthen/WndGemMountingStrengthenData.dat	2748	e3675b2b1046ed50bc938996f69bf7c5f7fae24fdc93f770a546265e0d2e4f5f
client/ios/resources/dat/strengthen/WndGradeStrengthen.dat	10958	ec83b435363b0ed7a81a5419470ccacc83caabc400cf66618b2b6b2eb7faf980
client/ios/resources/dat/strengthen/WndGradeStrengthenData.dat	2111	935131760afed752902ae0fd43212dbbbb5c477c9fd251dc0de34c28d1ebc2b2
client/ios/resources/dat/strengthen/WndImproveStrengthen.dat	33793	9355fc5badd09b52c929f1e021dba9d85ef4c7b4a89602bd084b6edb3a2ce6d3
client/ios/resources/dat/strengthen/WndImproveStrengthenData.dat	2968	8c5c199257dbe29440eb1582a5ac41d087eaf9c8af4b3f5c32cbac7fcbacc18b
client/ios/resources/dat/strengthen/WndIntensifyStrengthen.dat	21444	0b5e93d5588490c4ebb0086b36ae0e6d8d0aa7614123de6c115352256fa28c05
client/ios/resources/dat/strengthen/WndIntensifyStrengthenData.dat	2432	66ce3d037eacb0bdda5ffabdbb84ce5603dc7839b9c4c8de214952df60f55538
client/ios/resources/dat/strengthen/WndSelectTipsStrengthen.dat	15833	d7a30f98323c779e92e48724c18464f4f57c08a15f99ed0f21618781b7f464d3
client/ios/resources/dat/strengthen/WndSelectTipsStrengthenData.dat	2608	659259713e6bef72779d84e1279a135fb0d2c3c6c6c81d0f0005dab18bef19e1
client/ios/resources/dat/strengthen/WndSophisticStrengthen.dat	18824	f32af21e424aef7e21f860bebc1c682df2f617e7aa628759a58864253a914a74
client/ios/resources/dat/strengthen/WndSophisticStrengthenData.dat	3275	a0d0272820fb5102f18cc2db7e6c3e47eff5610f9891a7e5058c4f21ea86c821
client/ios/resources/dat/strengthen/WndStrengthen.dat	64355	b899d1bb4e64b14960391253ce4d42132271fe18c04be4167410df139de450f9
client/ios/resources/dat/strengthen/WndStrengthenData.dat	4862	f9daa01253d8fa4087217582fd18e4fcba15d7dbe555b0e448300481b9168b69
client/ios/resources/dat/strengthen/WndTransferStrengthen.dat	50863	d4633d03853f637fb55a021e76a48349a94b6c1b5fb6ac24f535abcf91c1ef4c
client/ios/resources/dat/strengthen/WndTransferStrengthenData.dat	2930	52fb9190eca049fb591684305559941e6ad5f12db919e008f3bad7bea53d1c90
client/ios/resources/dat/strengthen/WndUpgradeGem.dat	9512	f742cf9526a34b35cf9b633e6c3047f9c992cf368bdc11a13825b4493b8b84d4
client/ios/resources/dat/strengthen/WndUpgradeGemData.dat	1830	b727b5358b1ad8e3958298a01fb7661bc7c52d578ff19834e9dc2aa9307ecf42
client/ios/resources/dat/taboo/CellTabooBox.dat	6961	bcb82286fd75ab16e75c0291fc6854da4e1d25eef0eb5f7d75a6fa0aaa3c6521
client/ios/resources/dat/taboo/CellTabooBoxData.dat	2409	8a2b60905702f798d8dddb3587a94d85532a553949f084cc2ab153520c6f98c5
client/ios/resources/dat/taboo/CellTabooCard.dat	6969	b6bfccd25a23124d38a2d5b45953c5afd0bf5270b9e5b8ab4ec0a65fd2e4f3b4
client/ios/resources/dat/taboo/CellTabooCardData.dat	2415	207c086fa8f62c9e4e45883558821463907ed4b21439c41f68c17bc66fbf76ee
client/ios/resources/dat/taboo/CellTabooMapBtn.dat	3585	0e3eed1278537f885e30e962072129e0e947065a561e5360dcceb4852bda34fb
client/ios/resources/dat/taboo/CellTabooMapBtnData.dat	2006	b18671ef2bb9e0b095502816451fc3859e92dbf2e4476add9857882116282edc
client/ios/resources/dat/taboo/SceneTabooBattle.dat	33420	acbd59045a938c71c761d50d777075a83ef685b2d7df71d2da85b2ee509207f8
client/ios/resources/dat/taboo/SceneTabooBattleData.dat	4883	22ec535a2ac3efb3cb5569682b70353752ccb1184e7d5f375d369ad742dfbf72
client/ios/resources/dat/taboo/SceneTabooMap.dat	5613	147f1e4c61ca62229def17c7d3bf7db950d0c62129c0e4909d12f06185fa1dc7
client/ios/resources/dat/taboo/SceneTabooMapData.dat	1708	8c10974a3b583c22a5b976e57e47583d984391f6082eb4a128003ea63c617771
client/ios/resources/dat/taboo/WndTabooBoxOpen.dat	21911	b9bb2d9c668ee01263da101bb171bf7ef44624f50ad19a24713c30eefaad0f14
client/ios/resources/dat/taboo/WndTabooBoxOpenData.dat	2419	64c94cb4cf592f09364b76f3fcbde1e78de937c0bf5fbc18991bfaeb2d6d7953
client/ios/resources/dat/teach/CellJumpButton.dat	2362	0a960d66da848791f8ff29be988a3a71573632fb147e9bb15633a52cfd27e5ff
client/ios/resources/dat/teach/CellJumpButtonData.dat	1801	b01d45a8c8160b06f694ce623896a040a75c1922b6a510d5178d276a439a3f41
client/ios/resources/dat/teach/CellTeachDialog.dat	11263	696edf2584096e06e94f24542b8f4cf409fd5a1089f06d0a4ddfc163382ee01d
client/ios/resources/dat/teach/CellTeachDialogData.dat	7905	ce8d83b64e79b973f92608c927b8b6781b2ac489e609e779cd34600ea1adf418
client/ios/resources/dat/teach/Teach.dat	34415	30e1113a9eb6356c73cf0ac545b3ce15f40180336ff81b798ffb2f08c81d3ab0
client/ios/resources/dat/teach/TeachBossMap.dat	8492	b7e0d1a470c8085c743e57d96a2ee5b8ebb5851abc162793125b45dd92dcdd9d
client/ios/resources/dat/teach/TeachFollowingFiveLevel.dat	76800	9a32af1a239fab8ebee2676b7c1cd3715dcac2e3fbf1cf31ee320fa1377a7e57
client/ios/resources/dat/teach/TeachGroup1.dat	140771	1b23daa17c6aa8d7d7272a055551803670f929d8510ec65e90dacd2bf2637997
client/ios/resources/dat/teach/TeachIdDefine.dat	13450	4b58ebb563e2779b15a99780f6f6903b3186f50d9b2eed168d687c0c6d8c0dd5
client/ios/resources/dat/teach/TeachPet.dat	9730	646dd365c3a33f085d194a1ec7e504a8bb43054644ca166e63e7355ab00e21c7
client/ios/resources/dat/teach/TeachStepGroup1.dat	50545	16e45473477edad5cb25a0dfcb113041761454d646600910ac71d04b4838875c
client/ios/resources/dat/teach/TeachStepGroup2.dat	64263	2b118fb1c210849117c2a14f76a89db79f775b72ace3099653c7c62b55f60d31
client/ios/resources/dat/teach/TeachStepGroup3.dat	56117	fd8f0b5a2a86fc175148611eb1d93a9906ff7efd9e86e80abb102f15c8c11834
client/ios/resources/dat/teach/TeachStepGroup4.dat	57980	33d95c286fdc232735eaa1e97e06aac36e9b06616e024726cbe5b2148c3106a7
client/ios/resources/dat/teach/TeachStepGroup5.dat	30778	5fe44a200e10e772e564ee42f4ac31498639e3a0b21c2d8d077edd949ca7e9f3
client/ios/resources/dat/teach/TeachStrengthen.dat	12473	8c2c49cbdc4e3fa0eb4f77af7b901b41824213e07723db7b4a152b17fcbc7604
client/ios/resources/dat/teach/WndTeachJumpTalk.dat	8876	ca1f47524c4a36225ef43d7d276589681409312efa438c6ed043c35bbb25f545
client/ios/resources/dat/teach/WndTeachJumpTalkData.dat	2123	d4b5dacae6973a232f8615e42fccc4ab2518b3275be4a183315e9e986527f6cf
client/ios/resources/dat/teach/WndTeachOpenModule.dat	10410	e036c6ba02b47b8be82df396aa66df475c0aeb64ba09722540189449a66c73a1
client/ios/resources/dat/teach/WndTeachOpenModuleData.dat	1771	13cf3452fa08c1875d66bf9953cbb5af0f461e9dcba213d1f39a381f4e05b47c
client/ios/resources/dat/teach/WndTeachTalk.dat	24546	91e6948d93650664ae58f1656f7c2d62d0519ce6bbbab8cc7b8326407189828a
client/ios/resources/dat/teach/WndTeachTalkData.dat	2433	6d25a76bd86cb6bad94184fb58453a2154ad6537db582dbf2014e3183a9d0fc8
client/ios/resources/dat/vip/CellFund.dat	4165	7099e8bf0ceb36e29575c0ee4489107d24e413ac0c889b7cf42db1245cf98e0d
client/ios/resources/dat/vip/CellFundData.dat	1834	ab44636d517c9e7a60e0951af839b2d3b7d8c7d0260a63893a102658f9f84798
client/ios/resources/dat/vip/CellVipCountryChoose.dat	2325	fc6e4baefbc9436c0a3c4b278586a399a8ac991d1b2b6e9eb6b5f4527d18f95e
client/ios/resources/dat/vip/CellVipCountryChooseData.dat	2580	b9dc784289d944ed95bc2aa3491123089d1ad8cb3bdce0b81961a494a7461927
client/ios/resources/dat/vip/CellVipCountryWay.dat	2369	d56b6f6acf2ffa6d5e7fc66e1043660a1ad99436e716009a23b163805c307490
client/ios/resources/dat/vip/CellVipCountryWayData.dat	2191	1f303a1963a0b6a90adcd9b28560bca3f502787134f68fd8de7f8b8399d6e582
client/ios/resources/dat/vip/CellVipGiftList.dat	9216	7e237c0fd2f509002c82a89255b33a301d7f76a7ffe9e7c1487ba81c687d7565
client/ios/resources/dat/vip/CellVipGiftListData.dat	2255	37ddfd7db3f33d9833f5a6226b73f1ac53c9566f957d219d6f90c2872c2f8771
client/ios/resources/dat/vip/CellVipPowerList.dat	15193	76709ca445bbd659944df8fa59ac53d61267985356ba5ffce3781a32e614d5fa
client/ios/resources/dat/vip/CellVipPowerListData.dat	3221	e333e94e605a3f24d090cfaf1795a657c8aa7053fff5ac8d4bfb3b91933211b2
client/ios/resources/dat/vip/WndFund.dat	5458	69e62cddcf273ebace4824ab1fb307fa01efbd41c0e5ad9dca5c95a7bd29f40f
client/ios/resources/dat/vip/WndFundData.dat	2808	7bbee0dcd3afa4a31652b53ac7376f62f1f5e556387efe22ee82d25c38d6b833
client/ios/resources/dat/vip/WndRechargeSuccess.dat	8111	a92034e63718310c189a51b5790fb1569281c2ba13fafb9d5b909e44ec0d521a
client/ios/resources/dat/vip/WndRechargeSuccessData.dat	1928	09819f35eb5eb846eb85a233636a05e06c7d7ce6f2452336664b6eb7846453ae
client/ios/resources/dat/vip/WndVip.dat	39981	dfc6285fe6e7be15f4f5396fd89d8be0465601387e9d15c2dd45a23d7b12e995
client/ios/resources/dat/vip/WndVipChoose.dat	2949	0eafb0f2c2d780af641ea11488904e0c551a09865122b52f7c4875f1c21557f5
client/ios/resources/dat/vip/WndVipChooseData.dat	1409	487149f7bbf16566dd045c16581b1239180afc79a08caa8bb81ba8c82eb0292e
client/ios/resources/dat/vip/WndVipChooseMail.dat	2465	1f5b9c47b653ceedc857786c437d3d6399b34f68eb05248d307a553f19312406
client/ios/resources/dat/vip/WndVipChooseMailData.dat	1445	40f8ca90a91bfd1e3582b63d88112c52f423972034789f9b5c88d6c87312d59d
client/ios/resources/dat/vip/WndVipCountry.dat	6357	79680c9286a45e07acb8a28e4f76c70963a8df1db8b5fb0fcbcd06dd5e7db400
client/ios/resources/dat/vip/WndVipCountryChoose.dat	3027	7557bb955d94fb9cd8b6f8b86de812c87192436c4819e06c45625c6b9898706c
client/ios/resources/dat/vip/WndVipCountryChooseData.dat	1571	67c5ffcbfd2b678f8022ba33ebbe37b431b3d23a827e56e10e89d8eca5afc107
client/ios/resources/dat/vip/WndVipCountryData.dat	1709	2de679abae269369c51cce03dedea952ec87453d574dd0ca5ea19bf9d080a806
client/ios/resources/dat/vip/WndVipData.dat	11458	3d0f5e6a6dac8b764301095b394662644bd809965ea662bad06f9b66c27784e7
client/ios/resources/dat/vip/WndVipGift.dat	21061	35eacfd3e1a7a2af57aa10a694bfbeff4048313f62f7a2f4a6ec995694ea3112
client/ios/resources/dat/vip/WndVipGiftData.dat	4881	44cdd33293dfc1d0818b0b2a1fb9718ad5b3be988e8132f14d0eaff7561c995a
client/ios/resources/dat/vip/WndVipUp.dat	2102	3a0471528685d69642abab3244336b23b368d1bbb6db12d75e363798c45ff3c5
client/ios/resources/dat/vip/WndVipUpData.dat	1613	a70e6e362a5e60527e63a4ed2fb11ff34ea9dfd99f015a0bc7c14af6e1d0ac3f
client/ios/resources/dat/vip/WndVipWeb.dat	4078	d7d7ae628fc821434693f83c13d7e171a90052ab06584bd576bdb977d958bf2a
client/ios/resources/dat/vip/WndVipWebData.dat	1516	d049236d1a27c70d7297331e3dd66384bc24cb1776c509226758a71f51767748
client/ios/resources/dat/voice/VoiceChat.dat	16539	345c07d6b70b3d1c6eb412cba6e6fe2301d736cab26086feb05803098c5caa80
client/ios/resources/dat/voice/wydVoice.dat	21752	ce4d9d093e657108ba58ed7878bfbc5552c9b1d84a466c5a8397c43f9ea1b748
client/ios/resources/dat/wakeup/CellWakeupCoinUse.dat	5238	b03e9ab5eb925b0b59e281712805782d2f0f929a331b49619d442bafd93cd683
client/ios/resources/dat/wakeup/CellWakeupCoinUseData.dat	2283	0a55cc75d8cf96728ea04198167d1e82deb3d320b6398ca04cea361c68582455
client/ios/resources/dat/wakeup/CellWakeupDetail.dat	40086	0826f3cd45b0ff0c3aeccb5f4eac0c63edc0afd73b0ebebc3ac605dd57b0e1d7
client/ios/resources/dat/wakeup/CellWakeupDetailData.dat	17663	0dc9535f98f89eb588bf9f8992ad581c60f85bee639a8409b1d11ba06cfe104b
client/ios/resources/dat/wakeup/CellWakeupLeftItem.dat	3773	8bb8598148cf14bd6bc1230e2c061bc9b08b1acd4efd6cfaa47a1dbd5f8d92f8
client/ios/resources/dat/wakeup/CellWakeupLeftItemData.dat	2378	2c9e67a6baa07412751248b153b70f0ad33a03a10e8416b359077d5b0ee13473
client/ios/resources/dat/wakeup/CellWakeupPowerItem.dat	3527	ee7b851aa71409d30bd60ea8d79950d16145f1c81b71f9aaef424ec2934e9309
client/ios/resources/dat/wakeup/CellWakeupPowerItemData.dat	2182	3ac80eb56116bef83ae4360a6c210b517da1e45c200a3bcbbe7ca093eca386fd
client/ios/resources/dat/wakeup/CellWakeupSy.dat	5466	b2db5b9d00340c1df8ddb905324d3da2da7f452bc184e924174ec594985440c9
client/ios/resources/dat/wakeup/CellWakeupSyData.dat	2006	62f38d708bea5c242069d6c8130c39fbb9ec15c1200b3b6a2cd81b359aec12f4
client/ios/resources/dat/wakeup/CellWakeupTask.dat	19639	fdd7d7253725c286af09c2aa879e5fdb84f593f2886d995ca8657c0f5d4158c5
client/ios/resources/dat/wakeup/CellWakeupTaskData.dat	3181	d92e08fd7cc102eaa3f2efad24ee2808dadf0fccb81c608aa17e11552ffb02cd
client/ios/resources/dat/wakeup/WndExtraction.dat	49672	a83685833582ed68ca0cc91aa3d18a3848afd2d1e3f8b258b5066c80ce327e9f
client/ios/resources/dat/wakeup/WndExtractionData.dat	18881	a3ef5c7408539ef065d8c4b9414529845e7bc4f831f96c5e96f75fd513170c83
client/ios/resources/dat/wakeup/WndWakeup.dat	7204	fe39c2954cc0f58186685449c9e95c43a9b0ebc313ff41a73040fc653ab4fb46
client/ios/resources/dat/wakeup/WndWakeupData.dat	13434	1dddcabe8eaa707f1d471bce23651de7883caa91c9ba99d55a0f24c444eb0867
client/ios/resources/dat/wakeup/WndWakeupcoinJump.dat	4662	2629a7d34abe6670380c9e8056d164b2b32d29da833fd2f4236c2167bddac267
client/ios/resources/dat/wakeup/WndWakeupcoinJumpData.dat	1859	8241dfa1069e5da80facfa15a5548c23a29286ab71a48716d795ab3228b2ef3d
client/ios/resources/dat/weChat/CellWeChat.dat	4153	0a7bf69bd91c2d4dffe7967590e45134d03256a34398fc2927b16dc87c58847e
client/ios/resources/dat/weChat/CellWeChatData.dat	1827	acde28cd4afa5f9481589dc54e959baabc77bf795673a8885851ba2347e984b5
client/ios/resources/dat/weChat/WndComment.dat	5438	ebe447964aedfa1181a0200a111288da419cb8c44563820858da90d3599ddf1b
client/ios/resources/dat/weChat/WndCommentData.dat	1456	cac676298e1242d335ed77e4d73297c9af8e2f7b5777689eadafcaab345ba7d2
client/ios/resources/dat/weChat/WndWeChat.dat	4176	c7b689f942337e0446d4eff772d0b25ce445061eef1b2bef5971e3d9c327a8c4
client/ios/resources/dat/weChat/WndWeChatData.dat	1493	43724ca276370583c774adb33743816d417a98a88fe92d50e55c82c4b511145b
client/ios/resources/ui/ArmWing.xml	1452	0d939894c4605355e782cb63989f385aea88bdc7c143647ccc9544e19a281725
client/ios/resources/ui/CellAbout.xml	783	dc251184284b5780d88554a1279051013dc96bf8f37ad5607e8a82bb47095885
client/ios/resources/ui/CellActivityGifPanel.xml	6000	931faa62ad231c80ad6afc09ea8ac70a2bb930319a72ff64d7e87ffcc81d664e
client/ios/resources/ui/CellActivityOnLineItem.xml	2500	ecf3f13df04bbae78aa792591424a618211fe57e800e40434b86160c1a149612
client/ios/resources/ui/CellActivityRankList.xml	7454	d249e039f2ec74f0029118faaab8129b7679b8f03dbf88b4939a7ce88897b865
client/ios/resources/ui/CellActivityRedEnvelope.xml	2116	52bd54d432b6da88873f7e83376e4305bb4fbcf8f55f690be91df99238dabe1e
client/ios/resources/ui/CellActivitySevenRedEnvelope.xml	16515	8358f8c0d74a63e7c234ec81226d169aa3a3f2eb485c9dee231692932f27fdf3
client/ios/resources/ui/CellActivityVipItem.xml	5197	005263826788d37d1f1d1db876cf72847786081015d5884003a30666e2ba8f46
client/ios/resources/ui/CellActivityVipPanel.xml	6265	db4e4e701c17953c8e551193f1aca54e64bfd6ee285474d9b66b22cb9c07e00b
client/ios/resources/ui/CellActorInfo.xml	2235	3c2e360442737dd5c5ef5c5b9a9e320f5cb82e1c73c710091a2bbf4204d7589c
client/ios/resources/ui/CellAdventure.xml	5713	c724fc4a599ae064953a56ac5f57a142bea6dab00d7c00c8e61f701c924f6630
client/ios/resources/ui/CellAdvertising.xml	2142	3417027cab1f88afe8205f9d8ab9acfd6e82bad9c5ab1690296c73bf324ec656
client/ios/resources/ui/CellApartmentAct.xml	20	53ed21041bae1a1fa6f3c3764579e9b6486319a994681cbe4dc3a3d66366fdd9
client/ios/resources/ui/CellArenaCommonBtn.xml	8635	3005bbb1ecf10f31864ccd93e52ed28a02fc24b8e1677c56e139a1bb62dc17a8
client/ios/resources/ui/CellArenaInfo.xml	3231	00d80a7360955e84a693467a49bef8c1b6385aa7e9d9894ab69ab6a00e87e00d
client/ios/resources/ui/CellArenaWinFightResult.xml	5974	aebc311f75c6da3af6e0a9fdb4588c14ee15ba5ebb68c505a334139cf3b4f854
client/ios/resources/ui/CellArenaWinRankIcon.xml	5510	dbe7be7d8c4c077fc9e7b464053b3547faa834c294353c900f4acba86a8af0b5
client/ios/resources/ui/CellAthGoal.xml	3935	9caf649f99d93f7d42bb91255de747f34c213b60c31dd02c6fd7fdb0579eda70
client/ios/resources/ui/CellAthRank.xml	3593	22c00ed9ddddd29fa2875ae4e665859c5153069819835903cef31e8108fde600
client/ios/resources/ui/CellAthRankReward.xml	2628	d4f60023bbcb3c2140eef7bc2dc4e9b181355cd23039bbda176aca5fd9ac3eb0
client/ios/resources/ui/CellAthReward.xml	3354	30a47b65f30752c04658fae827393a00989578f7132e0128119c1a7ef970f77c
client/ios/resources/ui/CellAthShop.xml	5721	a5ace1b2d4a0ddc7abe05297c27b4a96ca0ffedf25ff6642fea41856b41653e4
client/ios/resources/ui/CellAthVideo.xml	8791	2148eab0ba4cba81874f39bab81a76146c035856a64dff5c9951d074c687c198
client/ios/resources/ui/CellBackFightItem.xml	9615	7132ffe79019813cb9b5d7a1ffe2f57b583ca28bf5582ba576fa10c1ebae0543
client/ios/resources/ui/CellBackFightPanel.xml	2679	d8beca4923c03f1b6de61b2383b5b66797a35937c8f339fd3564db41b27e0e69
client/ios/resources/ui/CellBattleCtb.xml	11111	c598ec66eb4ae7c791554d33b43df4791aa1a5adf6466a757e815e09a50bc2e3
client/ios/resources/ui/CellBattleDialog.xml	2075	51350e89869b57ecccdf28e4eae819c2e7a8332b47f2159a870f288d1d94d9e1
client/ios/resources/ui/CellBattleWin.xml	1642	9c8e1b95a56a035a108bcb368258a0f8ae834313eec3ed500cdf645ba701267e
client/ios/resources/ui/CellBlessItem.xml	2962	7b89ba771ac492d1b4ff7feca865e80447feda27144930e70a485fa06bf6e039
client/ios/resources/ui/CellBlessShop.xml	6098	3fda4db44626b11e3994cca259019d2aebb98662868d8382957dfcd6c1d246f5
client/ios/resources/ui/CellBlessedMen.xml	1981	ea7bbf5665aba4ff3ac7d7be618648a9b302a2abf4940f840f9cc881b7ae7171
client/ios/resources/ui/CellBossHallList.xml	2405	a538cb204b6a790da015c5c956833a0d9721f4a1960745172c8fb80df997c612
client/ios/resources/ui/CellBreakEggsItem.xml	1436	cf7204b5d775569fd66a0f9ea1049188b9ec30f76ede34080bb64ffe85d63d00
client/ios/resources/ui/CellBreakEggsPanel.xml	5166	4e886a72d7a60f0c8cf56540f7f5913d2cd9724aa30efd6edde19cbda28fc7a8
client/ios/resources/ui/CellBuyLimitePanel.xml	6704	9f1f0f06c2a5cda798cf5cc4b3997db742263d4cb2523791316b6fde96b65498
client/ios/resources/ui/CellCardBoxItem.xml	1928	cfdf57c3e4cbcdd06b37580239bf84e4b4ca50afc9292207fea750b5c956a27b
client/ios/resources/ui/CellCardItem.xml	3511	0b400ac3b1db4fabbffe5f7b6dfed21e981cd36c58bd0c7b6194e13db5f54c01
client/ios/resources/ui/CellCardListItem.xml	1111	c3c71dd80cfb6fac22c5e2b74db49406aaab9b4c561ad5c113717209664b9c48
client/ios/resources/ui/CellCardListUnactive.xml	1106	3b9627ad11fd3d6ea4d8e53203566c610fce40f03be451fe73bb0a480df430b3
client/ios/resources/ui/CellCardMark.xml	2003	61beb88fcfa31b5a203bdf13a13058b2cff4ba0bcd7b566964ce081360b24038
client/ios/resources/ui/CellCardShopItem.xml	6753	a923f4c1acb546d397ad75c787003c88f44dcca1f2f9ec70350ccc23cce43c85
client/ios/resources/ui/CellChallengeHall.xml	2972	bc9d3a4b709fcabf98688daf90890ee794a60519f59649393a5910304bb56356
client/ios/resources/ui/CellCharmRank.xml	4704	37d76bbce1471281ce5bfc0ca6e61edf4bc609d11adeb6c6b032beb5fec21304
client/ios/resources/ui/CellCharmRecommend.xml	4222	bdfff788e61bd6acca939bdb809c9c7f4c626e33c641db9a053b42e8d059d42d
client/ios/resources/ui/CellCharmReward.xml	3711	fa132aaaaea476e8756c229d32515655413fda1f9786a0b6e8311fb8d956ea02
client/ios/resources/ui/CellChatBubble.xml	1248	0db9364e09bda8981fb92d62ec7f5284dfdb215ecb19b9ee5b842e9bd57045a1
client/ios/resources/ui/CellChatList.xml	1487	1499f9f3fcb90d175e0f8d684c584082b76fab0c081104706cc7d2b4e21938b6
client/ios/resources/ui/CellCheckOther01.xml	17745	92a6ae698ee72e7baa98120caf610ebc2be5b22c9fdc4b9325ec8daeccc050b7
client/ios/resources/ui/CellCheckOther1.xml	24899	7d76017cdc26d9f0fc77b817a144760b62eb9b43dca193165f5d77907aeed73a
client/ios/resources/ui/CellCheckOther10.xml	14791	3b543b00c8c7c488f2bada34f35fe6191296caeaef948dac724010b437022a60
client/ios/resources/ui/CellCheckOther2.xml	4156	39a1db283e86d098fe988ccb9a2d2c2c79c947d3cff447b48958755133926963
client/ios/resources/ui/CellCheckOther3.xml	8503	d59146aa0497016446b9b3da69041a0b568e68719892a755e8288dd59fbc0c08
client/ios/resources/ui/CellCheckOther4.xml	4736	693b40c314fad0adf3b75f1251cce8db69bcf9e22c221f51cb5fff38c8436894
client/ios/resources/ui/CellCheckOther5.xml	30121	382accae3350ee016a44e3169cebb7950133a6e0d4a52284168a29eb57860c94
client/ios/resources/ui/CellCheckOther6.xml	44296	9c0a5ac47073815c11f66218e0b8d620ce1098b2d9a7b62f54ffbe7a511d461e
client/ios/resources/ui/CellCheckOther7.xml	7871	b053ca7b70d9c93c38584002f76865e5c176cd1b58023e7cf1af064bb050ad6e
client/ios/resources/ui/CellCheckOther8.xml	1601	90d59052f9bbebcb7e1e2cd94aabb309274577dc53f20597f63a768c8d4bdcb2
client/ios/resources/ui/CellCheckOther9.xml	9923	52037baf19bb1642b0fa3d20540e18bd80e80920a709d2f7c4a8d210448d468a
client/ios/resources/ui/CellCheckOtherBg.xml	1658	c331c4829105d7e936281f66355e9179cc047f48d405058b32b297e14e78ea5c
client/ios/resources/ui/CellCheckOtherRune.xml	10708	a766fb82486d66be4745f867e261fc1a9654d9937eaf2cb51a316647b809962e
client/ios/resources/ui/CellChoosePet.xml	6269	4b8b6cb4f3dcad8bb0839eb5f2f30934a06c4ae6cd015a6dee78e11f1e8e9341
client/ios/resources/ui/CellCombinedServerRole.xml	7268	ba496768cfabbb1ea7c232efc0bf9f321044e96a519bcbe8a5ea5d84d1fa1d64
client/ios/resources/ui/CellCommunityAppoint.xml	6898	31bdcaa9117f18cb4c51a23d9ee06bc10916f8f088a5ed643e150c6ae1f406fc
client/ios/resources/ui/CellCommunityBossInspire.xml	1372	0e5350a3f692d74c79d50c1de19c95bbd18fca935d03de9b7138399f4431c309
client/ios/resources/ui/CellCommunityBossWarRank.xml	3889	d7e60bbef07d9059fc4832aaa1d2fcad9a8fd15806495685f2bc4898da7d1d3a
client/ios/resources/ui/CellCommunityCheckDonate.xml	3939	d61cb92a82b734fc92ec9cdd792f217ab6ce83f12caab8e377d60e8e36b086b1
client/ios/resources/ui/CellCommunityCopyRank.xml	4236	d142de4b9fe961bff4e7bb060fc724d24cdf1a7afd57447686d11e217aab092a
client/ios/resources/ui/CellCommunityDonate.xml	2263	5a37271028c81994b44c203a38c1de7f1319f6493f94e5292c973cc0c155a0b8
client/ios/resources/ui/CellCommunityFight.xml	3322	cb9318e79c5697f899bb2f9952d993531bd760b5b23d667a06e81333da2cc0bb
client/ios/resources/ui/CellCommunityInfo.xml	3305	dd6116188dab67bc89e69f72036cc4a5631a681cfbb36a4ef22cf8c1355abea7
client/ios/resources/ui/CellCommunityInfoList.xml	2543	9cb46837f1f2d1c603c345840dbc3a7cc8f001e93552a57694cadc6157e2a7c8
client/ios/resources/ui/CellCommunityKnockout1.xml	5230	f8f7fd80f29c422d2c60fcf4ad0e15542200917e683ccaf53c7c376bb8cbcb29
client/ios/resources/ui/CellCommunityKnockout2.xml	4270	16c4e0b3ce0f24b88bdecd1dbf6f5f8dc8b8965fedc6a5be8bc0a8483e65b181
client/ios/resources/ui/CellCommunityList.xml	5273	244ad7d8d1cb0260276503acbc1a588c0571561a04139fd997bcd2e6a7ec63db
client/ios/resources/ui/CellCommunityMemberList.xml	4315	2b45b841df0a8cff1213d43fcca0861ee01600cb32addac0d282e0c4fca9b14e
client/ios/resources/ui/CellCommunityMonthCard.xml	4442	c1f2dcd439edd30a465f75c62b3e5e88f3a868b9a9420df01346073997a892bc
client/ios/resources/ui/CellCommunityRank.xml	5213	021bc6a274e6714adc2ac6183cb11c7b69d7733a95392bab94fc671691c72ab4
client/ios/resources/ui/CellCommunityRemove.xml	6863	5471b05b1faf702ff36231ceda5e5c426efe9b8e1a6dbe214e80fba14db40b6d
client/ios/resources/ui/CellCommunityShop.xml	4448	af1afe7ad0c3c8addbe2312d9335697267fb24850706e9518058c920ea78bbc6
client/ios/resources/ui/CellCommunityTask.xml	2849	7281e8d841b8e7dc86f147d93cd0ca29d72c5fed86fe9bb26ac62c8b12b56cd0
client/ios/resources/ui/CellCommunityTaskRelease.xml	5529	6fea26c6efa893e250eab8a1c70d89f7908e21b69c27805a9d2bb0bcb084873b
client/ios/resources/ui/CellCommunityTaskReward.xml	2867	f854417215b40d4ec1d336951c8d197af75fb7b39194ad966f2061dbc207a465
client/ios/resources/ui/CellCompeteAgent.xml	2284	09839e9d22f39a43ca7749c6255f426b4bfca7e0732bb44b5e2805f9c3be0cef
client/ios/resources/ui/CellCompeteGift.xml	3128	bdf2274431e08eca847e46f8e9640d30f5619db1af76f1179e2572c988cf90ae
client/ios/resources/ui/CellCompeteMemberList.xml	8719	b058946ac37a7c1a975ca05ab64ed7e64a9be35397801ba94a4c8184ef441ad8
client/ios/resources/ui/CellCompeteTask.xml	4141	5a17b25e4c4b8695821b6487dc5db2a90e51e7a5d3773caae1d58f027f0c6aea
client/ios/resources/ui/CellCopyHallList.xml	5244	56c70628df16a54405cdc4c227197878a54f6eb4f66a973884e059aded092a6d
client/ios/resources/ui/CellCostActivityItem.xml	4167	df4d497b1b71ca2c52731b008a085148db239e4ab6e911010482f351b2cc7ea1
client/ios/resources/ui/CellCostActivityPanel.xml	3839	8452df0b51dd8d33a5c807e499fdd88d324abf89f5765483a3dcbd32d0453f8d
client/ios/resources/ui/CellCutePetPanel.xml	7860	d97aa0b31bc4811a729f351ec091f0ad1d15f0057d4666c606785888314f824d
client/ios/resources/ui/CellDailyCopy.xml	1691	d89d1c272f58b68b67c3e584b8dcb79c91b719798ee6ef8ee6410b6f8d42ca93
client/ios/resources/ui/CellDailyFirstRecharge.xml	6084	d54c890110b3a0ff441542935988bf7b00140b584332386f4dccffb43c3ba0dc
client/ios/resources/ui/CellDailyTask.xml	12783	56b9e4b3c3c39f056b6aa8825aba1f8581d8dea799b9e31a8296295ba5921ebf
client/ios/resources/ui/CellDayReward.xml	1850	5acaf92ec4d214b2c845fd4ed1db6c892d8aea0b707641c5816fc1242b6264f2
client/ios/resources/ui/CellDayRewardContain.xml	21303	a2273f16c4f02527172b2dccb209865fa07175d0c60f96859d0462b86b75d9ec
client/ios/resources/ui/CellDesignationOne.xml	3447	98edeb0fec33d4150a89ebf4cbe1a68eae5ebcf84e457deaf75212ee0d71bb37
client/ios/resources/ui/CellDesignationThree.xml	4767	2c0fc48dcc64f4afbe86bee24b7da1e6e8455b33a8389001b9a75448aeb07e67
client/ios/resources/ui/CellDesignationTwo.xml	8556	221bc43f192d6cb1c301296d9fe0d03e1d04adb81a475f80a43c66064a558081
client/ios/resources/ui/CellDialog.xml	1456	a96190d111886f92b8656921d3047d0861c4ce884d1d5927bbf68af9b00053a9
client/ios/resources/ui/CellDigGemLog.xml	697	9ce0cd9a40d21c1d0319de659e1b3fcef447e5a586f6a155d29284189fdb85e2
client/ios/resources/ui/CellDiscountLimitItem.xml	3962	b27a16ac9ce4513cdfebb4ddad25a7a7262c65ab0680f798f00f74d098473b9f
client/ios/resources/ui/CellDiscountLimitPanel.xml	2373	18d2b885bfc4c7ad605e96c3b40d1ec48aab06cb2703a4818d0aaa2b4afeba2d
client/ios/resources/ui/CellDownloadImg.xml	496	f147b5df2b93387576a75c155f587039c286964fcd6288e6ba8d7600830cf4fd
client/ios/resources/ui/CellDress.xml	4330	bf373393c592ff629dde14232424ffeb8c12dfa4b3d1e5b8d7f5d8a54ad195b9
client/ios/resources/ui/CellDressGoodSeat.xml	5038	36561ee9fd5eac21981baab931ba54c580a2fa92c729b57e9fb849918ce990c4
client/ios/resources/ui/CellDropList.xml	687	f178c228be3c992fb56834a0740936d6f3660b72897cb7d291c7a15c3bfef642
client/ios/resources/ui/CellDynamic.xml	8581	22543414987bb96c963e583b03f1a77cc2ccaf05736b6e4251760d9d633fb5a4
client/ios/resources/ui/CellEatthingsPanel.xml	9430	ae3447afbfa9fadf20a561bfc7424beac90a24f7b56a70bbdc7e476881955dcf
client/ios/resources/ui/CellEnterServers.xml	1723	1a82ab6ba7ed3a7a062fc00daa3a969b67eaa7e74a0f55357ac0ed1ade0cb60c
client/ios/resources/ui/CellEquip.xml	8580	78bdc21316d206cb58a8bc54bfa6299d2c7d2244b84bbe31b8b819ec1b3c3799
client/ios/resources/ui/CellEquipItem.xml	1102	26d606360a4c7e21e7aa71c4ca7b93d7ea6bb050853479419c701460bba60233
client/ios/resources/ui/CellEquipName.xml	1062	be1aa553eb9319bab9e10dacc65fc4aa3b8657a38c37fcc234f20e08b97ba86f
client/ios/resources/ui/CellEquipStore.xml	5722	1c00e505c11656ec4d7f0f10b67de94a18fd2f8066dd390ef3cec9cdef244e3a
client/ios/resources/ui/CellExchangeItem.xml	5267	ffb89ccf43a1da8646b6417a71fb6b1c5a206ad8cb0becc806918b7f2aebfbb8
client/ios/resources/ui/CellExchangePanel.xml	3923	483648ed0a5788d388300d833fe0bd045d9ae8a7bad80c9e163577027d320ad9
client/ios/resources/ui/CellFamilyBuilding.xml	304	98679edf20260bf59ed9621ed888779ffaa88223c696b47f4990377a99f7db3e
client/ios/resources/ui/CellFamilyBuildingLawn.xml	320	28dd8fd8138322562bbb771aff41bf044f641325bf8783083a0a5063489b4432
client/ios/resources/ui/CellFamilyRank.xml	5751	fb71644327a2d0968ba021a2475d8a293f7dba694904076b0d10e2edd97d3379
client/ios/resources/ui/CellFamilyRankNew.xml	4176	14281c0d1a4d6cc1ac58e8d235e4ebbbeecbf2fe3b99181946ba07c0525831be
client/ios/resources/ui/CellFamilyShop.xml	6689	76fc8c11c5577c88fb79f09975c4eaf74beb5587bf1c56fb848f6c5e3622b0e1
client/ios/resources/ui/CellFightingPanel.xml	1319	83fc88a04ed7ab49d8766f4f20da69819c8d68658d130bb433ffab62924004d0
client/ios/resources/ui/CellFightingPanelItem.xml	4764	6f00e41d77c0da8444e9a95b2410c5d5d30269e6bbb3ea6b72e6ec2a0cd9f861
client/ios/resources/ui/CellFightingRankItem.xml	5311	140971b192ba4e9090c556e4158edde77d77fd257d63838c3178af2cea9ffbe3
client/ios/resources/ui/CellFightingRankPanel.xml	7412	b1760e0b434e3eb4a1c0f9e43cff02bbbf6677b26606ec0ff7fae87a24ef1118
client/ios/resources/ui/CellFireworkContainer.xml	276	7e72b50d0aa8e09b62579a1a57b16fd33376a9a6579e48fb86b8c2fddbccd4a8
client/ios/resources/ui/CellFireworks.xml	12609	f7a1461b870fd3680c855fe7bb534f03fa881c995a4bec0b012a72a6e5c6545b
client/ios/resources/ui/CellFireworksAnn.xml	12363	1b50eebc622a66171e891a11933125bc1bb7a06b76114ab4f2a16c930bff5cb3
client/ios/resources/ui/CellFootMark.xml	9493	733f4f4b973763dfb721eb2dd361c95b3ca1cd9636b7670aab7297180a874100
client/ios/resources/ui/CellFootballGame.xml	5961	aa7b6fa8373431e164bd33b0f82b75d25d4840b28e1159b7a6e269ce8d12e1c2
client/ios/resources/ui/CellFootballGuessRank.xml	3712	abc19b71cae6641e7c870743f5dfcf0af76e9d01c28d339da912335fb6b62952
client/ios/resources/ui/CellFootballGuessResult.xml	3660	2f68d9f78985faf27ba3cf3788b71a16b2e0ef9e1d48b01423c6ae3e2c4fb1de
client/ios/resources/ui/CellFootballGuessShop.xml	3028	19a780c438067bde237a53752e061fbb5145a72dbbd982b810f6c6821f98d8fc
client/ios/resources/ui/CellFootballQuizBtn.xml	3009	b191e0fd60355d492c875cb33e11fc3d4cf565fc04c4e6ff1b77c4446e0490f1
client/ios/resources/ui/CellFootballShootRank.xml	10580	661fd6805784c32db91fa4a51dd2eabee692e7f608e79f29a46150343835dd83
client/ios/resources/ui/CellFriendBlacklist.xml	8773	0be84fb4fd2786c82d0cdaf574d27f6be8d2a3523398ad4dfad5aa72ed07b5cd
client/ios/resources/ui/CellFriendInvite.xml	3259	38c72204629c0b0394c509f585283af28e3f9d3e3928e539b111826d73b5909a
client/ios/resources/ui/CellFriendInviteTask.xml	5163	2e80ed5fd1d9935f3be933086e86be6f1ae1265cc7f7c170a9038876d6f30f0c
client/ios/resources/ui/CellFriendList.xml	5568	216065e361ac3497e368682e8f9bf95555aa38cea6b43b0658487e80b07a659f
client/ios/resources/ui/CellFriends.xml	14210	c103c41c2f699e4ee84da42c4a1d5e779207ae1662dd462ea2d017fa8fb478ee
client/ios/resources/ui/CellFund.xml	5345	c9d34971be30d093949248302076d005005428fafb06702c0ea29271342d81cb
client/ios/resources/ui/CellFuseBlessList.xml	3884	fd3706473b2723a036387c7b0361c45c0b7957447ee6ec2df6a8ba7fa19e4d49
client/ios/resources/ui/CellGVGRankList.xml	2305	31ca6bbc699c7216deab18726446a4189c34d85c83c7d8d03d9aaed2e466aba4
client/ios/resources/ui/CellGameSingInItem.xml	7651	7d179602fc44b5e379a7d979c6084678f90bf156b50a604a38a2ece3f82602f1
client/ios/resources/ui/CellGangsterInn.xml	4226	b0bf6d5862a33f9ef0d4dcd5ed4e566ff7235066cdfb2d1ffe539a829e234b0f
client/ios/resources/ui/CellGemTool.xml	3169	70b6eba1f16aa47603396c1c9c5d8eb150c67aaaa869a686c47918978f19289a
client/ios/resources/ui/CellGold.xml	321	a449b6585f23b465c54622bcedd0f8e5010d75eaf41653cdd623beb3c13f3068
client/ios/resources/ui/CellGoodItem.xml	2148	c55db7397694cff3d64ea00212a2dceecb2cb34a8b3bbd11168751965fbc90df
client/ios/resources/ui/CellGoodsList.xml	10439	2fbed7aed50bd93e384ea325419d780a89000e347febaf022e56ada87e050010
client/ios/resources/ui/CellGoodsListBig.xml	10316	de87700fee6e8164b51a837bd62063f0a41856a19b0b45fda756a8ad66c73cbc
client/ios/resources/ui/CellGradePanel.xml	3154	f8cf80a4b5e3d71d80e37425e383a9b93288a721fa71ad4d0d3a4cc57e1f402a
client/ios/resources/ui/CellGradePanelItem.xml	5166	870d2e6dc72b624529238dd743728c116f4f290de9650e503daf346854097148
client/ios/resources/ui/CellGrid.xml	330	7c4a0def06478e3eb716a48139b06c1e60a306311a6a6d87720822b5ddaf7882
client/ios/resources/ui/CellGuestList.xml	2914	87ed3f7e7dfdacfba12af8c260e520594e25eb028305c899a9a94b3d909bae0a
client/ios/resources/ui/CellGuestNumList.xml	2185	31d53c69b6dd2034f33f7ab1ec5718c4d839d1a996e8f8ce83739932a0dcb6f9
client/ios/resources/ui/CellGuildGroupTeam.xml	10377	f562286fe3390e480a3cbf478d5729acafb8acd80bc282f168ebac5679e3b6b1
client/ios/resources/ui/CellGuildRankList.xml	2929	6dbdfe06d3c6fc32ed841fa4cbb893526125ee4ccbf29f2bf54abc5d57310e57
client/ios/resources/ui/CellGuildVSRecord.xml	6537	42b22c2f4ed695ba5795ebbd96b3f6dffd950b0d4c13171a150c6b5416814169
client/ios/resources/ui/CellGuildWarFinal.xml	20986	a519b26207359852226ae9e25faa39b81fc38d28c38a9a6c45e6bc3752c1aafa
client/ios/resources/ui/CellGuildWarGroup.xml	24852	6c0bffa323d5b055a805d69c75ec3b99f955fa1946846822c600811828e682bd
client/ios/resources/ui/CellGuildWarInvite.xml	3884	b06005fbd04bb64885f3de2effa4831129456d6d320f0b1bead7f5f90d7aad12
client/ios/resources/ui/CellGuildWarVSList.xml	6308	9232655e1c266588a5aba70892544c0666a367e5b526c41bf7ba125a44240777
client/ios/resources/ui/CellHead.xml	2194	5546cc0528dc2d01eebaf8b375248d7bcba51e18323254e03bae434b9ed73717
client/ios/resources/ui/CellICardItem.xml	7485	4cd1fbca75e2199ffdb76e6d1b44537bc671d518bc0f1b8f51bdf719a5b2fd0d
client/ios/resources/ui/CellInviteSuccess.xml	1243	f5509e789ac0c51ddb413b80c4429940575a36243816ad0a811446b508cc1c71
client/ios/resources/ui/CellItem.xml	268	bece8b08ce5b49c4c8e4a346120ce701ec884584ab0854ce0a91f71d6b6bdc7e
client/ios/resources/ui/CellItemStrengthen.xml	7168	3a86d58a4512642f28ee5a4afe62f39be3e1e9292cf8a7d64f0eaa9a32dc142e
client/ios/resources/ui/CellJJCBattleSettlement.xml	3473	d1c7196825979a923a618c665c98c7417e7e0aec8e0dc52990ceccdcaf6a5b05
client/ios/resources/ui/CellJumpButton.xml	2201	4774dfcb69799f85633e7cd1dc690cf5337102505c27d89cd19947d1d80daf07
client/ios/resources/ui/CellKidBagItem.xml	3817	1dddcb8cb6524e10adb93bbbffb74c8ba0484150c17af13758c840a8a3bb76a2
client/ios/resources/ui/CellKidItem.xml	2829	0f377ef61c4bc20e7c3363fb0c1ca88493e5daca4d58ca6ec37c329d1c420a11
client/ios/resources/ui/CellKingShopItem.xml	2568	9c6d78f94f7cf0235c8083c391698eac25906cd52ea9a0770c49fddae7ec891a
client/ios/resources/ui/CellLeagueApply.xml	4066	cbde71f3d6c11bf26c564bb97808c9ba42649829d0502bad05de09d87600554d
client/ios/resources/ui/CellLeagueCompete.xml	3170	3375d6f6ea46ad4c066e9d47e3afb12cdb523f79a2aeb90f496660ff501bd878
client/ios/resources/ui/CellLeagueHPRItem.xml	2232	d7787602aa17c18bd397dec8354d656b1ce7971224cd6534f7967f11d62739dc
client/ios/resources/ui/CellLeagueHonourItem.xml	2893	6034651af0dad5bd91ea0cd9d6b966e18821363c0d45373943d56a7676d4a430
client/ios/resources/ui/CellLeagueInfo.xml	2982	c2d9b3cb03f5e393bec0cd78ac70cc6cf0d20fb2e011804887b46fdcd4c7eceb
client/ios/resources/ui/CellLeagueMatch1.xml	89512	7619370f46aa9ef8db13d91f07e14daedaada58684e44dceafd6784fab86947b
client/ios/resources/ui/CellLeagueMatch2.xml	58005	180244bbe0854ac79bd058db1c8946f3ed5a60e0b53d2c76048ae67aef016f66
client/ios/resources/ui/CellLeaguePlayer.xml	6936	fef7f89c487d4fb26fa8406f7866ba364bfd5db7ba2fa86edb9d738cdf705cf4
client/ios/resources/ui/CellLeagueRank.xml	5558	acfdabb506931bef49a7155c2111191c08542f43c31ec406c5b371705b6c65c9
client/ios/resources/ui/CellLeagueRecruit.xml	6059	69d699903b04dd7c77ffb5e17a0ac791c1eb651561ab47bbceb0d4cee32069f2
client/ios/resources/ui/CellLeagueReplayItem.xml	9300	99a96866c808926badb6345423940029e36e0e0c56f34e31523218851538a228
client/ios/resources/ui/CellLeagueRewardItem.xml	3335	e0379b923ec8f9e32047509a7836765d89efe0c998ba22b5942e5b493aeb5e65
client/ios/resources/ui/CellLeagueTeam.xml	6798	eb1d2c29bd4f8aaf6abee70d9fce5fd490715e4f2696fac0c20d4d3645866b38
client/ios/resources/ui/CellLevelSprintPanel.xml	1101	72a0029a7ff8709419866e086f7a8feab337712a66107d37467f8ffd16975099
client/ios/resources/ui/CellLevelSprintPanelItem.xml	4387	03d0fa10d9d33d882a36dbf09d25e82d9104c11f8cf8e7e30993e931efce7d1c
client/ios/resources/ui/CellLibraryGoodsGetPath.xml	3577	fa73662ba237e4306010db3fad80c576f4c45cb9ef05677103d647ad50f5638a
client/ios/resources/ui/CellLibraryPathName.xml	461	81ef8befc69e8e73d9b5ffe8b2848d2d15533d0cf1d82c1321708985f9c16f35
client/ios/resources/ui/CellListPanel.xml	4203	013ba08b60f58f94a619fc74c2244d46ec3f7fb09b0d055c8068fbca9b63f78a
client/ios/resources/ui/CellListPanelItem.xml	2541	5399befa67c407e5ac29c51954afeacc503b8917676b2fee232497b3f50bcb83
client/ios/resources/ui/CellLoadPicture.xml	477	d33abed73c2b64ca47d64da547da8754687b975d94d50ef8e0a4ad8f021a8d13
client/ios/resources/ui/CellLoginActivityPanel.xml	3029	07523927f1d9b4cb86f1d64452200a87feb0a52683af49e55673e78ec7e30947
client/ios/resources/ui/CellLoginServer.xml	3347	8c1b9f7800f917e53a6a9752febb99662fc206bebe770dd7e6f94083a29ec994
client/ios/resources/ui/CellLotteryList.xml	2706	6dacb00e1d6467ebcf2e6034dedc12b390bc6f7c6786843c3fb20676a7dbe023
client/ios/resources/ui/CellLoveLotteryBox.xml	5889	5425ea8ef99a982227ab7fdadaa4afd6ff3353f1d6549247f0417417c10b82c2
client/ios/resources/ui/CellMailList.xml	8122	08929d4ff9d55a18354820e0e2bb480a4bd6bb76794d831e68b598e4d4ae6a8c
client/ios/resources/ui/CellManyCollectItem.xml	5107	d2287d2e497fd0727f7173897a373d005bc63e0ee76a0f85c03a8f36ceebdf32
client/ios/resources/ui/CellManyCollectPanel.xml	4283	38e2b1d057fd9400d5b5f1ac4edf0dfa4d95506db43f509176b6c3a9aa7c5102
client/ios/resources/ui/CellMarkCoinItem.xml	10097	a100647498187f67b51c05d4f44017b35f02ba66e2d80dbb000161aba1bb6a8a
client/ios/resources/ui/CellMarkCoinPanel.xml	1570	92886210c98860305aec563cbc34993919c63257f1a42c0b2283cbbaf4cf8ec5
client/ios/resources/ui/CellMarryCopySeat.xml	5782	5914e97db3a540736b3930ee1733085f13edf66802cf1e4057dc2a5d9bd54540
client/ios/resources/ui/CellMarryDiscount.xml	3385	460818a6d1552ad58ad664a2e1f5eed4a92bb04f5e5b6d5635fae46bc997ac48
client/ios/resources/ui/CellMarryFriend.xml	4904	b2fe1cb957bfa0ab464134eeb6a4ff7a57c10671bb10099c15f1eacc848556e7
client/ios/resources/ui/CellMarryLetter.xml	2965	01eb8bfdde4da388e3048685e3cebcf42c9564a2dfac9aad8c1af6e8bf3294f8
client/ios/resources/ui/CellMasterInfo1.xml	5570	e8ccfb731ec2c1316df0b999a1195587f7421fd0b7c21eaa44b6c1f8c9ceadb5
client/ios/resources/ui/CellMasterInfo2.xml	2607	66a91b702f8b62d7c38b429b4618967be1a4370ad27d96a4b9ba3856e0f4da41
client/ios/resources/ui/CellMasterReward.xml	2566	2e26bfc4bd8082304d9b62c761b72e4797570c1afd7c65e82640ed09ac8b45f3
client/ios/resources/ui/CellMasterReward1.xml	2104	b9e970df0bb57390d1ad72eb5830edb779ccdf51eb2eeb3f985c2571a7d2b194
client/ios/resources/ui/CellMasterSeat.xml	13885	ab2ed98fcff7ce7eff5f74a49d1848ec8515083bed94de63ee68031ff1e00faf
client/ios/resources/ui/CellMasterTask.xml	5049	0952de3f0bbe5fad1d1a4e4fe534df8379d18b358b2f06b7a51feca1ed6e78f3
client/ios/resources/ui/CellMatchMaking.xml	7751	ce55950461a4826802a39a4e35b1ebac5865994b3dc60505801fc17f1413f944
client/ios/resources/ui/CellMonthCardPanel.xml	5075	d5daff19a4156812909221f2154a6c3b8b07830d3456fbfc8b0d78fe87f23ccf
client/ios/resources/ui/CellMountEvolution.xml	6032	6ce0637a2a2e2c537549baaa9b7af884cb534f0b0b599acfbf2d3b2d8c4d3b6c
client/ios/resources/ui/CellMounts.xml	9443	563e8af8faba88a224bbf551141b69bc7c0ebbda6fd89c3b26cb6cbdcbe85582
client/ios/resources/ui/CellMultiCopyList.xml	7407	8041170dae5bed3dcc9abae85b795ccbee7bfc6e5e4f00edd920621e6e94d0c2
client/ios/resources/ui/CellMultiCopySettlement.xml	5573	fa38f37abad6f46a8bfa3b69b7cdf8323d97103fee86e3ff08609dc6d4035cd0
client/ios/resources/ui/CellMultiSettlement.xml	4962	20a34f4fd2f0ac0b23267d77f56e9bf4ed66638e9d79640a589480ae6a127fb2
client/ios/resources/ui/CellMultiVideo.xml	6754	2e543bf6f78d4f4c939bc71cde8369de0c66f9e588fa3196f9e52fb840944875
client/ios/resources/ui/CellMultipleItem.xml	4582	6256d98a7fe734b2147b99a5c3f13e7ed94c0e77168d62d60b2dfdb1d3fb3c0f
client/ios/resources/ui/CellNearbyFriend.xml	9703	f33cdc00ba5ad5b5236d854ae6f4797c6461e20a43433e5fa0a27175c1366485
client/ios/resources/ui/CellNetSignal.xml	870	fb4904c4d24f1b6efd37b7afce2366a26440c4bee2b0c3bd85f49f098694d529
client/ios/resources/ui/CellNewExchangeItem.xml	4267	b5ef24d9ccfa820da0d44d629ddb5b8e6fe494f98b0ec6678362521c1ae2264b
client/ios/resources/ui/CellNewOnLineReward.xml	3249	eaefa692f6abee496f502cd71fd85b8143a662f1ad095fff6ed0f19c75f45510
client/ios/resources/ui/CellNewTotalLogin.xml	4099	8d7fcba4e1e8e2bdbc0af960a5115c275aa2c793c54be9d5860b69a9928014ec
client/ios/resources/ui/CellOnLineReward.xml	3236	6823ef8ce8eb17db6c07451f44d02d69d336bf19874bdcd96b95e32d1d916a0f
client/ios/resources/ui/CellOnlineHintFriend.xml	5023	73fb85bb81799c843dfcaa2f16d209dac424d8a23634d57934867717cfdec6db
client/ios/resources/ui/CellOnlineRewardItem.xml	3183	a80114578975744779154d36557d1900c07333c5e39cc8a9a328731a99754877
client/ios/resources/ui/CellOrderRedPack.xml	4046	79a58f733e10b3dc067b1285ebdfabf1c1cc2c19aefe0fb0e6ed33f820c13419
client/ios/resources/ui/CellPageList.xml	1435	13abf9e3240ac87e20583b215d640aa9d94af7ef65f0cc29723f13d9d4b83f80
client/ios/resources/ui/CellPetChoiceList.xml	7111	7ba9870d6340e9ff9b97cf2c140ce8ec4096075bf01a58e05d3ffa4a996654e2
client/ios/resources/ui/CellPetEvolution.xml	4785	6b2fad122f31607eb1c3c7871b340ea0ea012592a037126e7109a0082300fda3
client/ios/resources/ui/CellPetExchange.xml	5923	ece662ce9742cb8b7e8ebfe56cb8b1426ef9da0b1fdd42ff6bbe3bd788485bd7
client/ios/resources/ui/CellPetFetterItem.xml	12346	d03580dbc67a3d6e1da4a026dc17b4a15efc5a4d2301c65cd3aa9ebd1b30bd4d
client/ios/resources/ui/CellPetList.xml	6084	81afcb5161a88222618b6d1e96f7a8f771f68c842b981839ed04eecfdd38ec1a
client/ios/resources/ui/CellPetRaffle.xml	5323	2aed93920a4bd128299462eb9bacec57882e4ded85d0565b431992c3e8f129ce
client/ios/resources/ui/CellPetSell.xml	2472	26ca15700ca9244339625d19a9308b42554755f66d2eb6ba0dfd90bece97776d
client/ios/resources/ui/CellPetSkillLibrary.xml	3232	b950fd2103d8b7af5d6a2cdf51a1540463b9502596ba5814b631e7fa9e6567df
client/ios/resources/ui/CellPhantom.xml	6021	3ca7c6b938018590c73fe6580b3fd7a196129a858b878793c58a1c1e3ef8d8e6
client/ios/resources/ui/CellPhantomList.xml	2565	78d1a9d0a51fd7de519f9d2ed4525968d4917691db6fe66c2564a33bee0e17b9
client/ios/resources/ui/CellPhantomList2.xml	3144	e98ec9875dfa1715340eb101c29dd38c4b690881430318fa950127b3c20a4805
client/ios/resources/ui/CellPhantomList3.xml	3713	4fc216aa1eafbf00cdc4b0549bb1baeae29abf7ec7fc1de3dff69b1bc9c01129
client/ios/resources/ui/CellPhantomUse.xml	3468	7d35f09b023887fc10cfb8a714c94b8989b66b27e4aba579469e46c826fe9e89
client/ios/resources/ui/CellPopupMenu.xml	3175	786373479b946e59e03446505f28f39d4d4974a7372f98363b024bf9da1afe4a
client/ios/resources/ui/CellPreRechargePanel.xml	8408	18ba27fc19549dde671ea3e0ffbbe3b6018a90f9547a0d535ecd3a33a9cbfb1e
client/ios/resources/ui/CellPrivateChatHead.xml	3375	4c24240b30df422881338e09d731b9e9f8807fe12a2fbf2e32ce0d24b797405e
client/ios/resources/ui/CellPromiseShrineGiftItem.xml	1019	9bd774250332d6879432c6c85c14b607109ca57ef4613f76d0df265d651bb4b7
client/ios/resources/ui/CellPvpAmuseItem.xml	4753	24acc253ab2db59c0499499a3527b778357b633ef51c0d339ab0c8288e4c8709
client/ios/resources/ui/CellPvpCompete.xml	3776	278fd69efd4d1093e3c09f5e4cb1828f473a295dad567eb39f6085d91d96a4bd
client/ios/resources/ui/CellPvpLevelIcon.xml	1281	bf78478ca8ab400f578f7e067c29d3bc73437199eab03b59d945b0d9713ba50d
client/ios/resources/ui/CellPvpRank.xml	3375	22dbcd20d3ca79d276dfc24f02e9d00bcde8b08b767288ef611ac4676067aadf
client/ios/resources/ui/CellPvpRankItem.xml	4156	f72a27883f37a042ee46e3f2bd7db56d5c2a7ea8393c1c6990ebefd874468fe1
client/ios/resources/ui/CellPvpRankKingLog.xml	884	d23f6dd84b799484846506a915eb322728d9c5daa38487a180d8d45b5409242b
client/ios/resources/ui/CellPvpRankList.xml	2965	a9722a3a5b7823d88a34402a6e1392401f4d89c68352c0b5d0f0eaa921a6e586
client/ios/resources/ui/CellPvpRankLog.xml	3933	4052251ac43bcead45bc4c6c1e1811e26cde7ddf55c12f1b17a652c1c58cc50d
client/ios/resources/ui/CellPvpRankResult.xml	7813	49def0ecc3a6d38a912c926a47446f0d58338ea8e98cdf03e32bf096b360fe20
client/ios/resources/ui/CellPvpRankReward.xml	2878	c489c1439282be9664d7f9e67001d22fa3fbc94973d8f3b6029e1e9aae1277b2
client/ios/resources/ui/CellPvpRankSegment.xml	3759	731893d9ffec2f8ce8fa0272868013f1d4da2087df9903c933a42124fcb3cac3
client/ios/resources/ui/CellRankAthletics.xml	5049	46adea101830095e412d18e3970d6e90416b86ed631fef194f0b4d932c53e640
client/ios/resources/ui/CellRankFighting.xml	5130	2fad1a63281f2436a1565aa75a8c0d5557ed77db7759264f2d94b1ee57b1df24
client/ios/resources/ui/CellRankItemWorldBoss.xml	2389	9c8cb979f05e2105697f520576c3ea34745e31e2b3f66ad8fda3b3cd92fb25f0
client/ios/resources/ui/CellRankLevel.xml	3908	6481b41c89f36bdcc631fd2b6455b2be0ee9c99cafd03ed2f9b9fe8a1cbd2c04
client/ios/resources/ui/CellRankListInfo.xml	6842	086721409a0d4610c39999751b6a49d60d6793801287cea3c9464f3214350628
client/ios/resources/ui/CellRankListItem.xml	2291	429561c65d242ce35e4ae314a13efdd9cb03f227fcf7cdab50af71e40e9b95fd
client/ios/resources/ui/CellRankSeat.xml	12376	01d561a2206d66473abb07b8ae4f1014ec06562d0c216dfefe3539ceec2cd7c7
client/ios/resources/ui/CellReasure.xml	1991	b1c617506e4c799b95836d981449f5934dea1379da5540c0bee3097de05d3029
client/ios/resources/ui/CellRebate.xml	6388	ecfce0b35d1da9e68c1ac17a4e66ac68fa44ef9a8b8d0d39adb99a13a39eb5ea
client/ios/resources/ui/CellRebateMini.xml	5658	54f823135aed8142474abab3e16e002424f74816277ea9ae84cd0295ce3b9d48
client/ios/resources/ui/CellRechargeAndroid.xml	1120	093ff578685563f1b7eb1293fdc999598449b8b9973cefd221ca1dffee4836a0
client/ios/resources/ui/CellRechargeList.xml	3798	8e497371e5000db6dc67216119b73c4c24a2c01ccc7992131101d67d7dbfab61
client/ios/resources/ui/CellRechargePacks.xml	5571	8c9c388c76c613974b04c83642886426cc4ccaf55018e32bb0f1f156ee6b8837
client/ios/resources/ui/CellRechargePanelActivity.xml	9032	35ff4a9a0c9035e569e85d65e08ebf8b19afae6097bbb918ee55ad936bd4f5f4
client/ios/resources/ui/CellRechargePar.xml	1303	21f5edfeeb69a531f324964ab7fab12f092efa299bc7ade7f46cbd7b8d9aa927
client/ios/resources/ui/CellRecover.xml	2323	84898b1c57935e7bead020fe0d8216e5e238c229d305269702565fc74de9c925
client/ios/resources/ui/CellRecruitList.xml	5275	12e476e96ab7938a8258aac0508d4d10dcac115bfd4d8e9109d47972f12383d3
client/ios/resources/ui/CellRelation.xml	870	34c76e0acbd1d533a6a38244bbab25f16609a2e9d2bf166613d0eac25b52a759
client/ios/resources/ui/CellRoomItem.xml	4642	583e0ee4aba8501680539d08293111b2b44bad9cb7540ca6b78e128e151e2a52
client/ios/resources/ui/CellRoomSeat.xml	16919	3539a1b1ba1186d11754d044c062ef42745e7305a3f7098b784f7521cebcb5c8
client/ios/resources/ui/CellRoomSeatSe.xml	16393	04bdecb38ae1ec683a88cee54e536f0fd04a66e53e038ec49ff28421b110e733
client/ios/resources/ui/CellRuneBook.xml	4528	c263a87faa38941ba4fe8bde98e1a68cb7584e7d43554b8bf14eb604a5354285
client/ios/resources/ui/CellRuneInfo.xml	3198	88d2305eecaf8e86d397347ee90d4e881e8241a799cb1f4c3330d9b81963398a
client/ios/resources/ui/CellRuneSellDes.xml	4531	772b7829261d1ed204a72179583ab65017fac6e68c4c0dd511c99c1b0e780e4e
client/ios/resources/ui/CellRuneStoreItem.xml	3058	4240917ef674138388f36ad074e412668507da7af628852ec839abc0cf7361b2
client/ios/resources/ui/CellRuneType.xml	1728	d183bb6bec6751e08d5725a7e6c925cb2e1c15d333187d41bb7a0eb16654add9
client/ios/resources/ui/CellSelCount.xml	18005	3e87c164dce5bf8b49cf046a0630481df6b8899e3a8f99c12fe5556642c21dc0
client/ios/resources/ui/CellSelPrice.xml	18789	ea52d31fe83a216320b79414d9583652437f565a9777199dde2ae551958f1e12
client/ios/resources/ui/CellSelectServer.xml	2099	2f355c0cdc551505f5ee8d46c67ad8c1756ccb279fdeee7918c7144922eda7fc
client/ios/resources/ui/CellServantTime.xml	1415	09cbbd45c8a9096fee1ed3f6cf12829a6e7fcfe76e273be524cf7506d20df6c2
client/ios/resources/ui/CellSetting.xml	1051	2c5b9d5c861239af0d911822030ffb30dc418a31ca806ebc836b9f6560b71fba
client/ios/resources/ui/CellSettlementCard.xml	9834	3d1d0ed4cb2f8fc7dca3e55e773034534c3c99439ac530ca20ea836340bca008
client/ios/resources/ui/CellSevenDayItem.xml	2061	002721dae3833f48a323c3ba652519ce0d1e938bd3a622f748e3d7c783652061
client/ios/resources/ui/CellSevenDayTask.xml	4365	931b025b6a8194698fbc5bfd1a07bb30373c6b05798e1fa38099b8631ea7a096
client/ios/resources/ui/CellShopFriend.xml	3601	b90db123f8ff11dd6ca988ddc6fab0c6634f1b39681f156ad71ab7c9ca5a4174
client/ios/resources/ui/CellShopItem.xml	2761	7d7be0e0482567c14f2034993b6a2fc73c5a05c83240e8ec20375e038833eb11
client/ios/resources/ui/CellShopLottery.xml	3842	18e1f141643a66b8bf0a25c2cf8f705a7d5b3ea3b8a463aa463051d1230bebcd
client/ios/resources/ui/CellShopNew.xml	1055	13b693b92df14407ce1eb99ebde615d341b2cbc25d370ba99661ecbdaa0df358
client/ios/resources/ui/CellShopOld.xml	1058	2964dfbb44fdb957242c465491e76ce683abe38cc10c79832c368d06db119ad5
client/ios/resources/ui/CellShopPromotion.xml	5476	d00e796035d0bbf1047547d576efde7791f60f61109d4f8988c83d347a0ced7a
client/ios/resources/ui/CellShopSel.xml	1291	59cca95deb9130566c5ccdc6ce722bfc20a0cd9cda1aeee7ccc3249c75f778e2
client/ios/resources/ui/CellSignItems.xml	753	afc6e0281da04516c377a11d2d757115080682f967f8a12b4fd1cc39b0ef2d68
client/ios/resources/ui/CellSingleCopyLevel.xml	3892	35bf724fa034e3fb147835e6500cebb1e54ccf9f07503518daa4e664c3db75ec
client/ios/resources/ui/CellSingleCopySectionItem.xml	1428	60ebc2420f7fc80efae04ab841773c583e09e3936c25751b1f65824bb7cdbeae
client/ios/resources/ui/CellSingleItem.xml	4271	b914d108f8ee36d40ff1f342b944f113a7eb921b13596220396cefa33a624c9e
client/ios/resources/ui/CellSkinSkill.xml	3038	4e76247b1273f17b1cc4a981978ad1b3b6a4f298d283068f6cea8b94d416c747
client/ios/resources/ui/CellSpaceChoose.xml	588	121153646dcb56e0a9a2f9f87233319d92e4b3d52737b7fd87f60b22a6580f13
client/ios/resources/ui/CellSpaceDetail.xml	4755	76dbb8066c75e545d3213d3216a2f2b36ddfe809291b6aff022a827df73b3bfe
client/ios/resources/ui/CellSpaceFlower.xml	4567	50aabbcc8ec4c761abc602daf7a5c1081051db5cc8abe214a58df42241400ebd
client/ios/resources/ui/CellSpacePhoto.xml	8923	699702887f5f0548014b0a1d01b4b6341e633cb59ba844703fd5e51c7ce997fb
client/ios/resources/ui/CellSpaceRecord.xml	5060	0e500498c2145b01fa63134754aef7f6373b699a59e505a8579432282a76c31d
client/ios/resources/ui/CellSpecifyPanel.xml	4438	5d8f19d1e404e4317091d30d7336586d98c101c9f50e7dede2e89be2e610848b
client/ios/resources/ui/CellStarList.xml	696	15fb002976721c3512b56e6e3b751848b1ec7a097edac75307e5fe2dc16e5ed7
client/ios/resources/ui/CellStarSoul.xml	3265	b4c66b2c46be83dba416133c09293213b24ade2dd4cbfa76d9cbfe9ae31e788b
client/ios/resources/ui/CellStrengthenEquip.xml	3866	4d79f4b41f2c95314ce0a3dae66f1108836392e38844ffa97961b1ce20e08ae3
client/ios/resources/ui/CellStrengthenSelectTips.xml	3447	3db8e67b7b8cd0caf389ee82b3daf805d5121b15c5bb7db712c68709586b8fb0
client/ios/resources/ui/CellTabooBox.xml	5836	5713011c5602a39ba3a0965f85d276973e007208d2fac11a0d1ddf0e1c1fbbec
client/ios/resources/ui/CellTabooCard.xml	4144	34723ebe077b5841b808ebe5a5281fbf9dc9ca41c4e45fbdf38e0f8b664a1760
client/ios/resources/ui/CellTabooMapBtn.xml	3854	344e9b2f64e03c25811009e4f209a652f7bdefa592cd767543fadcb06245bc4f
client/ios/resources/ui/CellTaskGoals.xml	1474	7121d04b9fd587d8a431ea49bc9dee8a17c139457a2c6caac96e9c6931036085
client/ios/resources/ui/CellTaskItem.xml	1736	88e229a7a28192a1393c4bdd9c302c5d7a4924570ed4bda0de2b6c3f5bf00e0e
client/ios/resources/ui/CellTaskList.xml	1386	a9040cd75f6be41713b494f6f290d954b62b1b9878913d9993571163995dedac
client/ios/resources/ui/CellTaskListItem.xml	12804	318ef8deca149081e9cf6bdbde53e063d0012ba5206675aea671b3f9704e6f9d
client/ios/resources/ui/CellTaskNameAndDesc.xml	1907	77bda9a312297ae871e0ac05be6a2b4936b49df7c6352a8a124f0a065aa9968a
client/ios/resources/ui/CellTaskRewards.xml	3984	0cd78a80785d786e5d5c38b9ac7e02b5edd611d5f83d0be29ee714a98137f5b9
client/ios/resources/ui/CellTeachDialog.xml	1486	f3afa4024767b84869aa7f1196351f501154a7eb258e97563543dddc9e3d6558
client/ios/resources/ui/CellTeamMember.xml	1577	97cfa6fe61ab78a54c400ccb4fb3782da3fa75df8d8e496e771686278d1b2329
client/ios/resources/ui/CellTenLottery.xml	5341	eaef88cf7e7f43c9bfa8f66c200152cf5ade5c6482c5bce34e9364c085620ce7
client/ios/resources/ui/CellThematicTasks.xml	7112	3bb8ea61b590a41fb88f75ef772a07848bf3ed416c662a8ce9ced337ef85c54f
client/ios/resources/ui/CellTimeChallengeItem.xml	3101	2b52a93cbd9815247762d5241885fa133aac5c596d35333ecce55a6b5f9ce8c3
client/ios/resources/ui/CellTimeChallengePanel.xml	3175	565b09ddfad3ce729d3a27caf60f5fb251e226edf1220acace0bf0018707256f
client/ios/resources/ui/CellTimeDiscountItem.xml	4370	99bfd7ba230808a6fce371fec06d434910521381c3f4d58d1fee0424d0f822a2
client/ios/resources/ui/CellTimeDiscountPanel.xml	2627	88d6cc04cc43d351749eb603242c5ddc64a653ba5ca3f39fd4bf4cc1c1a31ea5
client/ios/resources/ui/CellTimeFirstRecharge.xml	7044	cb2fb88e5b6ea0f7ccf5f04537969fc932014b6bc5f8510dc41f033a4b0aaf32
client/ios/resources/ui/CellTodayRechargeItem.xml	3739	8558ed1cf57ebfdc92e8e5e6851a104ad59999cfbf99fc98b0409b6c4b352094
client/ios/resources/ui/CellTodayRechargePanel.xml	4877	c97a2011c8d45e1e28dd70a52d78df4a4b90732a2bd44f279ffbc745643c64b5
client/ios/resources/ui/CellTopHandle.xml	4906	4f6e43e3423739ce67ce96e824c73fef15dcb40cea56e5390da17e0f922ba7e6
client/ios/resources/ui/CellTotalLoginPanel.xml	2682	80860cdc7a4818e82359763660456f7b5ffa8e0863580aac81dca786c9c7d23c
client/ios/resources/ui/CellTotalRechargeItem.xml	4049	1fd29dc6e43118d1b6ba18575ae21bd721a001551dee94f6848d5e4c08b58eae
client/ios/resources/ui/CellTotalRechargetPanel.xml	10646	afd90e3ed70915c6550a14ce5764f7ca42c0d137072ce7fedd31c56bb9d159a6
client/ios/resources/ui/CellTowerPreview.xml	2138	621b9bc837da1f170e00306ae5df2f1fa2322f60e9c243b5ecc9a381cdf9d82d
client/ios/resources/ui/CellTowerRank.xml	3737	61a4c51363a3b81fe8833a584461d34d9686b4b10dff254bc7cebd24d139a028
client/ios/resources/ui/CellTowerRewardTip.xml	1858	1fa79ca9ca9d17da59afc3a8c01704f88a18f9a97fe44120067c658636a2aece
client/ios/resources/ui/CellTowerStageTip.xml	1408	d4ad0019f1ae0376ca02efae55416bea2c7af7f2b0febed84b21c365d4e2ca2b
client/ios/resources/ui/CellTrainingReward.xml	2133	98554a02772a2a8f0eeb34bbab50e039d020fc92d394e971ee6fd851fed5cd5d
client/ios/resources/ui/CellTrainingRewardList.xml	6433	1203f758045a88b1dbb832d8088fa72366efdfa131b81175ffc4e7c4e551ae3d
client/ios/resources/ui/CellTransactionBagItem.xml	3622	4394a039d9c4e8ed468d2239b3904811ed9d321f0c7538dbc6ea8304a3e7cb67
client/ios/resources/ui/CellTransactionItem.xml	3479	884ddb463325498502c10a50b9d6129150833cf28ed76e0b5bf56c129570244e
client/ios/resources/ui/CellTransactionLog.xml	894	4d526e9d82d2fe23f7773e9b076d5ae20a8323e26411e2e42f4b1dedb6215063
client/ios/resources/ui/CellTransactionOnSaleItem.xml	4642	af0d9595f4497f3245146188a75e6bdebff3e1a5c3b11335610963275d9f9bc4
client/ios/resources/ui/CellTransactionTab1.xml	1667	5e9a998ef09d2ec0ea9aec8d6070d80cc982a26180298f8da010f382f29c6b8a
client/ios/resources/ui/CellTransactionTab2.xml	6736	5b76e7f94881d0ce4fdd55a52515312bb779b5ec579e05610aae612441b93ae1
client/ios/resources/ui/CellTransactionTab3.xml	4039	56fa130f7da7dcf1198d993c41e8dc1a913c896afc02fcc165c1d45863ca1374
client/ios/resources/ui/CellTreasureBox.xml	9786	b509532c403e572931b6c184f95e3f75189cefaa8439fa904a09a476316c8993
client/ios/resources/ui/CellVipCountryChoose.xml	2158	b903d5442bad69c8e216f698c2f70cc18ca73b0af59e2ea255267afecb6615a1
client/ios/resources/ui/CellVipCountryWay.xml	2004	8bf7385d131ac52d23d6934bc7c290ff3579a13d288d82020e413a62991f6e16
client/ios/resources/ui/CellVipGiftBagList.xml	3398	b47508a14d625467f9cc1141b7352084216a7c673042f6e36934a900b831569d
client/ios/resources/ui/CellVipGiftList.xml	7340	f5a1f2c03d7d68ac781b9eb071451c75fe1ff35dc2b39bd063002041da52e5ce
client/ios/resources/ui/CellVipPowerList.xml	8011	ec687358e5095b070d80781ae1e3f1827756e20478bad1e9944b612aa98d8717
client/ios/resources/ui/CellWakeupCoinUse.xml	3739	add0965690239670058d957fafd9ce0db7be322b7b0c09b76adbc0bb15d7b192
client/ios/resources/ui/CellWakeupDetail.xml	31097	c26b1d7583d4c4d62cb72efcf78556f257987c27ed371a8df676eb42fde6163b
client/ios/resources/ui/CellWakeupLeftItem.xml	1618	f23ddcd0d67ba906fb2ae6d5884b9fa04a71f7ebbd9cd8e24a60f923cbc9d145
client/ios/resources/ui/CellWakeupSy.xml	2766	f1924d0bed34539010dc48060e9047acfe288f5b9fe3c0e073730c90d37d14ce
client/ios/resources/ui/CellWakeupTask.xml	19823	f999c6e0655c8ccc63c71cdf07ac2697837e68e0f710c05f5b678757a05c7d06
client/ios/resources/ui/CellWeChat.xml	1206	32bc1841929288609a11d3412c299921f23cdf520fda4e26b9c5dbe149db1d33
client/ios/resources/ui/CellWeddingItem.xml	5818	9b8dc038bbdb1c4a345416ef8ab749bbe7f410ac2b103a4bbe6ae7042e3432b2
client/ios/resources/ui/CellWelfareItem.xml	2415	2644ef9eab66a11f09680cf7902da4cb7d60bbd95bd7f7834ef24c8a99cbb83c
client/ios/resources/ui/CellWorldBossRankRewardItem.xml	2592	1069c8aae6c3dacb36b4609c47c6c928b60ab7b6d75a6c0afb3de1c21314bebb
client/ios/resources/ui/CellWorldTeamBossList.xml	7210	5af2c027010242f9e8d51eef75cfd6b77eb43f0316ac1137170fe2c778705268
client/ios/resources/ui/HurtNumber.xml	6047	df77184b3434ccf6d7619ea0b41c63683d2c1c71ee6d2c76ebff7c8cd93bd99c
client/ios/resources/ui/ProtocolProcessorWndTrain.xml	29	f7fa237bb9ba58117a440a3d84d8971ff50279ff3e42d6bd9405c33450fa3cd4
client/ios/resources/ui/SceneAthMelee.xml	26543	3094618229cde15be984e76a179c9a3a7f14f3fbb873f1e9bf284db704adf0f9
client/ios/resources/ui/SceneBattle.xml	11970	125e2ddd93057dfed746cc75644ee50c928ed10c16ad8184def19f77e11eee89
client/ios/resources/ui/SceneBattleLoading.xml	43739	abb2f885d03dc786c615974d5acdde226b7e7fd3b02a66ff84beb15297d3908c
client/ios/resources/ui/SceneBossMap.xml	11048	d74f936afc8aa284f5c654c58f56f479de1040d16038c5bf2961d797f0a756cd
client/ios/resources/ui/SceneBossRoom.xml	42452	a5e86f5f2a9709b791c2f5b8e3f71abae320f920210aad48a94de237ddf307ee
client/ios/resources/ui/SceneChat.xml	12135	b5ada5a664dcaa175273f35fd18b77eb24eba0d5c936582b56fd6c73e1de87a5
client/ios/resources/ui/SceneCity.xml	4566	cb3bedc54bb4c0f831b019d67fcd9496b7cbdcd35e8c0958e81f14ec9a1b91dd
client/ios/resources/ui/SceneCombinedServerSelectRole.xml	2988	5a44fe6c07b451365eb4b318290c830bd6410b4cce0525825a7fa40e21797530
client/ios/resources/ui/SceneCommunity.xml	15534	f28e1958ef88e2f1742163ab54309cfda6f7e9d5c48cb88620afe765cc579542
client/ios/resources/ui/SceneCommunityBossInfo.xml	15403	151f64c4fdcb0132c4ea643ceeee94c3677f9c003b2cdd182b25e2ea1320a4e7
client/ios/resources/ui/SceneCommunityCopy.xml	27767	efcbabdd9da2eac8cc2e928091defc1cd20f1bbded9ad8e1319ce195875f3482
client/ios/resources/ui/SceneCommunityKnockout.xml	17304	a88973f3ec443f127912af305f3f8851b5633fb44d783f7b06e1323c7d8fc60e
client/ios/resources/ui/SceneCommunityMain.xml	16991	69a1ad2293020510437cb3a15684011af8959d923e62922cce157f55176611d4
client/ios/resources/ui/SceneCommunityShop.xml	12290	c3bc7b8309bcd606401051a7dcbe68e7565828af32d00cc04812165fb0fc187c
client/ios/resources/ui/SceneCommunitySkill.xml	32700	2c4eccc0d6045fc513587d1aedc71db00d21745b69c524d8e0daa7956a18f929
client/ios/resources/ui/SceneCommunityTotem.xml	17233	6dd484d6069ee1118b872a1f3f7f9655942dbe6f77f9e65406493a04ff5f2576
client/ios/resources/ui/SceneCommunityWar.xml	25916	9d15abe92623c9fde80150a80edc46ff183af4455cc579fa392d6ae97274f4bb
client/ios/resources/ui/SceneCopy.xml	671	c925a6157e759cd2875c7f3e6f537206b3777c9e9d58d48362ab22b22026d1dc
client/ios/resources/ui/SceneCopyTurnCard.xml	2160	0675a79dd8a9d6811525171ca3dd39341a9085e47408b8d461d991cace3ea752
client/ios/resources/ui/SceneCreateActor.xml	15250	36a9600ecba1d4182d00fc93dd8ece32489766fc034ed08fa909e6ac2eae065e
client/ios/resources/ui/SceneFamily.xml	1149	ddfca027ba2e7ba902f2423886a7d348d5824b4136fa1fddb0412eb4dd43d680
client/ios/resources/ui/SceneFlopCard.xml	3226	ea4f174b0563d87e2598ad5a21bb497b4e76af1356da2f6d5ad6e14678175a85
client/ios/resources/ui/SceneGuildWarRoom.xml	35098	32d6391353959131ffd1e646be94f3d7236d3a3172c87fcca0badeb4c0f5d9d4
client/ios/resources/ui/SceneHall.xml	32087	e679219eaeb49057f8cf2a4dc5d2900995c446eb595e583902249061b5ddd3b7
client/ios/resources/ui/SceneKidHome.xml	903	9a20e3fce0e18a9f222c6c2ec6df32965166a3e43be8ea1b571ce394eaafa21c
client/ios/resources/ui/SceneKingEntrance.xml	12756	544d66f92d7967daf21a00a890b35cbc5c4b85199a1c391c6fe15864e56ea39b
client/ios/resources/ui/SceneKingMain.xml	16924	87f5aaac1cf65770b47baa5afa86aff641c0e31488b262c749dab2260afaffdd
client/ios/resources/ui/SceneLeagueMain.xml	12097	957901775f63b37e2dad57aa700efd92d0024c680c51d65356cd7cebcee93cd6
client/ios/resources/ui/SceneLeagueRoom.xml	14024	62eb9d2ee62c8c4bf83dca4bc4b709a769027fc5f2cbeea3ac3aa990a4f72191
client/ios/resources/ui/SceneLoginMgr.xml	7504	fa8a70ac22b94831e8fae5784a7a3681a6283f9715fb515af92fe1564dfed8ae
client/ios/resources/ui/SceneMarryCopy.xml	24596	8dc99da69196ad08149af3fe4b31aaf440e8c9934239f01669d7f1a9737cd057
client/ios/resources/ui/SceneMarryWedding.xml	24725	4433c813216890fbe9ce303ff3d49413c44dc8036ffdbbba3b7202aadfed30ee
client/ios/resources/ui/SceneMemberList.xml	60588	0b4bb2e71e1695091efe62e1d99bd88c4f6d98daacbfd034cc27387b875e95b4
client/ios/resources/ui/SceneOwnCity.xml	54280	e59aaa7d24dbe03ef304a605714b447a1ec77930ec263d0cf882bc5a85774508
client/ios/resources/ui/ScenePvp.xml	16380	1aae77ed67513afa70906d75e51d4d93a571be22808303f4dd1719304c2ab9ee
client/ios/resources/ui/ScenePvpAmuse.xml	902	b3b1d799829999a0d8a4298ec1a047daaf1739072189e3b04ab655aae3d75bbc
client/ios/resources/ui/ScenePvpRank.xml	27407	d13103600e6fa8a69803eabb5f1fc1e0026cc751eaccc2ba7f34b0e9dba9e19a
client/ios/resources/ui/SceneReasure.xml	422	1ca8fb9173907afd493155060f691161da3e349c70498d688399f522e40a5278
client/ios/resources/ui/SceneRoom.xml	75914	f6cba0c9b3729f2fc86c0e803e7af143d241e23226636e0addd621bf6c2cebad
client/ios/resources/ui/SceneRune.xml	76588	63b1b785c5eb602d46fa6cb372e8180acae64362ad2e84069378e3130bfcb393
client/ios/resources/ui/SceneRuneLockDraw.xml	62861	d723477eb3589157ca0ce8edadc6a3a56b5bbcf67ed2a8be3cdb68f7e3ce5fce
client/ios/resources/ui/SceneSelectActor.xml	13385	31798d748013ffeb8b0987c53a06c765905161e30bba6b00606ddc8fcb426aa4
client/ios/resources/ui/SceneTabooBattle.xml	11668	f74e4619ac8b7b792ac4642bff9aef9a0aefaf84326aa0a2c22c5f8d8e3ca649
client/ios/resources/ui/SceneTabooMap.xml	11476	dfe2d33ea21d7c755445b597d17c43ae1d814e46367b20485e7de78620a5a7bb
client/ios/resources/ui/SceneTeachBattle.xml	2939	78061f18bc7e4bf77201577012679538786e87c13c75493114a8c70448ad55d9
client/ios/resources/ui/SceneTempServerList.xml	8051	373a6dbaeea883e089b8a3597228a7d4d4420c3cfa0a46f14994f835d607ae11
client/ios/resources/ui/SceneThrowingEggs.xml	5816	c793c622fbb24821ffba73cbab4490a5fdad8e4e69771aa223b5093c02ad7995
client/ios/resources/ui/SceneWeddingChurch.xml	43858	3d094c25468cc0dcc71af7d925cbfc2f03645dca196dce904ef5cda72e9cd1d7
client/ios/resources/ui/SceneWeddingDaily.xml	14308	3b099dbfbe1a1942b8ca378e85f98e1ad1b2b08836393b1275134a203a0dcf77
client/ios/resources/ui/SceneWorldBoss.xml	22883	6f58efaeba66228723b5f172ab153c2e7d983b1fdf5a33c154411d846334036e
client/ios/resources/ui/SceneWorldTeamBoss.xml	31731	d2d68087e733c69887edf5c597621308e2dbbc08913a6a90e3956e44786edc40
client/ios/resources/ui/SceneWorldTeamBossRoom.xml	33399	146d49317be1f43f4cf634fa62411c5dade8806f2b357f4531db2f831cf39bfa
client/ios/resources/ui/TeachShelterLayer.xml	5629	647fdb820b73a2e2f4e4d4e9a77dacdf949565e33828eed954cc47060334e093
client/ios/resources/ui/WndAchie.xml	1364	7d17dc27ec2d5d89c03ad445c98dbb9bd93c5287d27343aa3562f367c0202c95
client/ios/resources/ui/WndActive.xml	25289	3aa925b698817c2f0f027132b3a7a9f649dd4c64d3551a9c2c9a042b9b379ca5
client/ios/resources/ui/WndActivities.xml	2476	ed989e7ac7bc6ea53d396cc4bfb5ab8b56f99ca8be38d9d7925abbcce9ec0b7c
client/ios/resources/ui/WndActivityMenu.xml	4880	7184408d7583647a3d8fccfe152bda062eee709b4fe9c8a1374686f614f29b5e
client/ios/resources/ui/WndActivityRankList.xml	5578	b28141d7b9ec5cb1491e5974041cd47ff4019edb3d4f2311bd250fe0e9a8530b
client/ios/resources/ui/WndAdvertising.xml	5940	881a01c71de23cc96de119d00c78f2eca307b9732502ed6895f72eec92d50ee2
client/ios/resources/ui/WndAdvertising1.xml	2759	8030480472933b9df39c3730c39834d46b8ce0502fdc8c1d51d36ca9cfd8c263
client/ios/resources/ui/WndAnnouncement.xml	7785	646e592ec63231e3d6f370226f9277b4af3a010e2c7c5ed7294f4c469bfd1576
client/ios/resources/ui/WndApartmentAct.xml	120317	0cdba53e0cf4e198abbeb57c016119b87aadb991a11bf67a50f87361c508656f
client/ios/resources/ui/WndArenaLose.xml	34713	989cb166f1ffa682f398cea0d9ff7f7da45937b60eb974ff0639ebc6ebc9076e
client/ios/resources/ui/WndArenaWin.xml	35891	d662bb4deaf5b354cfbcc4bdc46ec20cfd0c80dbf6d3d0a8e86157bb82128602
client/ios/resources/ui/WndArenaWinNew.xml	44191	c8130a810f6c4e7d4f656dcd931e7e1610761c1766011cd7e0bfaf594d3c63c5
client/ios/resources/ui/WndAscending.xml	84072	cd11b891efab8311d8c19d8ee8a54da786494d6211abc89a75529a926557e58d
client/ios/resources/ui/WndAscendingTip.xml	6343	9023f91fd0293a33d8a2ba02c62663aafd06209e67fbc3453587ba73a8eb35ee
client/ios/resources/ui/WndAthBuy.xml	6427	9c591676d0f00442a28b9a89eed95902df5461b918c0c2909f12a241afeef1d6
client/ios/resources/ui/WndAthRank.xml	26060	091e58d7301b23aeccec53c5a5ef0ca02ff52e5a9d3afd947ea47199ff5ef394
client/ios/resources/ui/WndAthReward.xml	11433	5d62fa0c7a8d02fc34667a1443b5da7c4feb1985b0ecfda94ac3a7cc82457c90
client/ios/resources/ui/WndAthShop.xml	8202	f8a57928e3104fed77a7890c14040f6ebf05cac3137fa86b0a0202b339d33586
client/ios/resources/ui/WndAthUpgrade.xml	8534	68e63ec6a8eaabd9872d792f33b743e6ab34a16d13e2354bc539ab86366fa08d
client/ios/resources/ui/WndAthVideo.xml	13080	58086aa8c854724a526d1c3a6ebb6f9b8db7181cf33a74eec5300152edcab3bf
client/ios/resources/ui/WndBag.xml	13547	51494e3d5e6aa395b17b7bfd140ca47987559429748a00cbd5ba3f672b59781e
client/ios/resources/ui/WndBagMain.xml	17554	b403d76f306c27d09ee0413823eb766c62c8122c0e6c2e918e92846e55b10ea8
client/ios/resources/ui/WndBagRole.xml	2912	dc7704ea6cdf580c3f6f78bd4ec995bc310bc8283d6ace3d9303b97a883ffde9
client/ios/resources/ui/WndBattleHud.xml	103242	462d1f2d73042988949246e3763905fbc0ce19c6ee6e3d0c80d957b8a61d3b41
client/ios/resources/ui/WndBattleSetting.xml	32407	a48ed4185015aeb2b56bb48399db50972aaa81673af9faa54f9a2691ddb9bfa6
client/ios/resources/ui/WndBindAccount.xml	13196	a5c900d5549d8942759934530a210233614ee4206b8d87e72901508d1ecf3411
client/ios/resources/ui/WndBindMail.xml	8368	36d2cecad8f7760c352e362272db0ce5195ceeb8f1c5a80c21ba185519c58248
client/ios/resources/ui/WndBless.xml	22335	cabc83ef24a83dec169759def1778ddeb62db8bfa5445ce82e05bcfa9415ad5d
client/ios/resources/ui/WndBlessBag.xml	15361	8aea34ddd4a416ce4e9d44bab7da946775427e94b4888b99530ce9b269b479c1
client/ios/resources/ui/WndBossHall.xml	7168	9b3a64cd9954d1a6493dea3b5c5ba8e733b1576ed55de63c709fa307248ca31e
client/ios/resources/ui/WndBossRoomSetting.xml	7672	3be6b3af42c5b0d14ef6d21dd642aaee4da8804bf3ede92bc75769b750e02007
client/ios/resources/ui/WndBottomBar.xml	46801	49b5b2f2dc3e012cba0c90a84f8402f717d37eee8d67846cce93a12281fe7612
client/ios/resources/ui/WndBottomMenu.xml	23650	ba52164e48b66bcc0c3aac402cdffc099a59a8c56371cd7b6add151c0ce31247
client/ios/resources/ui/WndBuildingInfo.xml	5851	c12cd129b454977605784236b0a7cf8c3b1331c5a2efb3e35988079b971eb1ae
client/ios/resources/ui/WndBuildingUpgrade.xml	9291	3833dc9c0205595deb06ab25810ed519f1124bdaccd36b86ab0e8462ccd7fd23
client/ios/resources/ui/WndBuy.xml	17269	987577e58227d79c5645e0fafecb98e64d1fbf73d8baef691b5c4d0bb54fc4a6
client/ios/resources/ui/WndBuyActivity.xml	21812	b169e2270660acc37dba563b85cd40389f73d1db6329f7db5e2774678a2dda33
client/ios/resources/ui/WndBuyFiveAttention.xml	9343	031ba66b30f948f353c1efddff080e46d98d5927076e53c68b93134316ba13dd
client/ios/resources/ui/WndBuyGoods.xml	4759	f66216c03537d132a7ad09b5613e5a3fa9df878d04cc715370e92b32936bb112
client/ios/resources/ui/WndBuyMultipleItem.xml	12065	742794f4100a6957584b7e33f71faf36c2835e310b368e6e77a3ca6d3619249e
client/ios/resources/ui/WndCard.xml	20370	e29827c327ed618094b5fc966d13319b1c443e55db42245e03201b783d57d8ea
client/ios/resources/ui/WndCardDraw.xml	14290	000b3645bbbd2106a4619cad587d9f947c9936f03dcf293c7da80945594e0432
client/ios/resources/ui/WndCardRewardShow.xml	4223	1c8d9b5b0371454de6070928c8aeac47da02be789b4ddbbed3c8591ff8ce4a48
client/ios/resources/ui/WndChallengeEntrance.xml	10254	e02a489f9752acc7fe4957d3d6109d846990d5041d40b1a846f8e0034fdadfcb
client/ios/resources/ui/WndChallengeLevel.xml	10814	86f8c413b967bc431887f89641e273125918cc25c30a101c6b34b40b2740db42
client/ios/resources/ui/WndChangeAccount.xml	7399	ae814b4c976617167afd1c25cc3111e18b4a9265b8d50f8d1399202d6fee6e46
client/ios/resources/ui/WndChangeSex.xml	5436	ea74b818ea270725e1f68e4a8cd1bd57a27ddba99be4130593c3b2840dd09b88
client/ios/resources/ui/WndCharmSpace.xml	67930	88ab5654930da73302d8d532b2b0059786878e613333e74bc0badd148f34125a
client/ios/resources/ui/WndChat.xml	85906	d6be45f07b3d427a0a51023851cca45910443dc38d086bc203d4153a981d4cb7
client/ios/resources/ui/WndCheckOther.xml	36086	00705b5f465ae0b4e8d1177a4509737f5d43234630aef9ac88a24a9dd514e968
client/ios/resources/ui/WndChoosePet.xml	11871	010de5f65db6624b92ac2b5f4fa4e1a292116c40dced01342025e1ce928e3001
client/ios/resources/ui/WndChooseStockNum.xml	5223	d01fc038d0239069fd2cff83b48a99357595411537e7a574fdbbb7366d277092
client/ios/resources/ui/WndChristmasTree.xml	22422	c8308c58d84d6882ec3d68f502c6f2e00ce2d809a023659b59bc8fb2fb702fa2
client/ios/resources/ui/WndChristmasTreeBag.xml	8850	5e83053394f6580fbb14f38b3c678652951ffd890b8393e16a796637cd580899
client/ios/resources/ui/WndCityBottomBar.xml	74374	3ab8cb1bfae926d79b9f49fe8101ce826a60ab93c2a775da1b12c06c4eda1179
client/ios/resources/ui/WndClownTreasure.xml	46159	f1b5ac510ecb71ea5b4b8387d80c119fb333679458dbe1075bbb0ea03cc31f09
client/ios/resources/ui/WndCollectRewardList.xml	2176	a3f2108a98c461b04f7858496e02c1032e59d661bd46f2d67c3f175e5e6599a9
client/ios/resources/ui/WndComment.xml	7492	d68444db06521551669a27bdb987a4034b53847490404a50fba6ae7d244b3b71
client/ios/resources/ui/WndCommunityAppoint.xml	11210	24672bd21e94c4a50823878af933f2a534a78004514e73cbe0af43791ae4692a
client/ios/resources/ui/WndCommunityBossEnd.xml	3429	7ddbdda71ac86350979c81e17c73ddc5f835569c39e6d1f6936f7dbbc6e4bd4a
client/ios/resources/ui/WndCommunityBossInspire.xml	11405	a32034c242b71acad781ac72f9819cbc66f3a990d98fe663ec25ee77ada2ca0e
client/ios/resources/ui/WndCommunityBossWarRank.xml	4854	5a43eabba6b0a74b17822aaa8b25b072cf05b4ea6eb23874df48dba17e7cb81e
client/ios/resources/ui/WndCommunityBossWin.xml	18306	787fa26bdc5bcb45849c6da1f1d41a144cf256daffa2e71c1bb14873e4680552
client/ios/resources/ui/WndCommunityCheckDonate.xml	12614	81d77f3432d60b040eb07f621467d5243bae8bb68fd2f5fc9e7e9da0e6b22aaf
client/ios/resources/ui/WndCommunityCopyRank.xml	6146	c78cbf13e8cd5086a383329160d067c4b6734d7f3b8fe75f68acf5d7c30e60b6
client/ios/resources/ui/WndCommunityDonate.xml	4212	0cca88ead264ac0d3137e593daea2a8ee3a3d90ecee1e782b0de76e9d901297a
client/ios/resources/ui/WndCommunityHall.xml	15342	6fb408fbaec085241f8b586b7d648e668f4bbc0597b838e566e826b22dca2bb6
client/ios/resources/ui/WndCommunityInfo.xml	9213	eb42279c496ba74c7a5b05e6b3bb414090837f93a24dfed4b74409bd155a42ca
client/ios/resources/ui/WndCommunityLog.xml	8751	b165fee5a5d5158cd5edbc82b2c413d1e3181e3ee0862cabf336752ea69fac77
client/ios/resources/ui/WndCommunityMonthCard.xml	4968	34492780566be77b8a9ef7a847eddcdb5c18fb7feca1a98cbfada1cbe5a35c39
client/ios/resources/ui/WndCommunityPopContent.xml	8011	19101857f4ff4e4a5eabfa5b9fb6c06a344882bbf71b9a62cf0bf7c2a117331a
client/ios/resources/ui/WndCommunityRank.xml	17582	3c0d311959ce8bba1870a6f5014195393b0bed5613b4fc65bfed11b7f27f631c
client/ios/resources/ui/WndCommunityRemove.xml	9574	0a1f621e5a7c89abf58b81717acdb59f31b1b62cf4edf8b206618c1263d043b3
client/ios/resources/ui/WndCommunityShopLog.xml	6156	0a36525e32cddbbdd9c65af6ffc68604ab73f525fe23473ad614798adad1d4df
client/ios/resources/ui/WndCommunityTask.xml	21962	49aa47e95fc953ef819b5bcafe77ce4fef6f7147ee478f890a3cab57281c7d64
client/ios/resources/ui/WndCommunityTaskRelease.xml	16774	d1a7e8f43cfd03f9212641383e34a2321560c7aa79e438a03538985dc48f955c
client/ios/resources/ui/WndCommunityUpgrade.xml	8096	383cb2812c11f9fd79f3d9630a43b95d7ed88a58aeb77243b090925e79ab531e
client/ios/resources/ui/WndCompeteAgent.xml	3616	1bc855bf33802176c27f3de8f881a71871987430a004e4d3db5ad53c4b1f05e2
client/ios/resources/ui/WndCompeteAgentSetting.xml	13001	8181cb942f73e9341b4edffa861a8b7e4b1262f6a4f1f4ca9afb59f2aeb2e601
client/ios/resources/ui/WndCompeteGift.xml	9285	603f9adafc7f6e034fac3417bef519a42656d7b2f39bfd89a917dd1f6ffc705f
client/ios/resources/ui/WndCompeteHistory.xml	10326	ab9023a3c11f46a06e55335430c6ed4740fa79eff95ca9280aeebc17203539f0
client/ios/resources/ui/WndCompeteMember.xml	14819	0fd323ef46ad9ae1a94cd073f4caf443cf6b0c7f20b7bb6b4d5df7593fed6de9
client/ios/resources/ui/WndCompeteTask.xml	2865	63a5537dc1afc7111420afdab6cddec171d8c3c358b65224f29ca7871323ba88
client/ios/resources/ui/WndConfirmBox.xml	5692	ba00bc1c3643660b0f5578ce9e1441f062b5f33d4e331501786efd16e7216f83
client/ios/resources/ui/WndConfirmCancelBox.xml	7335	c47eb3322a515ca5d05be37af16b1f6b5f9a771dadad450bf5d18f7e421d729c
client/ios/resources/ui/WndCopperInfoView.xml	2456	2532af53290997b5cd60509a8226598e9bf62175cfca459935530a0e613ee44e
client/ios/resources/ui/WndCopyEntry.xml	9108	9626d4c30b30bdff1c378dd4241b09cefa2af19561e996ef179f6e8ad88d9fa0
client/ios/resources/ui/WndCopyExpInfoView.xml	4227	c8345ca293606f8075522bfcbf75f97f4809a80ed1f5d87861469f45c9d51567
client/ios/resources/ui/WndCopyFlyInfoView.xml	4576	20982509df41e5dde85c233ced7b41106341bdca831116b468ed724b898f7283
client/ios/resources/ui/WndCopyGuildInfoView.xml	2084	81e250c09534ff18984800f9d58c9ca2e45b8225c71ad9b55cefb540c22775b4
client/ios/resources/ui/WndCopyPetInfoView.xml	3184	6219f269a389515e3dd45d1c1a75973be9068d0e02e2f5a925e4420111b1cc88
client/ios/resources/ui/WndCopySingleInfoView.xml	4787	dc100107ca8dd473ac4a20e16b790aa645406b88a023e735e5cf4b51006b408b
client/ios/resources/ui/WndCopySingleInfoView2.xml	3598	c8e69b285950d4e130987964c6407b5838db7ac24c3c2667d7e1fd422b809d3f
client/ios/resources/ui/WndCopyTeamCDView.xml	1314	21e3718a3991469d7611cb828bf02cd7c932db1f73b49d8c37ccdb63a1cca1e6
client/ios/resources/ui/WndCopyTowerInfoView.xml	2981	3e414252a9536a38289774bdfe10de16f63b6642d9369b041251f8a12d3e5228
client/ios/resources/ui/WndCopyWorldBossInfoView.xml	1582	a468628c0c2fd0231482065003d65f7a2a802eed484396890b40c2d1b0ebef23
client/ios/resources/ui/WndCreateCommunity.xml	6748	da544d9b11c8dc58b67dd93fe6a1d0496abf47c2cc60192f472b19250d5048fd
client/ios/resources/ui/WndCreateFamily.xml	4355	4ff3473729c48367120adb33c98a5142ef3f540e75d4391a9c663735434b836e
client/ios/resources/ui/WndCreateRoom.xml	47072	f35606485fbb2396364984e308b1215267d2491c45179b0e238387aef625b972
client/ios/resources/ui/WndCurrentChat.xml	1633	ba7754de5691780557423d772846c1e312874a8ac49642608520e85cfce3c59e
client/ios/resources/ui/WndDailyCopy.xml	14352	51066fa7276c9321ee3605b6fd2982b11858d6b74b36aff9e5fc2c06044ff76e
client/ios/resources/ui/WndDailyCopySettlement.xml	44966	fc8af29181d0b632621e729d3df38fa16d9bff20e1fffc10036209dc95741eb6
client/ios/resources/ui/WndDesignationMain.xml	16404	0ed364acea4fb5a6823a4ebc8cc543423be63e36756023a01b65ecf857aff6ea
client/ios/resources/ui/WndDevour.xml	22374	dde384863d76be0aa2097634bf3dfc051435b2ae18452ce24a0697f950b9c7d1
client/ios/resources/ui/WndDigGem.xml	16561	a3bd3d8e2efeaa6028ba1de6416ac4cb5a93182c22742f7412bc0289d8671c58
client/ios/resources/ui/WndDismissCommunity.xml	8291	df6ff94f9c154a7471b12c4aa0b5dfafae89a340ac4e74e4d1f4242cd80a6028
client/ios/resources/ui/WndDownLoad.xml	4892	6fb29bdb9480149c32ea9060d00410b84fc3e6f45109fd700effc036597a8bb8
client/ios/resources/ui/WndDownloadReward.xml	2843	d1c26fc45d2c100cd293673e0c4941267b986d687f2248a32c98de2c8673ed52
client/ios/resources/ui/WndDressAttr.xml	17371	67904fe3f44c1d540527aad98037bbdb5a1443e4ca3609cd84d19888a9263f51
client/ios/resources/ui/WndDressList.xml	17288	bc67b6f283dd88c909efae16b2a7a97ab179a339f73d7c7a3f9fd3aa6fd90a95
client/ios/resources/ui/WndDressSuit.xml	3587	a6e0634148874eae12b034514fb4a5b7a4c2afece1ecb64f933e76ca3775359c
client/ios/resources/ui/WndDressUp.xml	6764	a65c062126548a6db844e7630854be8e0a494027b2d6f99e85d45fadcc6146c9
client/ios/resources/ui/WndEditBox.xml	6151	20441b49a53f3ecd22c08bd5fd74bd77016728f0d3e5102e2ab5ec203f87b981
client/ios/resources/ui/WndEnjoyCard.xml	4173	a90fc5fa4e1dc6342e68ebffb1dbdb5f335ab72ab57eb9ab2d18a8382ef33436
client/ios/resources/ui/WndEquip.xml	12461	bdc30bbf455f294214d170f9d77aa599b06192e191dd27208c6040285d80e088
client/ios/resources/ui/WndEquipNew.xml	20894	e61531b97755152289ad5626cfdb4c690d5bd4b8a7bd555ba80ea121c7066c0b
client/ios/resources/ui/WndEquipReward.xml	5556	0168f742f054ecb6028560a44c5255d344b9986cce58ac51f2081cbb05863fee
client/ios/resources/ui/WndEquipRole.xml	16	4a182207eba7f99f15e87dc771862402012b48eabf9ab5656ec289d1ba73d848
client/ios/resources/ui/WndEquipmentLottery.xml	41829	1a3ddf324d818eef0e8b95da21b18c19ef25f33c33ff502f7308421ab9b2dd6b
client/ios/resources/ui/WndExchangeExp.xml	8501	46b59f6e83ebd6f47895da728c21a2ffdf2b73279bb35a70d3ba2ed688d9ce6e
client/ios/resources/ui/WndExistAccount.xml	6607	b9a080dfaf6c3a8e1d535a6a85055043ea71bb64b81d2d6d2b4ebfb5a93121de
client/ios/resources/ui/WndExistAccountLoginTip.xml	5034	e61b3cb5a4570e6784d62791341ae95f2ae224757a463b0f2a3885d3560b6a53
client/ios/resources/ui/WndExplain.xml	6559	7c497e2da3c30014020731158cc8af3e5fb98877f338d1f78732b8718b2fe4e9
client/ios/resources/ui/WndExtraction.xml	56473	602caca0adf845b9c2fe067bae0c55350691904d169488e3145b6491aaf95480
client/ios/resources/ui/WndFamilyOperate.xml	51728	39148439948c768da6308d9390b72835fb6a098bfdf93cc06b68ba4f53ada305
client/ios/resources/ui/WndFamilyProduce.xml	37661	992f10e4b5f6ee00c4c6cddc32ee98092a5174ae2467ed6590253d2d33a0127a
client/ios/resources/ui/WndFamilyProtectLog.xml	3156	e9effb0ad4c313be4ac837ee9f51b43b77e2fd79bc4e0e4e471ca957cf660396
client/ios/resources/ui/WndFamilyRank.xml	15323	4cec1cc9d03bcf1ee1537cf774f14c50d4b7c8ffcb6d011377416c45bc8ce3df
client/ios/resources/ui/WndFamilyShop.xml	9241	602e7348ca73b256ac63fc458a5f149a6577d9cfd6420ec9919a0277f68eb158
client/ios/resources/ui/WndFamilyTrain.xml	10804	0bf32172081ac19cc04c44a7a6e863405a3bbac6551c2b5c0abf4febbde84601
client/ios/resources/ui/WndFastGetItems.xml	7479	cd8a3003d09d2829c4eced9d444fa7e8db7b31c3f0e25875e0457049f5730852
client/ios/resources/ui/WndFastJump.xml	3503	ccb69d57bc64d98b97d3735a167cd2b4b3e2e8f2e9610f54008f0ffce965a149
client/ios/resources/ui/WndFighting.xml	3066	d83b4e3d327ef86a880d41ced7654868b198a07a1a97f5b90858032821bea0f9
client/ios/resources/ui/WndFinalistQualifying.xml	6994	b3a857904b32b04db7b3ccf279c629807f5b42d667fc8620c6f9c52176e36e13
client/ios/resources/ui/WndFindRoom.xml	7071	ad99f49d935e720e97f54fc3b0d7b246f25f50298540cf0476f3a2fc1111c0d2
client/ios/resources/ui/WndFindbackPsw.xml	6013	4aa3b84879aa6b69004e832c1b492d84c08bf6a458f491a12a9bddab9c1bb7fb
client/ios/resources/ui/WndFireworkContainer.xml	268	28d545f3bb3b893336afa94cbc6dcdd46968176d2d95b9b22dd6aac98726d6e5
client/ios/resources/ui/WndFootMark.xml	33378	0a74d4118ec467f2c4e6aaf2506e8d155ba52e66341bd699196de86ed6a4977c
client/ios/resources/ui/WndFootMarkActive.xml	3997	df7fd30c297fed1ac26c3f4ba2fa9ef0e45849c5a9204d5e26e3b790c92664a2
client/ios/resources/ui/WndFootMarkUpgrade.xml	42863	7819943d042aa038e0504dc1f314d19d089e4ef0e8f618c7007aebc9537cf34c
client/ios/resources/ui/WndFootballAct.xml	38221	8a1898aafc1cb2073ee46f848a98817372e933416a7287a3a0acc3a7df68afec
client/ios/resources/ui/WndFootballActivity.xml	19928	89e5b1b31545e2da94bf4893f51cc6a62933ec096269219a1a0f149ef2d1c445
client/ios/resources/ui/WndFootballGuessList.xml	1523	bbac26afcf7ec14cba5f01c911c48096f66d6f873f8b236f3e4932e73d1274a7
client/ios/resources/ui/WndFreeca.xml	5278	fde5d89f92f30425968c7abfd1349d879856d26a201311ee6cb4abf22d4577a3
client/ios/resources/ui/WndFriendGift.xml	4999	957717b4e0c3b88aecba2d38aac9ce0718b743cb95a3297857f45bc1338b2c71
client/ios/resources/ui/WndFriendInviteCode.xml	10067	a8b97674913aff6e79e00c2dc42a0860c39d1b6a82c29a74f282ffdc8c422cf3
client/ios/resources/ui/WndFriendList.xml	10589	e720dfe2300e0331a4bffb07a2e38877325fab71871bb968232f667a99dc9ab5
client/ios/resources/ui/WndFriends.xml	39022	6eceff5c473a80853d787ec9b2b5bebad62e2c70f8731bce5cc7699b34692f79
client/ios/resources/ui/WndFund.xml	6241	96f2da04fb146913b2fef2aab870721b9fff424494df9f84cab132abe547658d
client/ios/resources/ui/WndFyber.xml	6673	718679a91c2293107462c7b3cac8fa04b0fa8947a53dbe0896e984a0335ef235
client/ios/resources/ui/WndGameActivity.xml	5345	8a11f258e15d2dbce2112d1381dd8eed708aeab6f4c789b3eeefa4d40fd57074
client/ios/resources/ui/WndGameAdvise.xml	17870	407f8aac4aef67bef3ae7af4fa0d07918173f3bbb9dde243a4406948c3944d64
client/ios/resources/ui/WndGameGift.xml	5692	b062a6423e7074bb31972549ba7b8037b2708257574d8e39dc21990c882801e3
client/ios/resources/ui/WndGameLanguage.xml	17592	dbcff7ee7818113e5d277b01f6deeef3d5ffc03bc84bd00f50eb7c816065b25c
client/ios/resources/ui/WndGameNotice.xml	4973	c03db44f853be52e1d86dc5d4ecb9ad51741999f1211e0c47ce0cc1544d38f18
client/ios/resources/ui/WndGameRoleSound.xml	6568	9198e1da2f73e1263f71cc8f3c9ccbc3123179ee3770c5da21d70c7e8463a45c
client/ios/resources/ui/WndGameShare.xml	5037	fdb4a56504467558ecee349f18be4e96f205daf39c3113bfc5cf4175be027472
client/ios/resources/ui/WndGameSingIn.xml	9185	24b758baeed9df3d254c4556ea4c9a9ada732b19bc97b47d5b0c076ce4ece774
client/ios/resources/ui/WndGangsterInn.xml	9484	d85beab76b02fd2af8b0535e888f4f65defd168334e2573baef10fc2ce944682
client/ios/resources/ui/WndGangsterInnActivity.xml	5486	a3df7f7eed2cddc9fcf43965d4c817abe9438e5632ebf5209d524dac034af88c
client/ios/resources/ui/WndGangsterInnOwner.xml	1413	45f1c4b34c3e21eb4fee16e930cdc3bace642e8c174214d4122a024615a24d01
client/ios/resources/ui/WndGemAppraise.xml	18964	56c57333cffd2c75c2d36dac21a64e61989a4b6f9b870b4861c00ecfe43e71e1
client/ios/resources/ui/WndGemLibrary.xml	5095	2c1426cec23e706ed74bc6970433552862a333379db02aba987747a0bc779bfe
client/ios/resources/ui/WndGemMountingStrengthen.xml	23348	5dff13c3d4deb132f6838be93f79d7b4ce58b72fd3a13db47f726af90189a500
client/ios/resources/ui/WndGemTool.xml	3355	cbeff7d311f31661bf99fabb1927f743de1bee27a01ce1c480c99be95d897265
client/ios/resources/ui/WndGenericLog.xml	5649	8f429d2774a00fcacb1f027b1f409ad5f88335303924960644c1dea055f7ea84
client/ios/resources/ui/WndGoodsFull.xml	5307	be134485dea3f3b311f830a41170e5b429cbcc6fb8c653c56d2facf93458ed5d
client/ios/resources/ui/WndGradeStrengthen.xml	9809	25cdad4d9fef3c6ab5a57ba30d8ac4e89ea109c6307e0da22776fb719880a81f
client/ios/resources/ui/WndGuest.xml	7574	edb4a47b2dca458e9f6965e8b1c94ce3cf0fa3058e3af7700734d767a204b2cb
client/ios/resources/ui/WndGuildGroupTeam.xml	4347	6a5a0e6f0ef22e999f7a60967a25cfdcb247cb641eeb04c524d9d6e47de86c3c
client/ios/resources/ui/WndHelp.xml	6623	e143acad9b7f9913498af226633366b9d59dc2520b2d68fed12d5d27426b2121
client/ios/resources/ui/WndHeroCDView.xml	1412	ed9880281f0642d111bae9d0868b2a9f31e83e1e6a4ead771141fc33db5dc3f3
client/ios/resources/ui/WndImpeach.xml	5186	7f4e7229d7f811a6a6e4f63bddd73312c1a11f7d2264c1e07c7462fe2f50baea
client/ios/resources/ui/WndImproveStrengthen.xml	22807	420e7140df4eb9e8d15636a94fbb9f1a6f8bdbdf659439f5510f8093f3b6818c
client/ios/resources/ui/WndIntensifyStrengthen.xml	9740	d4a140598fd6d8d93bcdbd0151513ba6c0a10d693d518d4b8c8e360fcdae1ad3
client/ios/resources/ui/WndIntoMerry.xml	5287	89f437ecaa6dbeca5ecc401961c39f474756914fb39e9d9cb432d025538f88c0
client/ios/resources/ui/WndIntroduction.xml	1403	22353f88e4ec29f546e503b945a88ee773b0fd2e8053e5714bdaa991271e123c
client/ios/resources/ui/WndInvited.xml	6703	82236321b8917320e4e0a0e78a9db86af6e030691063f69382dd32b9a3971ca9
client/ios/resources/ui/WndIphonexTest.xml	586	e9c8656d29d4e9d0d0dd9d9b8121e39c684d3921eedea7f3ca331bb92acf0194
client/ios/resources/ui/WndItemInfo.xml	757	7db01ecafff1f6cb735c5e88414d9500446ab5ce5ec7f5925efe3223a8202e94
client/ios/resources/ui/WndKidBorn.xml	12655	ae78d5f2629d1b88a7965d84db42ffb299fb1e9a18177fabd9516cf70c1ed308
client/ios/resources/ui/WndKidDress.xml	15875	af71eca7b49f08a8f3b3e64d9a9b6699b7a890139310a4b4e2597e9b1069fd18
client/ios/resources/ui/WndKidFeed.xml	13657	e9330d29ebd3402138ab521a4dae6d44b9f85001fd77af2f3a446445b9407cb4
client/ios/resources/ui/WndKidManager.xml	17196	b3cf7331f56ee0c039c0161882a9368f11718d9965ba5cb313855176d186073c
client/ios/resources/ui/WndKidOperate.xml	30182	b6d9f5efa559cfe323001dedbca69626451e31b694712f19f728e2d293e93a64
client/ios/resources/ui/WndKidServant.xml	7662	bf412ed850fac64b5a37e1363931751b307a19fa14f97e39becfb97c983b7fbf
client/ios/resources/ui/WndKidShop.xml	1592	099a4fd21cd59dcf7e9aa0fdbb9bbfc019d9e95d3abc998a1aa28ecc7ff60751
client/ios/resources/ui/WndKingEndTip.xml	4813	1b2a4913783d6ab0fd8f466dd5736328f776c098e9c821a9314c4c38a4111b06
client/ios/resources/ui/WndKingFamous.xml	6799	0bf3405e7a1a1584ac6d781faea61ac9db27c032208d84cb031dfc3f49f6aeb1
client/ios/resources/ui/WndKingRank.xml	6780	32dba31d3f10a35270aa4e4fc62c7c32ab6031f1f0dfb05c011b7ca5805bfc03
client/ios/resources/ui/WndKingSettlement.xml	4989	0a37005efa24206348c8418860f336c907514136be1602cbc5ec160c6bbe31ed
client/ios/resources/ui/WndKingShop.xml	2803	360751f8e386892d175c8da600c929cfd61b409e3b1c5c21d0d08699e89892a1
client/ios/resources/ui/WndKingShowAward.xml	4167	4b863dc7e18ba85981b0dc2cc00810d5ad5ee00b51ca288467eb3f1d11bf0224
client/ios/resources/ui/WndLeagueApply.xml	9822	eb203213720d1569e37ce01d86d2a248911e853b1c520ddfc33957bea262da35
client/ios/resources/ui/WndLeagueCreate.xml	11774	452dd03dcfd2f7ef089ba70d5451a84d826547f349d39131849da03dcf0f6596
client/ios/resources/ui/WndLeagueHPR.xml	7094	aa8f8b003209b30bd62096e4729b6d9bf704f241e3eff9e18c3321ee8212dfe9
client/ios/resources/ui/WndLeagueLoading.xml	2657	c53ee6076c484a52a8e7f9a279ab8078237338996eac45b45c919941a185d9f6
client/ios/resources/ui/WndLeagueMatch.xml	62631	b03c43cf2fec903e3388a3024eeb1c2f2a4a2de434bc15c8d4e9b96f54d170e0
client/ios/resources/ui/WndLeagueRecruit.xml	6259	25b70fa34735eb31a9cf6cb175635c2f257ebf6f41916e24ed70a586d32817ed
client/ios/resources/ui/WndLeagueTeamDetail.xml	84880	624e099e7e9672f4cf4fdda51ee736be39761046b8d03d8fd7cb90b03ce2b3db
client/ios/resources/ui/WndLeagueTeamList.xml	5640	b52bea387da35f2d833a090aeb9aca8fe403a658bc783bc3add654140ecbdea5
client/ios/resources/ui/WndLeagueVSInfo.xml	10222	6a2e84bf8c8ce5947a86797ad405bf0d9295944b3bee29987985fe122e02db32
client/ios/resources/ui/WndLeftBox.xml	5301	eda858484534de1e0965d4d8ed14f6c85a19a6f2c4436e57944d74272ae4b890
client/ios/resources/ui/WndLeftMenu.xml	5827	7c3051cce7875d7d6678c196d398bfafc306f51ca70e1e0ff167f75eff63836b
client/ios/resources/ui/WndLibrary.xml	24691	af385c52804e6b0fe5bd996250d15129eb43eaf877c09ef5cb79daa64dd51669
client/ios/resources/ui/WndLoadLuaResources.xml	5104	a898f4fde1d1e9571f70e1e2b83127b3d566038eacf2b9ddc59c69232df60454
client/ios/resources/ui/WndLoadingBox.xml	3891	920038f71b67108d8c0a1b77aec4ed13971739d4581a0ffdaa3d208cc287d6e5
client/ios/resources/ui/WndLoginQueue.xml	3893	6056c108db6063e583e9f2237f97888912adec9b641435e026ec0eed92870d0a
client/ios/resources/ui/WndLoginSelect.xml	89699	03b1afb3a1a0c219cfc124c204bc7998668764578014d1104467eceb173b95e1
client/ios/resources/ui/WndLottery.xml	8165	0bd60ad915c822708b936cba343bd6036ebd9a0b87508f4e4c48361dfd15b270
client/ios/resources/ui/WndLotteryRandomReward.xml	7997	e3e3c7231e47e1e8053302d910bd81f5210112c064efc4524f90fd32ae7c8ef9
client/ios/resources/ui/WndLotteryReward.xml	4493	47c930bfe76653b5ddb1bd0c5072726e07b35a3d7878cd2302bd5a85d2f22b8a
client/ios/resources/ui/WndLoveLottery.xml	15066	1f0ec10ea15a4bc38821cee81c631872a32741bfc8041ad48898a8b8cd38401c
client/ios/resources/ui/WndLovingLevelUpgrade.xml	1907	cba11e99435618566bfeac130815be372ca839bb79c5a2c1c4f3e0903c07bbc7
client/ios/resources/ui/WndLuckyGift.xml	42990	1e1de229cd22b78e6d5c2df73e6f312652ba4c86ffa74f4fd6d46b87a05a3d8d
client/ios/resources/ui/WndMail.xml	55262	8499f400cf43d41c3221e92e0340dfb64e1de5875bc80f81c4f6ae2d4a7d59fb
client/ios/resources/ui/WndMailInfo.xml	12032	b684b9447c42856a36339e574895efcb34d85bda80751c6d31de6536df0edd5b
client/ios/resources/ui/WndMapListSceneCarton.xml	1676	e1f6098e9f1f6ff921becfa77463adbdc3b07b1829490126ec7b8dc45779c67e
client/ios/resources/ui/WndMarry.xml	29434	43fbfbc03fc401876f2301c3f44059922493051b2694eb7242b087cafea3030a
client/ios/resources/ui/WndMarryBetrothed.xml	35925	0cc15962be1f2adced60c894b7b00d1aaf82b058604978951d7db59f844f990f
client/ios/resources/ui/WndMarryFriend.xml	17626	99aa0b8ad1f50191181d99d3243d0ab669bd3581e3123fef8d88740880a8ebf9
client/ios/resources/ui/WndMarryHoll.xml	20012	bf0429b40b6e6e0140a40157e0404e0b0f8b6ed978b4b3b6165145a43d33cfa7
client/ios/resources/ui/WndMarryLetter.xml	15345	6dfa2ba8bdc73536d83c42e29688caf614b177c03578cd6cf23543a26f6c9704
client/ios/resources/ui/WndMarryLetterList.xml	6782	2405bebecd06932cf7e1b2a50a49a0ff62c3ce693de331c8db342971d4e65372
client/ios/resources/ui/WndMarryParty.xml	8005	6e238ffdac72469169fcff512451390d0d067127aa29158517d82cb433fe7830
client/ios/resources/ui/WndMarryTimeSelect.xml	11369	1b952ed876753158ada9f1936121361c8a6bfd5778deb7702da9a084349f55de
client/ios/resources/ui/WndMarryTips.xml	3422	cb36a9025ac343fbc752f532cc38f7c9aeaa83f90eee69b043b95486e53522df
client/ios/resources/ui/WndMarryWeddingAsk.xml	4249	e7a4dbdc8f66d05e9070d7291d79892c911d42a14ce7c6db623b20ee871318f4
client/ios/resources/ui/WndMaster.xml	10632	f22a595e4354b7b27fbf97d3b665e5ea0e2265970077d2d2e720820f95de4682
client/ios/resources/ui/WndMasterHall.xml	7026	2ce7910452c36412eda3e927bef1ef7bfa439cd00fdfdf4b7c589dee92d7fecf
client/ios/resources/ui/WndMasterImpart.xml	7683	1f61b16ac9f7217375e3e8b8ca3005e2ad5b77ecb6ac78993fb7e81066755e8c
client/ios/resources/ui/WndMasterLog.xml	990	87f496fd2026dd05d0055e91dbd0426e7c1931460c2fb255279608f15ef76c89
client/ios/resources/ui/WndMasterMember.xml	6613	d167ee354c1dbc5aa01b35be6d030469e519bb3d6197dda9ac656ab88beb009e
client/ios/resources/ui/WndMasterReward.xml	9582	1d9d2ba0e605b8fd98431b494a2c62bd50de39999503ed1feb19215819db24f4
client/ios/resources/ui/WndMasterTask.xml	1145	01d3d7bc6aead4f877960e6687ca6ffe03b6d155de70ae1e9bad013cefafc5eb
client/ios/resources/ui/WndMasterTip.xml	24613	b74eabca866981bf3c520cc575c86c5a541a99f9c67b6fccc9db79d31bb6cd37
client/ios/resources/ui/WndMatchDeclare.xml	5656	1dd918ddaec523690aedaa91e02ece3c04dad6681cb768f221c2f421edf67044
client/ios/resources/ui/WndMatchmaking.xml	7709	bb77b1112087f7c04f807c62a6bc4491b4da489c65f34448d0615191b8cfa979
client/ios/resources/ui/WndModifyPassword.xml	10593	445c2710cc1f3dd2e25c6e5c6e811fbad563a5b319ef663aa2d272df032881ae
client/ios/resources/ui/WndMonthFighting.xml	9745	b26e2c9155242f42c6f7855b29b41493ac87d45929fd12f9bcedff38b6bd7c55
client/ios/resources/ui/WndMounts.xml	32988	eb23e724af322c683cf5ec7c9f02ccd73b0dd8af1860e9ef776b0917cf4b0d16
client/ios/resources/ui/WndMountsCenter.xml	42239	b6a1bcc262dd143381dc3b7235eb3d3be4ba36ee971d60ecd8c1b9ff2de7f35f
client/ios/resources/ui/WndMsgConfirmBox.xml	7061	de1e4aeddecf1988c8f0c39a20909b3f183e03519a3ef0f033e0fe1ef53a4e21
client/ios/resources/ui/WndMultiCopy.xml	22592	7dfdf8d7a44bf45e09f6062470893e79d987936740be8f6cd00b2bde6d95529f
client/ios/resources/ui/WndMultiLose.xml	6302	250e82e054fc2f514cbe52a2fdb8b46185c66567a798df68bf2e8d85e19b3323
client/ios/resources/ui/WndMultiWin.xml	14883	7667ee655d88c2926f66fc3179add23bcbdcf62d95f55ee004545dc2dd209a7d
client/ios/resources/ui/WndNewActivity.xml	26043	1dfe7aa2f8e320b2df00059daacd930279ae8ed3d34cbb397b99735e524ead30
client/ios/resources/ui/WndOnlineHintFriend.xml	5570	9f38ea46127e38a50677a5fb8219d040cc6d1455ebb6002c39b0be6744f9fd17
client/ios/resources/ui/WndOpenCardBox.xml	8405	359faf7e566af6fbf1e68831e12052c1adfe7dc403ce88aba6eed9789fbb858c
client/ios/resources/ui/WndOpenChest.xml	10941	f04f38ff18226137f02098c1dd119b6068f18c958e819e1f266ea4004e44312d
client/ios/resources/ui/WndOwnCity.xml	30607	401dfda73b807a53de598a91e23171466807911afde99a8371f11541a2735d4b
client/ios/resources/ui/WndParentsCare.xml	9391	80fc42e4c03021ba2a592217e3cf49f28785bf8dba96efa787193aa2f6863d34
client/ios/resources/ui/WndPetFetter.xml	6978	b7a0c5768af94d068f5e98556a46b29b6d3d6ac0f81bb4078ce50d3b041be2b7
client/ios/resources/ui/WndPetGift.xml	13585	bff31dded5d495dea1441db2c50577c1541909d3da33cd377e4abf8dd5af6a24
client/ios/resources/ui/WndPetPhantom.xml	8985	2f6d1fb6b884404d787eb47e0041cc893a7cffa20b82ece9fea699892c4c3d8c
client/ios/resources/ui/WndPetRaffle.xml	59192	03737fcfaaf5a891fdda7d41d75015d27d543c81e804b0d9a0bc86ff269729b0
client/ios/resources/ui/WndPetRecover.xml	9442	6aabf0b33148236c85fa11c4e07dbcbcc449a8e5592a5acd48bba4722db46b74
client/ios/resources/ui/WndPetShow.xml	12457	b7a8844789555f0688255fcbad1e3ffdee0e10bd266f19571801db5d6ed84207
client/ios/resources/ui/WndPetSkillLibrary.xml	2748	0c50a44db4758b14c5e34aa79f61fc0e14bcde76996cf976f26ab47b8ba685f6
client/ios/resources/ui/WndPets.xml	42663	0f2f3f343a2dbc950c52ba89092d5609ce7328fed98d4612e7735242c3322815
client/ios/resources/ui/WndPetsEvolution.xml	40978	82e54e8c36339ebaffd8f3df24a8c19ca1ad1bc7e2a518aee152359cf971519e
client/ios/resources/ui/WndPetsRebirth.xml	20854	24ca5661275e1240e4f8c9dbee4ca2abcfae9a35b41301c63181066029808ea4
client/ios/resources/ui/WndPetsSkill.xml	48638	8abe29baf2d35eacf80a41964905bd2635064edd4b91228a3b865a991855c24c
client/ios/resources/ui/WndPetsUpgrade.xml	47311	012c3f9a8422ad131ce1f9c3550f9acc841a2ac5c961222b0acf7be0b1c47088
client/ios/resources/ui/WndPhantom.xml	45089	cb9f6746aad63075a79117fb3e28a5e4a93f038a07c2ba2cad4fbda8ad070507
client/ios/resources/ui/WndPhantomChest.xml	12621	93cf2208d95c9c43f7fc7c9f47854fc150eccd05dd817fd3b745d28d14810918
client/ios/resources/ui/WndPhantomShow.xml	5505	2a081ec23924fbee5b249e6d18b13e01fc91a5f370cd0d8dc0208d68ac8593eb
client/ios/resources/ui/WndPhantomUse.xml	2640	48b2a079674ae6111d746eb37a7c3df5f864b1cc7f215357b7d597a4f522c7ca
client/ios/resources/ui/WndPlayer.xml	13935	867b17f2c236a9fe51d2b89559bdd9f804ba04bc07bf97e5b8433d620f57548a
client/ios/resources/ui/WndPlayerBack.xml	4765	336ea2ad265e4bd4dd137752cef59bac134ab9c4ecbcea6cc2826b92d89ae833
client/ios/resources/ui/WndPlayerInfo.xml	35889	d15bf8e57f758675bf07c9b171d5ab32d70658d796a90dcee56f96a8faa56036
client/ios/resources/ui/WndPopupMenu.xml	1217	1b8a1a44bd62e8c28befb904ff2167342c99173bd9cc6061f7a8bba1eb225b15
client/ios/resources/ui/WndPractice.xml	61292	61e82b604f9c1fd3c9331a903143b205aabc9500f8f3c0f58dca7b6ec1b41fea
client/ios/resources/ui/WndPromiseShrine.xml	17137	fa485b292e28a3425e5d7dd057dcf98d0968a4711dfe55592e53aa8c4ce46044
client/ios/resources/ui/WndPropertyInfo.xml	25212	f06ec2df3f2748597fb08a46aeb2ed6437e313f7e58db454d52834a288e04cb7
client/ios/resources/ui/WndPurchase.xml	15146	567125f9e03f4d4cfdebfbeb6bd682bc5cf87b081509b5d64edd6e146601e81d
client/ios/resources/ui/WndPvpMatchRank.xml	7980	015f8e043dbd3d14cd5286eecd27a19dec3966d4092ce534f121c7f6ee19c5a0
client/ios/resources/ui/WndPvpRankKing.xml	13352	d055794384641a8bf432ff17d6eb19a80067a753d7761b0310ef3d2d9a440380
client/ios/resources/ui/WndPvpRankList.xml	6315	03d82db0705a8ea70dee7a7a566495447f0598cb9653ea691edc6ecd85a11ad1
client/ios/resources/ui/WndPvpRankLog.xml	3033	2e1396e8bc53828ebe370f9e2b8aaf1a9297292f8a9ea688fa23c5ba60ccb509
client/ios/resources/ui/WndPvpRankLose.xml	14050	ba75e800c6aa70349429e4a0c0cee677f9f9645e7d2cd92908ed02ee9d196bc2
client/ios/resources/ui/WndPvpRankResult.xml	6441	754d222a4f1e59622d201a095a309a0ada0845f7279db86a898d11d7c7663c58
client/ios/resources/ui/WndPvpRankUpgrade.xml	7793	f013e818035892fd71bc2b3dc0dc3a73b7a90901e7459289c27b512e630ed320
client/ios/resources/ui/WndPvpRankWin.xml	16731	e63bdbb7b188913ad7bb7919da9eb3c3f27d24a9a95b875b65cdedb3ddc06ea5
client/ios/resources/ui/WndPvpSegmentReward.xml	2850	26dcdd743d10f09bfd9862d74817ca23340b7238caf3b459badbf75aae304f85
client/ios/resources/ui/WndRankList.xml	20422	4b992612ad9514222bc2f7ccdabd85e2980b0b6278611dcce79277f01bbfda32
client/ios/resources/ui/WndRebate.xml	18278	662384e079bcf7603798c1b81461538d2df8b5ffc5aa7439e447585ba03ce22e
client/ios/resources/ui/WndRecharge.xml	7665	f291f4559814ebd2eacc0411706fd69e05c1c4b5d2aaac6bd6820300e8d07e29
client/ios/resources/ui/WndRechargeAndroid.xml	12022	70eac515759d72270642dab8cde975d21fcb79ae2ae7662277b82783a51a42b7
client/ios/resources/ui/WndRechargeSuccess.xml	9254	d7d11c3c56d2326771b4812a8abd0f7655c8dbc2aa418f2f125968abc3397e8a
client/ios/resources/ui/WndRecruit.xml	8285	6ec86e646ad2178ce6b17794c5938d53fca053112420c69a7e906d73eec3d43e
client/ios/resources/ui/WndRedEnvelopesRain.xml	1861	e33866f0c453f7870c4647fcdb5516f692fbe382a91b827230e8e694caefa1ac
client/ios/resources/ui/WndRegister.xml	19122	f9a293dcd4e81244a5ab1d38e1aec0d63b18f6457fa61e7165d0988316a4e286
client/ios/resources/ui/WndResertConfirm.xml	6486	c0f511c01f9dcd3b70f6195fc1a97c34e78e649af8ddc99175e42af180cbebc9
client/ios/resources/ui/WndResult.xml	691	600c16d5bf4f20746357b1f063b263d3c02ea235eb05f7a715ebc4cc1be41328
client/ios/resources/ui/WndRewardShow.xml	4549	2fd1d43cac92354636bfd8d44ffe605a6d023cc5b333aa61f04c2069aa4ddbcf
client/ios/resources/ui/WndRightMenu.xml	4175	f18a2a862d23dba256297568cb981bd27484ba0386f24a2eaf6941c63542cb5a
client/ios/resources/ui/WndRightMoreMenu.xml	5099	a09966c64f56066053ce0cc1180a5661e59056d7746ddb1507e33dd4905ba0b8
client/ios/resources/ui/WndRoomSetting.xml	8504	f6f3638e87eb38f3852853825fa269104f85dad0dd636885a774ef62a1954cca
client/ios/resources/ui/WndRuneBag.xml	5935	028789d27629ef1668593ebf5c76fa80d66d456a570663969c19bcd90e2c2714
client/ios/resources/ui/WndRuneBook.xml	14848	8a3da26719d0de3842d4859b447d7619e07b0f61c5125f8e0671144c56e2e2cc
client/ios/resources/ui/WndRuneInfo.xml	6538	66f3dd2742ae8a08c6f0a92d03caa07be549009d179e20633a70d77d81d86861
client/ios/resources/ui/WndRuneList.xml	1959	a3d322ff4f40680e568a6a7f353278c11d78c67889fb19435542244173db3a73
client/ios/resources/ui/WndSeckill.xml	9385	886f32dd3de7dc4d80829ef32a22e3a5dc3e6feee7f5f35b330b71830064374b
client/ios/resources/ui/WndSelectMap.xml	5382	43cefcefa2b7e0e437379cd068aa0554be5c63b6419d9dc0668c6e474d6750da
client/ios/resources/ui/WndSelectTipsStrengthen.xml	13597	2f3ebbc207d776e08161d248925c5a0735f787f8d9c0e92cd1a5a6431cfc9e0b
client/ios/resources/ui/WndSell.xml	21474	914c868e6cc264acc22f0d4b4767d85a002e696befed401c198859f86be84004
client/ios/resources/ui/WndSellDes.xml	3069	11a9c99d27699046b02ebed2b3885881dcea79ed77e912981a88b603113a7b95
client/ios/resources/ui/WndSellList.xml	13156	63691c565033c6170383791138032095e3560d261288941f3f212480993ba57a
client/ios/resources/ui/WndSellNum.xml	10511	2cda2bd8312b254821f3ee31b225aeb5686bcc273febdb1ded0ab99e05225ca4
client/ios/resources/ui/WndSellRune.xml	21614	e34a91c82a091f6fe391a60d243af9dc2213cf19c7a63d444d625edfa96105cd
client/ios/resources/ui/WndServersSel.xml	8381	f9dae5ccd5c98ede39c016efeaf4259711aa7f14a0e1318d3641e23df0b2aa4e
client/ios/resources/ui/WndServersSure.xml	1412	edfe642e56b0296912746c9c9ab3e15d6e5b2763b8184672904c19c9b41acf99
client/ios/resources/ui/WndSetEnemyCommunity.xml	15808	2a25f99dc9866c6cb4c39800c56c8d37350e38a530a63a2d36fd1e13d2cbec28
client/ios/resources/ui/WndSetting.xml	54570	d48c1d1f39d5fa1048c92a29169c2978e6a950db89890fe0950b433092779945
client/ios/resources/ui/WndSevenDayActivity.xml	18302	c1eb202eb27f7d34c03bc4c7243d92b838d36298f8a8088fb42878330644b5e7
client/ios/resources/ui/WndShareGame.xml	4262	ed9ebb3e058e6e6011b251bd9d8525dd06b6ea3ac6c60b43ae93ad78f0ffed5c
client/ios/resources/ui/WndShop.xml	64218	90d8d2b1837e6e58301ed307bf0b6deb97672514e8fdf31040c1c5700d46c2f3
client/ios/resources/ui/WndShopGiven.xml	8912	a8e3a303d67e13d203e62f5d0bb302738e2c0ea8ccc82e7eb8982cd1b95d351c
client/ios/resources/ui/WndShopLottery.xml	8629	da6ce8b3652286101840d19fbc1e2406800e53f134598df1a6a1f4bb7782a11e
client/ios/resources/ui/WndShopSubCheck.xml	11000	822e3d8382a893051c294dbfc569346cb90cbff773bbe69106253a15ca68d378
client/ios/resources/ui/WndSingleCopy.xml	16786	e65b85a8b7390a97cb804c2f52b5eeb1b64b32b9d6565dcbbdb3c4d7773f316c
client/ios/resources/ui/WndSingleCopyInfo.xml	46527	d64dcc374cda44b3f52ad7f3da63fe095e7b70559cd9f55eda8a4c55ae2943f0
client/ios/resources/ui/WndSingleCopyMyIsland.xml	4645	d06e54529e47e9a6da330a478dcd58c4effb07feb202fff544d0ee9276e8e2c9
client/ios/resources/ui/WndSingleCopySettlement.xml	38024	b05e0cd221a0a54dea4f1f9eaa7811335eb02f520ef3efa3cd0d0e2be0607a56
client/ios/resources/ui/WndSingleInfo.xml	7774	17f516c66b623e8498f45cb9b32b8247645cb5be41538a9e43b4fececfa0bfee
client/ios/resources/ui/WndSingleMapDesc.xml	10768	5e526cb297eee68ea31dfa13cd1791443c4287e026ca0f93b68b5ed7c8da0991
client/ios/resources/ui/WndSingleSellRune.xml	8754	adfbee2bc8b1ff519392f24de87e0af408049ef96afdf0df5a783ba4e3e5f5eb
client/ios/resources/ui/WndSkillContainer.xml	6497	b7bfe46ffefec60d5a1ca3371bab533f439539685b1f5c39970d8e1be86ad193
client/ios/resources/ui/WndSkillProp.xml	48885	24f4664712839ce476affb2e76558a25ddb9e6b4e950d74225bfb1c0e508a86e
client/ios/resources/ui/WndSkinSkill.xml	14509	2a6012754b56d8f7cb7e5665a4478db0ab3146127fe0d1379a7edd9b37689af7
client/ios/resources/ui/WndSophistic.xml	15646	3beaa55f0f7b2d1728209d92b932867b11cb4d8afbec53ec6a2ee94034a55076
client/ios/resources/ui/WndSophisticStrengthen.xml	8591	67a4fc90c6412f173764ea11d0e9f6257ad4d15fa12c4939e02c6e98d2741652
client/ios/resources/ui/WndSpaceChoose.xml	7330	b289251af6d46251e09d2b35440bd3be1860c4d96cb36c51e1a1887c859e303d
client/ios/resources/ui/WndSpaceDetail.xml	14686	b1d4255fbc89c33ac0ccda849880f8d84a8018bbbeb5cc24447a0ba81c983348
client/ios/resources/ui/WndSpaceMain.xml	28481	d77ec259ed3c2669ca63569691fa27fcb2c7364c761bd325d4126bfec7d54c6f
client/ios/resources/ui/WndSpaceMessage.xml	602	48cb96e00567bfd5ccaa78968fd15c4b950096b90ab492377acd98b3cc2d1a6c
client/ios/resources/ui/WndSpacePhoto.xml	686	46504e1d5f9f835a1849e7bd25087b90cc80071be1f7790f01c843f216825dba
client/ios/resources/ui/WndSpacePutGift.xml	12962	37209db6b3b3df65c605601c25d83c99b015d0886443fba374b3d342f6ee89fa
client/ios/resources/ui/WndSpaceRecord.xml	3195	9ad25b8f3effe0833bd65788c6666721a7bf021b251eb91c99b10878a975b8a2
client/ios/resources/ui/WndSpaceSendFlower.xml	3413	d9688bea842a99061a2ad91113c701998f0ad7d4fcc40c605f75315a11e01857
client/ios/resources/ui/WndSpaceTape.xml	10823	c85ea397c9148915ebe6659ca8e4bf911a3bb01ac425f1c707994235d5085efa
client/ios/resources/ui/WndSpaceUploadConfirm.xml	8809	af13012003b18d1b2f6e2a2c4490f7f96f582d0b247e51b969f4c3c9ec5f4bda
client/ios/resources/ui/WndSpaceView.xml	1235	f9fbcc35a19f362c77eb7ef1dd9b272748b3e5598f2f9a1b9872a9ffaea35ffe
client/ios/resources/ui/WndSpecifyActivity.xml	5340	4a89227d2a6fe8550b96974dce2b64f4128244c1361d4eafb0b0e61dc4267774
client/ios/resources/ui/WndSpreeRewards.xml	3946	2307bc25846f7047f7ac188daf40624268c0a3145b74ccd40782509efdededad
client/ios/resources/ui/WndStarSoul.xml	28413	8d3fc26bf2a16d0e1b45ac01ea026535e13f8b1aa6c32aebec4fb43919fe72b7
client/ios/resources/ui/WndStore.xml	50835	3b16efd88b8288e65127d314b041befe86d78d087605c846c1a06ccc75cd6e83
client/ios/resources/ui/WndStrengthen.xml	35753	929634159c0a7bf1d305c5df3607f3c23aa7028a9d2554f2f7afd062cafe642f
client/ios/resources/ui/WndStrong.xml	20991	8591ded452049797503527b2ea13133c40338ae71be1cac997aeba4de7944a9c
client/ios/resources/ui/WndSuggestion.xml	7204	1e840e88347f96b11dd6ab1c2129d00c00802ad82b4132e82969c7b63a3294c5
client/ios/resources/ui/WndSumVacAct.xml	86920	4043b16cdc482e98ae4200bf65d8ac47b5c4703b7967150174ed2ee1b40d1c16
client/ios/resources/ui/WndSummerReward.xml	33929	da0a8b5cf113e042530a4dc723a0353c65518d662dae084ef5ae8375c71df850
client/ios/resources/ui/WndSummonEntrance.xml	9378	af091d98b027a79893682b9ab1bc0d9670306d2ef9195e4de4fc8c6879cc6b40
client/ios/resources/ui/WndSuona.xml	1293	77aa8ea8611b577485f94e92fae8deb8173ea825ff1f5634d36e3de4fb59f85b
client/ios/resources/ui/WndSuspension.xml	3256	67b4d2a6a02158578d44f029488df90371b6396fc9dde0860339f22e365903b9
client/ios/resources/ui/WndSweep.xml	20576	06b58263134a86401d2d4bcc93ba9c939e11575b6e6d343d70a74b314789b361
client/ios/resources/ui/WndSweepResult.xml	6549	a0bd341ede820353e12e8671d4e2bb7bfbe8773ca280de57dcf48b6f66fc2bde
client/ios/resources/ui/WndSynthesisLeft.xml	20861	537033b9135c3638ad590e2bdd880e179eafbb3e241a4608887fc505fceaacdf
client/ios/resources/ui/WndSynthesisRight.xml	19375	4432569ea04795ecf3674b186b345343973b7a376198c83a58b9186d902c1154
client/ios/resources/ui/WndTabooBoxOpen.xml	15197	eeeec6770991ea03a742eb7d4886b0222349c160620972316da1459b86db88a1
client/ios/resources/ui/WndTask.xml	25193	b494b3a8effc1e6e46d83164a17eb322f304365f1337d3ba31ffb98b91ec414f
client/ios/resources/ui/WndTask1.xml	9610	b3c5f78311eaaf699b3ce462c49f8e9607de5f2d5516eb6b08e41ea49ce16880
client/ios/resources/ui/WndTaskDetail.xml	3953	17621956beb54829da22666967747f14906fe865823f60baea407073a9dd2f9f
client/ios/resources/ui/WndTaskRecharge.xml	4384	01658f386c2b66f341e667ed5fbc1622f172eb7b325519af44ae3b7e57a5afec
client/ios/resources/ui/WndTeachBattleHud.xml	12794	aaebdb8206bff2b0d8f4a622b49345bcace1950748caa740fbdfdf28f155de74
client/ios/resources/ui/WndTeachJumpTalk.xml	5786	b32107b284cad377f6eb848604a2eb01a1bac69cdb76a7d8f743d7a8086af96c
client/ios/resources/ui/WndTeachOpenModule.xml	5302	41c82384a70fc75b475020b1dc534181c4541abc8ee54797915bb49509a77db3
client/ios/resources/ui/WndTeachTalk.xml	8890	4281e0f661b6ecf3fd45610c7f1ba232c1b67b717d4bb7c5f6dd309e51fe93e3
client/ios/resources/ui/WndTeamCopySweep.xml	13695	b80875dc8b7cf092490ce05d30e624357e7124d63c19367e072a44058027e06c
client/ios/resources/ui/WndTeamTips.xml	1140	2a341a7de6071d4258a590eed6d3cbed504655cb9473cff7f5e9eb91608559d1
client/ios/resources/ui/WndThematicTasks.xml	2166	d68fb527841e9a5bb765174b82c6c20c09b064c67bc0f91af374e35e96db416d
client/ios/resources/ui/WndTipBox.xml	1921	042a4eefa317e6dc8a65ec5b380fb1e156b22574d764a694ccaf5a2f655704ee
client/ios/resources/ui/WndTips1.xml	2258	bc77d1625192eba44c51e1fa48def7e11ae83a06072b1af3dce166d5e3561930
client/ios/resources/ui/WndTips10.xml	1973	447b125a050bfffc9b76bcab374264d562f4539c3d9943614a3fe17f795e15b1
client/ios/resources/ui/WndTips11.xml	1591	c290d782ecdadedc6cb03e0b9f40b9cd4d4b0de30a5f3ccb209c9546af296d0c
client/ios/resources/ui/WndTips12.xml	3610	1e0e35d33e888b3c77daa95104900a57d16ad00ead0b75112e0609f66efba256
client/ios/resources/ui/WndTips13.xml	2589	a3f99ce9b0664149e16b495971b415b415e38f79f0188ede8fc3cb9c543b9259
client/ios/resources/ui/WndTips14.xml	3151	c65b068f234b0e4147c94ef74308bdb9e3818c92d88d87f8cef0815038163f9d
client/ios/resources/ui/WndTips15.xml	6342	1888f54f7206bd42d6a48fdfa9e6fd8ad7171632c216e7375da106c7f4600f08
client/ios/resources/ui/WndTips16.xml	7623	c13625a38eef0a04c2ca6d8ce3c594c849549ad19098217626d6e2a2227da255
client/ios/resources/ui/WndTips17.xml	2885	8067947ea6993c1655fe7bfec32a9d182a6ca4c30122987ad5f3f877bbbeadb5
client/ios/resources/ui/WndTips18.xml	4430	cbf05006bbaa2d9adc3373882168ed50f36c4356604cda41203d1b07f12a8acb
client/ios/resources/ui/WndTips19.xml	5882	d5b23ad173c787a6392b2e7d71c2353001f396b1f98aca664916120c26bfce66
client/ios/resources/ui/WndTips2.xml	3574	53b94353124d324af2fcc887d29a23e5b3736646f908afe15b7d31a2ae28fb6b
client/ios/resources/ui/WndTips20.xml	5331	df74bfcdcc8955a75fea2d1bd9c1fb45c78d6c5809746d8b2dab5d675021eef2
client/ios/resources/ui/WndTips21.xml	6560	c77b8df216298fb62f162c8883c6e17d6f286d1701027217276f9712f4747539
client/ios/resources/ui/WndTips22.xml	5124	f7ce8ecabeb14b655d1fde46367f1c2770296256eb1dba703b523f11345800e2
client/ios/resources/ui/WndTips23.xml	7917	53d66d4d1733f6d7c65a857c3d887444669b1aa7fba8fee1bb135064d8bd5a5a
client/ios/resources/ui/WndTips24.xml	9205	41c1a2c794ce964d427eb99a61df5b58b6767410e423ce10220722fb227bd3ff
client/ios/resources/ui/WndTips25.xml	9627	ad5c7b364532f419b2de9a4c12c6068dc09168cb1603f07a07a30767fc77626e
client/ios/resources/ui/WndTips26.xml	4026	322112945e61fa221edc787952e61908c93a60688b95ace8ac8fa4b9f413b66f
client/ios/resources/ui/WndTips27.xml	4544	d10e54acce5bd6e5a9f25aa28b7508e7d24559fe688de64690b15d900291f88f
client/ios/resources/ui/WndTips28.xml	1273	eb7dcf5c45766d7eb3b0d178be93f73a51c7801e2ce6eb796f5700b396ea7e8f
client/ios/resources/ui/WndTips29.xml	6806	b91c2e3c871cbecec8d3372e6d6dd460e05dad0bed19c6db33d5031cee8e9c23
client/ios/resources/ui/WndTips3.xml	5579	5ae443ff1008e89bcc0b1f2ceff6a2af6b796e7c918cc925bb560f31a0136e25
client/ios/resources/ui/WndTips30.xml	705	313be5016dc575f20c05607097ca446a2bfd236ebeeafb02be386cbec069cfb8
client/ios/resources/ui/WndTips32.xml	1355	60dd27bb4aff4eeb90f5b674023ad96b8841d0d5402a81012d5768df2fcfd213
client/ios/resources/ui/WndTips33.xml	5375	a036edd5714c0e5e22e1ca5ccaa6203b640e235378c999ad74d2009c0685d98f
client/ios/resources/ui/WndTips34.xml	3712	8ccd931514c8cf3805ce413492643b2972d518595a56e4f819792e3cdf0413e8
client/ios/resources/ui/WndTips35.xml	5092	4731662c0717659e67340fa39e9375c27eed5dbd80089bc7a93e25f4ec23d0df
client/ios/resources/ui/WndTips36.xml	2704	efcc9cf95980ac49f239cb7577cb3a733446029cd0974f2f2731c5516b905456
client/ios/resources/ui/WndTips37.xml	7332	222d7dbb6ebcdf9f1cab46140f24dab8b4a1ad41cd5c766c74c7c887c06ef81e
client/ios/resources/ui/WndTips38.xml	7843	3f3eba6496c36c49c059ac2d67fd1577c4cd78b8d2d652201587dc65cc1f866e
client/ios/resources/ui/WndTips39.xml	7174	ace83d4e87730a44761cd1fae86f85eb3d51f8449e3db3e5a36839707f58e68c
client/ios/resources/ui/WndTips4.xml	6179	ed2a2e16b874e045781eb7d1ea92afd53041f0c98149fc42c40ca4c771418f72
client/ios/resources/ui/WndTips40.xml	9945	afbaaa0842049d58e7ec9ff9f9c359d2fcdb6f10b4a9eb9bfbd188d389a3e32f
client/ios/resources/ui/WndTips43.xml	7852	e650d0c3cded23f3e8fa4f72546d94174dc899a4abddbb6d0f7e41f28771e7d2
client/ios/resources/ui/WndTips44.xml	5953	2044665b593c869ec40ecea6b8739b63cf19b2990a8bae462a38578fa7a19db5
client/ios/resources/ui/WndTips47.xml	5319	77cf06de740985018ef8604cd07048161226a723cca57389786372f7d8bcac9a
client/ios/resources/ui/WndTips48.xml	6348	0e73591a6712c2eaaf61fb0263eaff3fcf8acf8068fb42689846365eae719003
client/ios/resources/ui/WndTips49.xml	4238	ec9cfef2aa7e364655b3d57d731623b4bd0c82ee0387636ccac7caa69bc8cc13
client/ios/resources/ui/WndTips5.xml	1489	381f283678561f8e9884d8c35d93e9d2803f6a694a4c21fb4e924e511e32756c
client/ios/resources/ui/WndTips50.xml	6557	27c59494a41124db864f227a4d6f3202fcebef29253a09e8e1fbdfca7c5964f5
client/ios/resources/ui/WndTips51.xml	6697	e481893a83a9afaa80e2aedcac150be4bdec4bb5ee5325d7b3b2198cf99114f5
client/ios/resources/ui/WndTips6.xml	3167	65cda10eeb8c34049e94e54865128a69c3268362f55dde7714d312705418d2d3
client/ios/resources/ui/WndTips7.xml	2624	d1167ac71e7b4c227d303df8c65e0993cfda0778b95a439f06365faa6dd7b518
client/ios/resources/ui/WndTips8.xml	3422	02340df3ed77dc2c323a4ab5ccd21df3e280ab39d9c1895246dcead474aadb92
client/ios/resources/ui/WndTips9.xml	2055	339d3e2f13986c96c303843fa99f2ca859119e29d586fa2bcf47f375af36c882
client/ios/resources/ui/WndTowerPreview.xml	7261	8ed5e3048709d55a2cc9c3baea305b9dce6c44b00c45f0f47facebe9cde3ec68
client/ios/resources/ui/WndTowerRank.xml	10219	c22ac39db20f0b27159149212a68f354a654d810c7161138ad66eaacbb0eb52c
client/ios/resources/ui/WndTowerScroll.xml	29929	738aad4407c824a6e869ea9f4a06715e19c49b5c282e2d7946728ad95e9fa153
client/ios/resources/ui/WndTowerSettlement.xml	25191	c4f1d4f6c6d71c34b73388a1891b1177bf6b4dea8594995c54c7796191886d9a
client/ios/resources/ui/WndTowerSweepResult.xml	4702	2b5486244c1e0633af334c979c352b08c6d401bf4b73c7a87d06baba6ce2af2f
client/ios/resources/ui/WndTrain.xml	6904	e05585eff116b5770fadd9f3bc5e8b9e3925061dec57bffb3ce06b9d35288220
client/ios/resources/ui/WndTrainingCamp.xml	10731	130a4f65b66ead1b7ad49f15831c122492338af4503930539abd6c188b1dc271
client/ios/resources/ui/WndTransaction.xml	30714	7d46abd26d12362eece30ef39b8829a760c5f620b99133abd4cd2b92ad5a6b09
client/ios/resources/ui/WndTransactionOperate.xml	21427	cf748fe3b41b12ddf198da4e1786babc320b8600b8636fb0e7f09c6fda5b4ddf
client/ios/resources/ui/WndTransferStrengthen.xml	25483	06bdaa4a108a9ef9a6fefbe1f596b0feac5d6f508c93084f02c222a12a72137b
client/ios/resources/ui/WndTurnTableLottery.xml	8480	0fca87aa94cb492ace583b6241367f54a2c61c1ed83be00aaa3d289226680d98
client/ios/resources/ui/WndUpTaskRewards.xml	6441	1c477606f147e534ac6ec7d9bf5b551d6bed3efdec34485d11db8f6640b0ee95
client/ios/resources/ui/WndUpgrade.xml	13523	0d897f0024d36236feb8f3c4c874dc2da238a1ed92ccf59be9a7e0328247102d
client/ios/resources/ui/WndUpgradeGem.xml	6322	b9eb896a84e7d6c81a226b51041433898581d17ccbb71f768e8ba838ac41379b
client/ios/resources/ui/WndVSRecord.xml	5557	2bfe91cca759df3d83691ca23f7e18c41b0d020884dc03a40fad0157000fd7e8
client/ios/resources/ui/WndVip.xml	37642	b9c6b9102fced8ae8c635734aabff53438adefb91a66a41d42ed38d3188a3b31
client/ios/resources/ui/WndVipChoose.xml	6777	d3b44b1e7027912a8b9754f9ee49c27493ea9082fd884ef2cf71205797599c71
client/ios/resources/ui/WndVipChooseMail.xml	4614	dd87f02496bbce13b9c37cfa2d61d96528a994e2de095fcc73d6f3a5d1bff860
client/ios/resources/ui/WndVipCountry.xml	7991	f8299fcf2d6074e846e78c172de24cc58e6147030ac6a28a2aa48e9480fb7d88
client/ios/resources/ui/WndVipCountryChoose.xml	2819	2d1e44180384238518595733279c33dcc93415b51c99a516060abe2bad622455
client/ios/resources/ui/WndVipGift.xml	9097	40ba03d79dbd7f8425d367faed3942b76824cb601f30fc57282760c1fd9b6e40
client/ios/resources/ui/WndVipUp.xml	721	ff218de43118bbb4e2e3888ff502055af88ef830e97123fc34854348e02f6185
client/ios/resources/ui/WndVipWeb.xml	6608	4ece19f640a2a12df0b1c05c358627244f821ac8d569f0deabfb92e28257f819
client/ios/resources/ui/WndWakeup.xml	5513	208b577fcc38880f4fe1eb8d58f3c27f0089191b63d21e84635a7b97e1a2f040
client/ios/resources/ui/WndWakeupcoinJump.xml	4741	43953cbf982a0c612affc158894bd9593511165c9cbef348a296407166b2c6e5
client/ios/resources/ui/WndWeChat.xml	6370	a6c78757458b95bed76b6fe0de860dfb065f29dfb7380e0320527c783053a9e1
client/ios/resources/ui/WndWeChatShare.xml	2942	c51582c68d9d9c4a7809e1d1dabb71bbdeffd85bdffd8dd93c16c257d316da04
client/ios/resources/ui/WndWeddingDetails.xml	16408	f34ecb63de64f1b2f2d4a9c78af320b448edf0b4b032fa78ff2b75ea6a519855
client/ios/resources/ui/WndWeekCard.xml	4961	5d695aa7922af4037b712db52ffbb47f64f65a0925ec6de66b984bbfac39b72c
client/ios/resources/ui/WndWelfare.xml	5276	d2485085c26358e8e7f5403390b9bc7dd5fba64653b136596164615e62fde2d9
client/ios/resources/ui/WndWelfareCard.xml	4197	720cb052a73dde99057a15167c2272d58e0f8db8ab66f318d8a74b6a2abf46c4
client/ios/resources/ui/WndWorldBoss.xml	8609	672180236c8cd0e0aed2397cee7dc280de0cb9395a5921f05688b56e812d7130
client/ios/resources/ui/WndWorldBossEnd.xml	3617	30719868af558fa9de084008c993645f8e179a137623c150191c69681717c39d
client/ios/resources/ui/WndWorldBossEndReward.xml	26423	7d72a6394f7edc238e526efc3f8e0abe498a463492866e8494b24f3c0aa6090b
client/ios/resources/ui/WndWorldBossRankReward.xml	4661	65c5d32a119a2bcca1d3f28a42ba8e7241b56c428abf0b7f73d19b55e552c2b2
client/ios/resources/ui/WndWorldBossRule.xml	2973	5d52ac4ea8705d68d02467252face052fac9b63085ff6492637caf03a007d23c
client/ios/resources/ui/WndWorldTeamBossEnd.xml	26185	a0f4e35677bad8d010b4ec21a9f1f163e04241996f67ac187be1bed80d66a466
client/ios/resources/ui/WndWorldTeamBossInfoView.xml	2352	60d7183173fb66bb4da99b934b63cf071dcb997e93e70b667978b58d82607bea
client/ios/resources/ui/Wnddyeing.xml	16895	3c39e8e966e03bbb23dd068407626fe030c951fc441b447f5e00b68e98898262
client/ios/resources/ui/Wndwardrobe.xml	14320	2a0259b74e1388eee1ae347e9330ad96bd5807c5dfbdc7323323e49a2cb36b1f
client/ios/resources/ui/boss8snowEffect.xml	2594	aad55ac4b41bf0f00dcd113108829e3c168ecfee7bc1b4c3873f3663198ad67e
client/ios/resources/ui/levelUp.xml	5325	b4bf6b0282840d9326f5c3d33b368a501f5567a95655357dfc94e69abdd7c933
client/ios/resources/ui/menghuanqiuhun.xml	6748	e9e8c20887df1ee9aa8ad050a9ae8d4cf1cc76384ec8336bb927f93df2cb4dda
client/ios/resources/ui/qiuhun01.xml	551	10487cc27dc24d0df1f818aa95e2238896bc3e9672932832ddbee097d587145e
client/ios/resources/ui/qiuhun02.xml	534	7f546021e60cd36ea43f66724f30032b0899b06e33b1d83cafd5424e0cb2c153
client/ios/resources/ui/qiuhun03.xml	536	97274f7c8de5937130a26273e9a6eb336f07538cf6797ad7a9e2da770886906c
client/ios/resources/ui/qiuhun04.xml	486	0df9e48e2f72773ce7452b4da0663c23ce042c39e4b009cbca3ab4f0b85d4c81
client/ios/resources/ui/qiuhun05.xml	821	ffdaad7a963f5835f4a5c0654a332d1d32f254b183ad897fa4438a6e87216a13
client/ios/resources/ui/qiuhun06.xml	1286	dfc289e400801321d7cf8a6d0c707506c0ca6f0ad9844f36adeb74fb50675c7e
client/ios/resources/ui/qiuhun07.xml	469	1d7e2c9ab6aaeb2921437e051b4190c7e95d8aea581150d5b1a20b02e58c4817
client/ios/resources/ui/qiuhun08.xml	469	688a25b187f6efde44de0378ebcad43a01443ad1dccdc069a2783bfada9eb6d7
client/ios/resources/ui/qiuhun09.xml	928	b7bfc4e16facf8304905dc97f4355bbeb53f642e116eb0781904bd5ba4e90ccf
client/ios/resources/ui/redEnvelope01.xml	1066	2a52f4d21dd153596d3302352b87177527fb06ae1e9c6432037357c9e524e78d
client/ios/resources/ui/redEnvelope02.xml	565	91703096208b94e89a50126a75ad125261505de0540970aabd1f8186fa3ea430
client/ios/resources/ui/redEnvelope03.xml	737	bb9019f0bc61a4cb799c07e9941e269d7c4d262d98f89525c4a1212a67ea7526
client/ios/resources/ui/redEnvelope04.xml	763	aa94a32584bd9e3f2081457860ecc6a92050964bc70b3723b0dc3131fca8773b
client/ios/resources/ui/redEnvelope05.xml	829	3cd8b463f351933c3ce609d386d573fe35b411f132a1060d825d68b86e34180c
client/ios/resources/ui/splash.xml	7576	5ac019592a23b8b1df9dfbe53be59809d6e9e291c990368abcc5e11dfefd416e
client/ios/resources/ui/splashStudio.xml	942	3823d7f78bc3d9dc60f674978e2e10bfe84fe72ed387cc44a94b54dc45ce8379
client/ios/resources/ui/test.xml	1271	dc47edc1cbdd1426e0d83bd13d921d6f47ef8e9525fce9ae5458b481927c31e2
client/ios/resources/ui/weaponspecialattackeffect.xml	3666	0201ccbf8140a4649c8d587ec5204ce20eb83e496c79f3c21e138d6561d0bdc9
client/ios/resources_vn/dat/LocalData.dat	1466666	8aee9f971280874d8ea150fc9649d9ccd52b555f22384a4e7ffe1b9925b342ac
client/ios/resources_vn/dat/LocalData2.dat	5256619	7d0d522b0c6a297b7fc272bc78cd0827e7f2ec86d65fd14e1807be34cad004d3
client/ios/resources_vn/dat/LocalData2_dny.dat	3042185	b32324e58249cd4def9b7a15bdd517328091d64a258cbec1fcab25b3fcfcc874
client/ios/resources_vn/dat/LocalData3.dat	3277231	13c2189a938b0dd8db125921e2006716bd3c984ee614a04023ef2240a32e1b23
client/ios/resources_vn/dat/LocalData3_dny.dat	1552948	82d727cbb40e93ea4c0353c9d8aa761299025c23c86d94bf2c55df86044018fb
client/ios/resources_vn/dat/LocalData4.dat	119714	040d1b05a57c6bb05a466f09da85bdf12dce73e7cd48ba43601f7308bece0fc6
client/ios/resources_vn/dat/LocalData_dny.dat	1773442	1ce287d7f6ebeedbde9848453fff023017812b2d3ad572f7aa90ab47c182a24c
client/ios/resources_vn/dat/LocalStrings.dat	561230	b5c58cf414d1af4e2a6bc3444c956fcfee0b02f0ab02c7750492a25ab257103f
client/ios/resources_vn/dat/LocalStrings_dny.dat	364333	bcade0ffbee0dd8019b327360c8dc1b242b35c4e6093044f941ea5d41dc3529a
client/ios/resources_vn/dat/ddd_bw.data	8555	baba7e9e65f93abaea24bc8798f6502c175451e6c9aced2c75eb04145eb0619c
client/ios/resources_vn/dat/global/ChatKeyWords.dat	1176050	1e40850f375dc27836cbfc4aaa8c53b987d0148288fb56108dde17f551286abe
client/ios/resources_vn/dat/global/SoundDefin.dat	16332	abd3b622e6c8fb3a61f18b422fc0a03cdb35f79fb318b6ec56559dd288d25b27
client/ios/resources_vn/dat/global/SoundDefine.dat	9893	fae781da3922d89e246c0774f33a81219a5574d5455a7de5f3690d625a871fd2
